{"event": "Watching for file changes with StatReloader", "timestamp": "2026-07-29T16:31:01.115000Z", "level": "info", "logger": "django.utils.autoreload"}
{"event": "\"GET /static-data/ HTTP/1.1\" 200 909456", "timestamp": "2026-07-29T16:31:07.243845Z", "level": "info", "logger": "django.server"}
{"event": "\"GET //ensure-csrf/?_=1785342667239 HTTP/1.1\" 200 97", "timestamp": "2026-07-29T16:31:07.244415Z", "level": "info", "logger": "django.server"}
{"event": "\"OPTIONS /get-conventions/ HTTP/1.1\" 200 0", "timestamp": "2026-07-29T16:31:07.284009Z", "level": "info", "logger": "django.server"}
{"event": "\"POST /get-conventions/ HTTP/1.1\" 200 423", "timestamp": "2026-07-29T16:31:07.287500Z", "level": "info", "logger": "django.server"}
{"event": "\"OPTIONS /conventions-selected/ HTTP/1.1\" 200 0", "timestamp": "2026-07-29T16:31:08.888680Z", "level": "info", "logger": "django.server"}
{"event": "\"POST /conventions-selected/ HTTP/1.1\" 200 2773", "timestamp": "2026-07-29T16:31:08.893932Z", "level": "info", "logger": "django.server"}
{"event": "/home/jeff/projects/bridge/bidding-conventions-api/src/bidding_conventions/hand.py changed, reloading.", "timestamp": "2026-07-29T16:34:20.165232Z", "level": "info", "logger": "django.utils.autoreload"}
{"event": "Watching for file changes with StatReloader", "timestamp": "2026-07-29T16:34:20.413326Z", "level": "info", "logger": "django.utils.autoreload"}
{"event": "/home/jeff/projects/bridge/bidding-conventions-api/src/bidding_conventions/hand.py changed, reloading.", "timestamp": "2026-07-29T16:35:44.101680Z", "level": "info", "logger": "django.utils.autoreload"}
{"event": "Watching for file changes with StatReloader", "timestamp": "2026-07-29T16:35:44.341243Z", "level": "info", "logger": "django.utils.autoreload"}
{"event": "/home/jeff/projects/bridge/bidding-conventions-api/src/bidding_conventions/hand.py changed, reloading.", "timestamp": "2026-07-29T16:38:04.214774Z", "level": "info", "logger": "django.utils.autoreload"}
{"event": "Watching for file changes with StatReloader", "timestamp": "2026-07-29T16:38:04.462787Z", "level": "info", "logger": "django.utils.autoreload"}
{"event": "/home/jeff/projects/bridge/bidding-conventions-api/src/bidding_conventions/five_card_majors/opener.py changed, reloading.", "timestamp": "2026-07-29T16:38:58.053224Z", "level": "info", "logger": "django.utils.autoreload"}
{"event": "Watching for file changes with StatReloader", "timestamp": "2026-07-29T16:38:58.290723Z", "level": "info", "logger": "django.utils.autoreload"}
{"event": "\"GET /static-data/ HTTP/1.1\" 200 909456", "timestamp": "2026-07-29T16:39:00.735593Z", "level": "info", "logger": "django.server"}
{"event": "\"GET //ensure-csrf/?_=1785343140732 HTTP/1.1\" 200 97", "timestamp": "2026-07-29T16:39:00.737862Z", "level": "info", "logger": "django.server"}
{"event": "\"OPTIONS /get-conventions/ HTTP/1.1\" 200 0", "timestamp": "2026-07-29T16:39:00.764423Z", "level": "info", "logger": "django.server"}
{"event": "\"POST /get-conventions/ HTTP/1.1\" 200 423", "timestamp": "2026-07-29T16:39:00.772405Z", "level": "info", "logger": "django.server"}
{"event": "\"OPTIONS /conventions-selected/ HTTP/1.1\" 200 0", "timestamp": "2026-07-29T16:39:02.264039Z", "level": "info", "logger": "django.server"}
{"event": "\"POST /conventions-selected/ HTTP/1.1\" 200 2730", "timestamp": "2026-07-29T16:39:02.269613Z", "level": "info", "logger": "django.server"}
{"event": "\"OPTIONS /conventions-selected/ HTTP/1.1\" 200 0", "timestamp": "2026-07-29T16:39:04.344953Z", "level": "info", "logger": "django.server"}
{"event": "\"POST /conventions-selected/ HTTP/1.1\" 200 2774", "timestamp": "2026-07-29T16:39:04.349139Z", "level": "info", "logger": "django.server"}
{"event": "\"OPTIONS /conventions-selected/ HTTP/1.1\" 200 0", "timestamp": "2026-07-29T16:39:04.991542Z", "level": "info", "logger": "django.server"}
{"event": "\"POST /conventions-selected/ HTTP/1.1\" 200 2773", "timestamp": "2026-07-29T16:39:04.994566Z", "level": "info", "logger": "django.server"}
{"event": "\"OPTIONS /conventions-selected/ HTTP/1.1\" 200 0", "timestamp": "2026-07-30T06:39:10.020418Z", "level": "info", "logger": "django.server"}
{"event": "\"POST /conventions-selected/ HTTP/1.1\" 200 2773", "timestamp": "2026-07-30T06:39:10.024745Z", "level": "info", "logger": "django.server"}
{"event": "\"OPTIONS /conventions-selected/ HTTP/1.1\" 200 0", "timestamp": "2026-07-30T06:39:11.888868Z", "level": "info", "logger": "django.server"}
{"event": "\"POST /conventions-selected/ HTTP/1.1\" 200 2773", "timestamp": "2026-07-30T06:39:11.893890Z", "level": "info", "logger": "django.server"}
{"event": "\"OPTIONS /conventions-selected/ HTTP/1.1\" 200 0", "timestamp": "2026-07-30T06:39:56.901514Z", "level": "info", "logger": "django.server"}
{"event": "\"POST /conventions-selected/ HTTP/1.1\" 200 2773", "timestamp": "2026-07-30T06:39:56.906333Z", "level": "info", "logger": "django.server"}
{"event": "/home/jeff/projects/bridge/bidding-conventions-api/src/bidding_conventions/hand.py changed, reloading.", "timestamp": "2026-07-30T06:44:32.084375Z", "level": "info", "logger": "django.utils.autoreload"}
{"event": "Watching for file changes with StatReloader", "timestamp": "2026-07-30T06:44:32.311333Z", "level": "info", "logger": "django.utils.autoreload"}
{"event": "/home/jeff/projects/bridge/bidding-conventions-api/src/bidding_conventions/hand.py changed, reloading.", "timestamp": "2026-07-30T06:52:37.249055Z", "level": "info", "logger": "django.utils.autoreload"}
{"event": "Watching for file changes with StatReloader", "timestamp": "2026-07-30T06:52:37.476829Z", "level": "info", "logger": "django.utils.autoreload"}
{"event": "/home/jeff/projects/bridge/bidding-conventions-api/src/bidding_conventions/five_card_majors/opener.py changed, reloading.", "timestamp": "2026-07-30T06:53:54.066684Z", "level": "info", "logger": "django.utils.autoreload"}
{"event": "Watching for file changes with StatReloader", "timestamp": "2026-07-30T06:53:54.283189Z", "level": "info", "logger": "django.utils.autoreload"}
{"event": "/home/jeff/projects/bridge/bidding-conventions-api/src/bidding_conventions/hand.py changed, reloading.", "timestamp": "2026-07-30T06:55:31.999358Z", "level": "info", "logger": "django.utils.autoreload"}
{"event": "Watching for file changes with StatReloader", "timestamp": "2026-07-30T06:55:32.231089Z", "level": "info", "logger": "django.utils.autoreload"}
{"event": "\"OPTIONS /conventions-selected/ HTTP/1.1\" 200 0", "timestamp": "2026-07-30T06:55:40.562089Z", "level": "info", "logger": "django.server"}
{"event": "Internal Server Error: /conventions-selected/", "exc_info": ["<class 'TypeError'>", "TypeError('Object of type Card is not JSON serializable')", "<traceback object at 0x7f0f36022740>"], "timestamp": "2026-07-30T06:55:40.579312Z", "level": "error", "logger": "django.request"}
{"event": "\"POST /conventions-selected/ HTTP/1.1\" 500 150052", "timestamp": "2026-07-30T06:55:40.580818Z", "level": "error", "logger": "django.server"}
{"event": "/home/jeff/projects/bridge/bidding-conventions-api/src/bidding_conventions/hand.py changed, reloading.", "timestamp": "2026-07-30T06:57:11.998059Z", "level": "info", "logger": "django.utils.autoreload"}
{"event": "Watching for file changes with StatReloader", "timestamp": "2026-07-30T06:57:12.221537Z", "level": "info", "logger": "django.utils.autoreload"}
{"event": "\"OPTIONS /conventions-selected/ HTTP/1.1\" 200 0", "timestamp": "2026-07-30T06:57:15.837088Z", "level": "info", "logger": "django.server"}
{"event": "Internal Server Error: /conventions-selected/", "exc_info": ["<class 'TypeError'>", "TypeError('Object of type Card is not JSON serializable')", "<traceback object at 0x7f0df4b3f340>"], "timestamp": "2026-07-30T06:57:15.858545Z", "level": "error", "logger": "django.request"}
{"event": "\"POST /conventions-selected/ HTTP/1.1\" 500 150047", "timestamp": "2026-07-30T06:57:15.859930Z", "level": "error", "logger": "django.server"}
{"event": "/home/jeff/projects/bridge/bidding-conventions-api/src/bidding_conventions/hand.py changed, reloading.", "timestamp": "2026-07-30T06:58:37.936001Z", "level": "info", "logger": "django.utils.autoreload"}
{"event": "Watching for file changes with StatReloader", "timestamp": "2026-07-30T06:58:38.162487Z", "level": "info", "logger": "django.utils.autoreload"}
{"event": "\"OPTIONS /conventions-selected/ HTTP/1.1\" 200 0", "timestamp": "2026-07-30T06:58:40.454020Z", "level": "info", "logger": "django.server"}
{"event": "Internal Server Error: /conventions-selected/", "exc_info": ["<class 'TypeError'>", "TypeError('Object of type Card is not JSON serializable')", "<traceback object at 0x7fb4133bd940>"], "timestamp": "2026-07-30T06:58:40.474096Z", "level": "error", "logger": "django.request"}
{"event": "\"POST /conventions-selected/ HTTP/1.1\" 500 150052", "timestamp": "2026-07-30T06:58:40.475478Z", "level": "error", "logger": "django.server"}
{"event": "/home/jeff/projects/bridge/bidding-conventions-api/src/bidding_conventions/hand.py changed, reloading.", "timestamp": "2026-07-30T06:59:56.868695Z", "level": "info", "logger": "django.utils.autoreload"}
{"event": "Watching for file changes with StatReloader", "timestamp": "2026-07-30T06:59:57.125119Z", "level": "info", "logger": "django.utils.autoreload"}
{"event": "/home/jeff/projects/bridge/bidding-conventions-api/src/bidding_conventions/hand.py changed, reloading.", "timestamp": "2026-07-30T07:00:14.593323Z", "level": "info", "logger": "django.utils.autoreload"}
{"event": "Watching for file changes with StatReloader", "timestamp": "2026-07-30T07:00:14.818385Z", "level": "info", "logger": "django.utils.autoreload"}
{"event": "/home/jeff/projects/bridge/bidding-conventions-api/src/bidding_conventions/hand.py changed, reloading.", "timestamp": "2026-07-30T07:00:29.249637Z", "level": "info", "logger": "django.utils.autoreload"}
{"event": "Watching for file changes with StatReloader", "timestamp": "2026-07-30T07:00:29.470578Z", "level": "info", "logger": "django.utils.autoreload"}
{"event": "Watching for file changes with StatReloader", "timestamp": "2026-07-30T07:00:41.062361Z", "level": "info", "logger": "django.utils.autoreload"}
{"event": "\"OPTIONS /conventions-selected/ HTTP/1.1\" 200 0", "timestamp": "2026-07-30T07:00:45.495487Z", "level": "info", "logger": "django.server"}
{"event": "Internal Server Error: /conventions-selected/", "exc_info": ["<class 'TypeError'>", "TypeError('Object of type Card is not JSON serializable')", "<traceback object at 0x7f5ad2385ec0>"], "timestamp": "2026-07-30T07:00:45.514687Z", "level": "error", "logger": "django.request"}
{"event": "\"POST /conventions-selected/ HTTP/1.1\" 500 150052", "timestamp": "2026-07-30T07:00:45.516013Z", "level": "error", "logger": "django.server"}
{"event": "/home/jeff/projects/bridge/bidding-conventions-api/src/bidding_conventions/five_card_majors/opener.py changed, reloading.", "timestamp": "2026-07-30T07:03:46.058670Z", "level": "info", "logger": "django.utils.autoreload"}
{"event": "Watching for file changes with StatReloader", "timestamp": "2026-07-30T07:03:46.276286Z", "level": "info", "logger": "django.utils.autoreload"}
{"event": "\"OPTIONS /conventions-selected/ HTTP/1.1\" 200 0", "timestamp": "2026-07-30T07:03:49.113733Z", "level": "info", "logger": "django.server"}
{"event": "Internal Server Error: /conventions-selected/", "exc_info": ["<class 'AttributeError'>", "AttributeError(\"'Hand' object has no attribute '_hand_cards'\")", "<traceback object at 0x7f9f308bb380>"], "timestamp": "2026-07-30T07:03:49.128940Z", "level": "error", "logger": "django.request"}
{"event": "\"POST /conventions-selected/ HTTP/1.1\" 500 111888", "timestamp": "2026-07-30T07:03:49.130201Z", "level": "error", "logger": "django.server"}
{"event": "/home/jeff/projects/bridge/bidding-conventions-api/src/bidding_conventions/hand.py changed, reloading.", "timestamp": "2026-07-30T07:04:21.830506Z", "level": "info", "logger": "django.utils.autoreload"}
{"event": "Watching for file changes with StatReloader", "timestamp": "2026-07-30T07:04:22.057181Z", "level": "info", "logger": "django.utils.autoreload"}
{"event": "\"OPTIONS /conventions-selected/ HTTP/1.1\" 200 0", "timestamp": "2026-07-30T07:04:24.228980Z", "level": "info", "logger": "django.server"}
{"event": "Internal Server Error: /conventions-selected/", "exc_info": ["<class 'AttributeError'>", "AttributeError(\"'Hand' object has no attribute '_hand_cards'\")", "<traceback object at 0x7f84ed639140>"], "timestamp": "2026-07-30T07:04:24.247131Z", "level": "error", "logger": "django.request"}
{"event": "\"POST /conventions-selected/ HTTP/1.1\" 500 111898", "timestamp": "2026-07-30T07:04:24.248504Z", "level": "error", "logger": "django.server"}
{"event": "/home/jeff/projects/bridge/bidding-conventions-api/src/bidding_conventions/hand.py changed, reloading.", "timestamp": "2026-07-30T07:05:55.823354Z", "level": "info", "logger": "django.utils.autoreload"}
{"event": "Watching for file changes with StatReloader", "timestamp": "2026-07-30T07:05:56.069000Z", "level": "info", "logger": "django.utils.autoreload"}
{"event": "\"OPTIONS /conventions-selected/ HTTP/1.1\" 200 0", "timestamp": "2026-07-30T07:05:57.254877Z", "level": "info", "logger": "django.server"}
{"event": "\"POST /conventions-selected/ HTTP/1.1\" 200 2730", "timestamp": "2026-07-30T07:05:57.261256Z", "level": "info", "logger": "django.server"}
{"event": "\"OPTIONS /conventions-selected/ HTTP/1.1\" 200 0", "timestamp": "2026-07-30T07:06:00.971378Z", "level": "info", "logger": "django.server"}
{"event": "\"POST /conventions-selected/ HTTP/1.1\" 200 2773", "timestamp": "2026-07-30T07:06:00.975004Z", "level": "info", "logger": "django.server"}
{"event": "\"OPTIONS /conventions-selected/ HTTP/1.1\" 200 0", "timestamp": "2026-07-30T07:06:01.857531Z", "level": "info", "logger": "django.server"}
{"event": "\"POST /conventions-selected/ HTTP/1.1\" 200 2773", "timestamp": "2026-07-30T07:06:01.860899Z", "level": "info", "logger": "django.server"}
{"event": "\"OPTIONS /conventions-selected/ HTTP/1.1\" 200 0", "timestamp": "2026-07-30T07:06:02.492124Z", "level": "info", "logger": "django.server"}
{"event": "\"POST /conventions-selected/ HTTP/1.1\" 200 2773", "timestamp": "2026-07-30T07:06:02.495854Z", "level": "info", "logger": "django.server"}
{"event": "/home/jeff/projects/bridge/bidding-conventions-api/src/bidding_conventions/hand.py changed, reloading.", "timestamp": "2026-07-30T07:08:40.030599Z", "level": "info", "logger": "django.utils.autoreload"}
{"event": "Watching for file changes with StatReloader", "timestamp": "2026-07-30T07:08:40.276302Z", "level": "info", "logger": "django.utils.autoreload"}
{"event": "/home/jeff/projects/bridge/bidding-conventions-api/src/bidding_conventions/five_card_majors/opener.py changed, reloading.", "timestamp": "2026-07-30T07:08:58.781860Z", "level": "info", "logger": "django.utils.autoreload"}
{"event": "Watching for file changes with StatReloader", "timestamp": "2026-07-30T07:08:59.002362Z", "level": "info", "logger": "django.utils.autoreload"}
{"event": "\"OPTIONS /conventions-selected/ HTTP/1.1\" 200 0", "timestamp": "2026-07-30T07:09:00.304810Z", "level": "info", "logger": "django.server"}
{"event": "\"POST /conventions-selected/ HTTP/1.1\" 200 2773", "timestamp": "2026-07-30T07:09:00.311756Z", "level": "info", "logger": "django.server"}
{"event": "\"OPTIONS /conventions-selected/ HTTP/1.1\" 200 0", "timestamp": "2026-07-30T07:09:01.578112Z", "level": "info", "logger": "django.server"}
{"event": "\"POST /conventions-selected/ HTTP/1.1\" 200 2773", "timestamp": "2026-07-30T07:09:01.583358Z", "level": "info", "logger": "django.server"}
{"event": "\"OPTIONS /conventions-selected/ HTTP/1.1\" 200 0", "timestamp": "2026-07-30T07:09:02.300862Z", "level": "info", "logger": "django.server"}
{"event": "\"POST /conventions-selected/ HTTP/1.1\" 200 2728", "timestamp": "2026-07-30T07:09:02.306531Z", "level": "info", "logger": "django.server"}
{"event": "\"OPTIONS /conventions-selected/ HTTP/1.1\" 200 0", "timestamp": "2026-07-30T07:09:02.742625Z", "level": "info", "logger": "django.server"}
{"event": "\"POST /conventions-selected/ HTTP/1.1\" 200 2773", "timestamp": "2026-07-30T07:09:02.746258Z", "level": "info", "logger": "django.server"}
{"event": "\"OPTIONS /conventions-selected/ HTTP/1.1\" 200 0", "timestamp": "2026-07-30T07:09:02.913798Z", "level": "info", "logger": "django.server"}
{"event": "\"POST /conventions-selected/ HTTP/1.1\" 200 2773", "timestamp": "2026-07-30T07:09:02.917474Z", "level": "info", "logger": "django.server"}
{"event": "\"OPTIONS /conventions-selected/ HTTP/1.1\" 200 0", "timestamp": "2026-07-30T07:09:03.115866Z", "level": "info", "logger": "django.server"}
{"event": "\"POST /conventions-selected/ HTTP/1.1\" 200 2773", "timestamp": "2026-07-30T07:09:03.119988Z", "level": "info", "logger": "django.server"}
{"event": "\"OPTIONS /conventions-selected/ HTTP/1.1\" 200 0", "timestamp": "2026-07-30T07:09:03.284483Z", "level": "info", "logger": "django.server"}
{"event": "\"POST /conventions-selected/ HTTP/1.1\" 200 2773", "timestamp": "2026-07-30T07:09:03.288236Z", "level": "info", "logger": "django.server"}
{"event": "\"OPTIONS /conventions-selected/ HTTP/1.1\" 200 0", "timestamp": "2026-07-30T07:09:03.465848Z", "level": "info", "logger": "django.server"}
{"event": "\"POST /conventions-selected/ HTTP/1.1\" 200 2773", "timestamp": "2026-07-30T07:09:03.469680Z", "level": "info", "logger": "django.server"}
{"event": "/home/jeff/projects/bridge/bidding-conventions-api/src/bidding_conventions/five_card_majors/opener.py changed, reloading.", "timestamp": "2026-07-30T07:09:31.530963Z", "level": "info", "logger": "django.utils.autoreload"}
{"event": "Watching for file changes with StatReloader", "timestamp": "2026-07-30T07:09:31.777603Z", "level": "info", "logger": "django.utils.autoreload"}
{"event": "/home/jeff/projects/bridge/bidding-conventions-api/src/bidding_conventions/hand.py changed, reloading.", "timestamp": "2026-07-30T07:10:10.326858Z", "level": "info", "logger": "django.utils.autoreload"}
{"event": "Watching for file changes with StatReloader", "timestamp": "2026-07-30T07:10:10.571247Z", "level": "info", "logger": "django.utils.autoreload"}
{"event": "/home/jeff/projects/bridge/bidding-conventions-api/src/bidding_conventions/hand.py changed, reloading.", "timestamp": "2026-07-30T07:10:43.110126Z", "level": "info", "logger": "django.utils.autoreload"}
{"event": "Watching for file changes with StatReloader", "timestamp": "2026-07-30T07:10:43.347071Z", "level": "info", "logger": "django.utils.autoreload"}
{"event": "/home/jeff/projects/bridge/bidding-conventions-api/src/bidding_conventions/hand.py changed, reloading.", "timestamp": "2026-07-30T07:11:12.936301Z", "level": "info", "logger": "django.utils.autoreload"}
{"event": "Watching for file changes with StatReloader", "timestamp": "2026-07-30T07:11:13.177323Z", "level": "info", "logger": "django.utils.autoreload"}
{"event": "\"OPTIONS /conventions-selected/ HTTP/1.1\" 200 0", "timestamp": "2026-07-30T07:11:14.638526Z", "level": "info", "logger": "django.server"}
{"event": "\"POST /conventions-selected/ HTTP/1.1\" 200 2773", "timestamp": "2026-07-30T07:11:14.644977Z", "level": "info", "logger": "django.server"}
{"event": "\"OPTIONS /conventions-selected/ HTTP/1.1\" 200 0", "timestamp": "2026-07-30T07:11:15.462295Z", "level": "info", "logger": "django.server"}
{"event": "\"POST /conventions-selected/ HTTP/1.1\" 200 2773", "timestamp": "2026-07-30T07:11:15.465688Z", "level": "info", "logger": "django.server"}
{"event": "\"OPTIONS /conventions-selected/ HTTP/1.1\" 200 0", "timestamp": "2026-07-30T07:11:16.251913Z", "level": "info", "logger": "django.server"}
{"event": "\"POST /conventions-selected/ HTTP/1.1\" 200 2774", "timestamp": "2026-07-30T07:11:16.255721Z", "level": "info", "logger": "django.server"}
{"event": "\"OPTIONS /conventions-selected/ HTTP/1.1\" 200 0", "timestamp": "2026-07-30T07:11:16.820002Z", "level": "info", "logger": "django.server"}
{"event": "\"POST /conventions-selected/ HTTP/1.1\" 200 2774", "timestamp": "2026-07-30T07:11:16.823861Z", "level": "info", "logger": "django.server"}
{"event": "\"OPTIONS /conventions-selected/ HTTP/1.1\" 200 0", "timestamp": "2026-07-30T07:11:17.414065Z", "level": "info", "logger": "django.server"}
{"event": "\"POST /conventions-selected/ HTTP/1.1\" 200 2774", "timestamp": "2026-07-30T07:11:17.417885Z", "level": "info", "logger": "django.server"}
{"event": "\"OPTIONS /conventions-selected/ HTTP/1.1\" 200 0", "timestamp": "2026-07-30T07:11:17.952209Z", "level": "info", "logger": "django.server"}
{"event": "\"POST /conventions-selected/ HTTP/1.1\" 200 2773", "timestamp": "2026-07-30T07:11:17.955935Z", "level": "info", "logger": "django.server"}
{"event": "\"OPTIONS /conventions-selected/ HTTP/1.1\" 200 0", "timestamp": "2026-07-30T07:11:18.490087Z", "level": "info", "logger": "django.server"}
{"event": "\"POST /conventions-selected/ HTTP/1.1\" 200 2773", "timestamp": "2026-07-30T07:11:18.493793Z", "level": "info", "logger": "django.server"}
{"event": "\"OPTIONS /conventions-selected/ HTTP/1.1\" 200 0", "timestamp": "2026-07-30T07:11:18.677735Z", "level": "info", "logger": "django.server"}
{"event": "\"POST /conventions-selected/ HTTP/1.1\" 200 2774", "timestamp": "2026-07-30T07:11:18.681729Z", "level": "info", "logger": "django.server"}
{"event": "\"OPTIONS /conventions-selected/ HTTP/1.1\" 200 0", "timestamp": "2026-07-30T07:11:18.843153Z", "level": "info", "logger": "django.server"}
{"event": "\"POST /conventions-selected/ HTTP/1.1\" 200 2773", "timestamp": "2026-07-30T07:11:18.848245Z", "level": "info", "logger": "django.server"}
{"event": "/home/jeff/projects/bridge/bidding-conventions-api/src/bidding_conventions/five_card_majors/opener.py changed, reloading.", "timestamp": "2026-07-30T07:12:19.849824Z", "level": "info", "logger": "django.utils.autoreload"}
{"event": "Watching for file changes with StatReloader", "timestamp": "2026-07-30T07:12:20.077526Z", "level": "info", "logger": "django.utils.autoreload"}
{"event": "\"GET /static-data/ HTTP/1.1\" 200 909456", "timestamp": "2026-07-30T07:13:25.719011Z", "level": "info", "logger": "django.server"}
{"event": "\"GET //ensure-csrf/?_=1785395605710 HTTP/1.1\" 200 97", "timestamp": "2026-07-30T07:13:25.720705Z", "level": "info", "logger": "django.server"}
{"event": "\"OPTIONS /get-conventions/ HTTP/1.1\" 200 0", "timestamp": "2026-07-30T07:13:25.727529Z", "level": "info", "logger": "django.server"}
{"event": "\"POST /get-conventions/ HTTP/1.1\" 200 423", "timestamp": "2026-07-30T07:13:25.730993Z", "level": "info", "logger": "django.server"}
{"event": "\"OPTIONS /get-conventions/ HTTP/1.1\" 200 0", "timestamp": "2026-07-30T07:13:57.241077Z", "level": "info", "logger": "django.server"}
{"event": "\"GET /static-data/ HTTP/1.1\" 200 909456", "timestamp": "2026-07-30T07:13:57.241229Z", "level": "info", "logger": "django.server"}
{"event": "\"POST /get-conventions/ HTTP/1.1\" 200 423", "timestamp": "2026-07-30T07:13:57.246001Z", "level": "info", "logger": "django.server"}
{"event": "\"OPTIONS /get-conventions/ HTTP/1.1\" 200 0", "timestamp": "2026-07-30T07:14:17.694661Z", "level": "info", "logger": "django.server"}
{"event": "\"GET /static-data/ HTTP/1.1\" 200 909456", "timestamp": "2026-07-30T07:14:17.694943Z", "level": "info", "logger": "django.server"}
{"event": "\"POST /get-conventions/ HTTP/1.1\" 200 423", "timestamp": "2026-07-30T07:14:17.711373Z", "level": "info", "logger": "django.server"}
{"event": "\"OPTIONS /conventions-selected/ HTTP/1.1\" 200 0", "timestamp": "2026-07-30T07:18:45.575184Z", "level": "info", "logger": "django.server"}
{"event": "Internal Server Error: /conventions-selected/", "exc_info": ["<class 'TypeError'>", "TypeError(\"Question.__init__() got an unexpected keyword argument 'vulnerability'\")", "<traceback object at 0x7f6c306ab700>"], "timestamp": "2026-07-30T07:18:45.592268Z", "level": "error", "logger": "django.request"}
{"event": "\"POST /conventions-selected/ HTTP/1.1\" 500 108224", "timestamp": "2026-07-30T07:18:45.593480Z", "level": "error", "logger": "django.server"}
{"event": "\"GET /static-data/ HTTP/1.1\" 200 909456", "timestamp": "2026-07-30T07:19:03.152694Z", "level": "info", "logger": "django.server"}
{"event": "\"GET //ensure-csrf/?_=1785395943151 HTTP/1.1\" 200 97", "timestamp": "2026-07-30T07:19:03.170570Z", "level": "info", "logger": "django.server"}
{"event": "\"OPTIONS /get-conventions/ HTTP/1.1\" 200 0", "timestamp": "2026-07-30T07:19:03.217789Z", "level": "info", "logger": "django.server"}
{"event": "\"POST /get-conventions/ HTTP/1.1\" 200 423", "timestamp": "2026-07-30T07:19:03.220199Z", "level": "info", "logger": "django.server"}
{"event": "\"OPTIONS /conventions-selected/ HTTP/1.1\" 200 0", "timestamp": "2026-07-30T07:19:05.202015Z", "level": "info", "logger": "django.server"}
{"event": "Internal Server Error: /conventions-selected/", "exc_info": ["<class 'TypeError'>", "TypeError(\"Question.__init__() got an unexpected keyword argument 'vulnerability'\")", "<traceback object at 0x7f6c2ffe0dc0>"], "timestamp": "2026-07-30T07:19:05.223098Z", "level": "error", "logger": "django.request"}
{"event": "\"POST /conventions-selected/ HTTP/1.1\" 500 108224", "timestamp": "2026-07-30T07:19:05.224641Z", "level": "error", "logger": "django.server"}
{"event": "/home/jeff/projects/bridge/bidding-conventions-api/src/bidding_conventions/five_card_majors/opener.py changed, reloading.", "timestamp": "2026-07-30T07:20:58.113953Z", "level": "info", "logger": "django.utils.autoreload"}
{"event": "Watching for file changes with StatReloader", "timestamp": "2026-07-30T07:20:58.337814Z", "level": "info", "logger": "django.utils.autoreload"}
{"event": "/home/jeff/projects/bridge/bidding-conventions-api/src/bidding_conventions/hand.py changed, reloading.", "timestamp": "2026-07-30T07:22:55.128141Z", "level": "info", "logger": "django.utils.autoreload"}
{"event": "Watching for file changes with StatReloader", "timestamp": "2026-07-30T07:22:55.363697Z", "level": "info", "logger": "django.utils.autoreload"}
{"event": "/home/jeff/projects/bridge/bidding-conventions-api/src/bidding_conventions/hand.py changed, reloading.", "timestamp": "2026-07-30T07:23:57.904834Z", "level": "info", "logger": "django.utils.autoreload"}
{"event": "Watching for file changes with StatReloader", "timestamp": "2026-07-30T07:23:58.127347Z", "level": "info", "logger": "django.utils.autoreload"}
{"event": "\"OPTIONS /conventions-selected/ HTTP/1.1\" 200 0", "timestamp": "2026-07-30T07:24:00.481189Z", "level": "info", "logger": "django.server"}
{"event": "Internal Server Error: /conventions-selected/", "exc_info": ["<class 'TypeError'>", "TypeError(\"Question.__init__() got an unexpected keyword argument 'vulnerability'\")", "<traceback object at 0x7f5c55d37040>"], "timestamp": "2026-07-30T07:24:00.496675Z", "level": "error", "logger": "django.request"}
{"event": "\"POST /conventions-selected/ HTTP/1.1\" 500 108224", "timestamp": "2026-07-30T07:24:00.497894Z", "level": "error", "logger": "django.server"}
{"event": "/home/jeff/projects/bridge/bidding-conventions-api/src/bidding_conventions/question.py changed, reloading.", "timestamp": "2026-07-30T07:24:37.698505Z", "level": "info", "logger": "django.utils.autoreload"}
{"event": "Watching for file changes with StatReloader", "timestamp": "2026-07-30T07:24:37.955440Z", "level": "info", "logger": "django.utils.autoreload"}
{"event": "\"OPTIONS /conventions-selected/ HTTP/1.1\" 200 0", "timestamp": "2026-07-30T07:24:43.472977Z", "level": "info", "logger": "django.server"}
{"event": "\"POST /conventions-selected/ HTTP/1.1\" 200 2773", "timestamp": "2026-07-30T07:24:43.478007Z", "level": "info", "logger": "django.server"}
{"event": "\"OPTIONS /conventions-selected/ HTTP/1.1\" 200 0", "timestamp": "2026-07-30T07:24:46.608890Z", "level": "info", "logger": "django.server"}
{"event": "\"POST /conventions-selected/ HTTP/1.1\" 200 2773", "timestamp": "2026-07-30T07:24:46.612504Z", "level": "info", "logger": "django.server"}
{"event": "\"OPTIONS /conventions-selected/ HTTP/1.1\" 200 0", "timestamp": "2026-07-30T07:24:47.993915Z", "level": "info", "logger": "django.server"}
{"event": "\"POST /conventions-selected/ HTTP/1.1\" 200 2774", "timestamp": "2026-07-30T07:24:47.997357Z", "level": "info", "logger": "django.server"}
{"event": "\"OPTIONS /conventions-selected/ HTTP/1.1\" 200 0", "timestamp": "2026-07-30T07:24:48.424057Z", "level": "info", "logger": "django.server"}
{"event": "\"POST /conventions-selected/ HTTP/1.1\" 200 2774", "timestamp": "2026-07-30T07:24:48.429694Z", "level": "info", "logger": "django.server"}
{"event": "\"OPTIONS /conventions-selected/ HTTP/1.1\" 200 0", "timestamp": "2026-07-30T07:24:48.626153Z", "level": "info", "logger": "django.server"}
{"event": "\"POST /conventions-selected/ HTTP/1.1\" 200 2774", "timestamp": "2026-07-30T07:24:48.630064Z", "level": "info", "logger": "django.server"}
{"event": "\"OPTIONS /conventions-selected/ HTTP/1.1\" 200 0", "timestamp": "2026-07-30T07:24:48.824438Z", "level": "info", "logger": "django.server"}
{"event": "\"POST /conventions-selected/ HTTP/1.1\" 200 2773", "timestamp": "2026-07-30T07:24:48.830776Z", "level": "info", "logger": "django.server"}
{"event": "\"OPTIONS /conventions-selected/ HTTP/1.1\" 200 0", "timestamp": "2026-07-30T07:26:07.444178Z", "level": "info", "logger": "django.server"}
{"event": "\"POST /conventions-selected/ HTTP/1.1\" 200 2774", "timestamp": "2026-07-30T07:26:07.450623Z", "level": "info", "logger": "django.server"}
{"event": "/home/jeff/projects/bridge/bidding-conventions-api/src/bidding_conventions/hand.py changed, reloading.", "timestamp": "2026-07-30T07:26:07.738712Z", "level": "info", "logger": "django.utils.autoreload"}
{"event": "Watching for file changes with StatReloader", "timestamp": "2026-07-30T07:26:07.980239Z", "level": "info", "logger": "django.utils.autoreload"}
{"event": "\"OPTIONS /conventions-selected/ HTTP/1.1\" 200 0", "timestamp": "2026-07-30T07:26:15.027006Z", "level": "info", "logger": "django.server"}
{"event": "\"POST /conventions-selected/ HTTP/1.1\" 200 2773", "timestamp": "2026-07-30T07:26:15.033081Z", "level": "info", "logger": "django.server"}
{"event": "\"OPTIONS /conventions-selected/ HTTP/1.1\" 200 0", "timestamp": "2026-07-30T07:26:16.532770Z", "level": "info", "logger": "django.server"}
{"event": "\"POST /conventions-selected/ HTTP/1.1\" 200 2773", "timestamp": "2026-07-30T07:26:16.540440Z", "level": "info", "logger": "django.server"}
{"event": "/home/jeff/projects/bridge/bidding-conventions-api/src/bidding_conventions/five_card_majors/opener.py changed, reloading.", "timestamp": "2026-07-30T07:27:57.752430Z", "level": "info", "logger": "django.utils.autoreload"}
{"event": "Watching for file changes with StatReloader", "timestamp": "2026-07-30T07:27:58.027804Z", "level": "info", "logger": "django.utils.autoreload"}
{"event": "\"GET /static-data/ HTTP/1.1\" 200 909456", "timestamp": "2026-07-30T07:32:52.529225Z", "level": "info", "logger": "django.server"}
{"event": "\"GET //ensure-csrf/?_=1785396772520 HTTP/1.1\" 200 97", "timestamp": "2026-07-30T07:32:52.529497Z", "level": "info", "logger": "django.server"}
{"event": "\"OPTIONS /get-conventions/ HTTP/1.1\" 200 0", "timestamp": "2026-07-30T07:32:52.535937Z", "level": "info", "logger": "django.server"}
{"event": "\"POST /get-conventions/ HTTP/1.1\" 200 423", "timestamp": "2026-07-30T07:32:52.538805Z", "level": "info", "logger": "django.server"}
{"event": "\"GET /static-data/ HTTP/1.1\" 200 909456", "timestamp": "2026-07-30T07:32:59.834063Z", "level": "info", "logger": "django.server"}
{"event": "\"GET //ensure-csrf/?_=1785396779832 HTTP/1.1\" 200 97", "timestamp": "2026-07-30T07:32:59.837217Z", "level": "info", "logger": "django.server"}
{"event": "\"OPTIONS /get-conventions/ HTTP/1.1\" 200 0", "timestamp": "2026-07-30T07:32:59.870621Z", "level": "info", "logger": "django.server"}
{"event": "\"POST /get-conventions/ HTTP/1.1\" 200 423", "timestamp": "2026-07-30T07:32:59.874051Z", "level": "info", "logger": "django.server"}
{"event": "\"OPTIONS /conventions-selected/ HTTP/1.1\" 200 0", "timestamp": "2026-07-30T07:33:01.323348Z", "level": "info", "logger": "django.server"}
{"event": "\"POST /conventions-selected/ HTTP/1.1\" 200 2773", "timestamp": "2026-07-30T07:33:01.327393Z", "level": "info", "logger": "django.server"}
{"event": "\"GET /static-data/ HTTP/1.1\" 200 909456", "timestamp": "2026-07-30T07:36:25.085667Z", "level": "info", "logger": "django.server"}
{"event": "\"GET //ensure-csrf/?_=1785396985083 HTTP/1.1\" 200 97", "timestamp": "2026-07-30T07:36:25.107058Z", "level": "info", "logger": "django.server"}
{"event": "\"OPTIONS /get-conventions/ HTTP/1.1\" 200 0", "timestamp": "2026-07-30T07:36:25.155567Z", "level": "info", "logger": "django.server"}
{"event": "\"POST /get-conventions/ HTTP/1.1\" 200 423", "timestamp": "2026-07-30T07:36:25.161027Z", "level": "info", "logger": "django.server"}
{"event": "\"OPTIONS /conventions-selected/ HTTP/1.1\" 200 0", "timestamp": "2026-07-30T07:36:26.861944Z", "level": "info", "logger": "django.server"}
{"event": "\"POST /conventions-selected/ HTTP/1.1\" 200 2773", "timestamp": "2026-07-30T07:36:26.866404Z", "level": "info", "logger": "django.server"}
{"event": "\"GET /static-data/ HTTP/1.1\" 200 909456", "timestamp": "2026-07-30T07:36:48.096012Z", "level": "info", "logger": "django.server"}
{"event": "\"GET //ensure-csrf/?_=1785397008096 HTTP/1.1\" 200 97", "timestamp": "2026-07-30T07:36:48.100264Z", "level": "info", "logger": "django.server"}
{"event": "\"OPTIONS /get-conventions/ HTTP/1.1\" 200 0", "timestamp": "2026-07-30T07:36:48.117818Z", "level": "info", "logger": "django.server"}
{"event": "\"POST /get-conventions/ HTTP/1.1\" 200 423", "timestamp": "2026-07-30T07:36:48.122611Z", "level": "info", "logger": "django.server"}
{"event": "\"OPTIONS /conventions-selected/ HTTP/1.1\" 200 0", "timestamp": "2026-07-30T07:36:49.812469Z", "level": "info", "logger": "django.server"}
{"event": "\"POST /conventions-selected/ HTTP/1.1\" 200 2773", "timestamp": "2026-07-30T07:36:49.817570Z", "level": "info", "logger": "django.server"}
{"event": "Watching for file changes with StatReloader", "timestamp": "2026-07-30T07:39:53.539995Z", "level": "info", "logger": "django.utils.autoreload"}
{"event": "Watching for file changes with StatReloader", "timestamp": "2026-07-30T07:41:59.004853Z", "level": "info", "logger": "django.utils.autoreload"}
{"event": "Watching for file changes with StatReloader", "timestamp": "2026-07-30T07:45:58.763309Z", "level": "info", "logger": "django.utils.autoreload"}
{"event": "\"GET /static-data/ HTTP/1.1\" 200 909456", "timestamp": "2026-07-30T07:46:03.829974Z", "level": "info", "logger": "django.server"}
{"event": "\"GET //ensure-csrf/?_=1785397563825 HTTP/1.1\" 200 97", "timestamp": "2026-07-30T07:46:03.830654Z", "level": "info", "logger": "django.server"}
{"event": "\"OPTIONS /get-conventions/ HTTP/1.1\" 200 0", "timestamp": "2026-07-30T07:46:03.860953Z", "level": "info", "logger": "django.server"}
{"event": "\"POST /get-conventions/ HTTP/1.1\" 200 423", "timestamp": "2026-07-30T07:46:03.864357Z", "level": "info", "logger": "django.server"}
{"event": "\"OPTIONS /conventions-selected/ HTTP/1.1\" 200 0", "timestamp": "2026-07-30T07:46:15.821542Z", "level": "info", "logger": "django.server"}
{"event": "\"POST /conventions-selected/ HTTP/1.1\" 200 2773", "timestamp": "2026-07-30T07:46:15.827105Z", "level": "info", "logger": "django.server"}
{"event": "\"GET /static-data/ HTTP/1.1\" 200 909456", "timestamp": "2026-07-30T07:47:47.135341Z", "level": "info", "logger": "django.server"}
{"event": "\"GET //ensure-csrf/?_=1785397667135 HTTP/1.1\" 200 97", "timestamp": "2026-07-30T07:47:47.140692Z", "level": "info", "logger": "django.server"}
{"event": "\"OPTIONS /get-conventions/ HTTP/1.1\" 200 0", "timestamp": "2026-07-30T07:47:47.173023Z", "level": "info", "logger": "django.server"}
{"event": "\"POST /get-conventions/ HTTP/1.1\" 200 423", "timestamp": "2026-07-30T07:47:47.176921Z", "level": "info", "logger": "django.server"}
{"event": "\"OPTIONS /conventions-selected/ HTTP/1.1\" 200 0", "timestamp": "2026-07-30T07:47:51.741089Z", "level": "info", "logger": "django.server"}
{"event": "\"POST /conventions-selected/ HTTP/1.1\" 200 2773", "timestamp": "2026-07-30T07:47:51.745461Z", "level": "info", "logger": "django.server"}
{"event": "\"OPTIONS /conventions-selected/ HTTP/1.1\" 200 0", "timestamp": "2026-07-30T07:48:26.921717Z", "level": "info", "logger": "django.server"}
{"event": "\"POST /conventions-selected/ HTTP/1.1\" 200 2773", "timestamp": "2026-07-30T07:48:26.926821Z", "level": "info", "logger": "django.server"}
{"event": "\"OPTIONS /conventions-selected/ HTTP/1.1\" 200 0", "timestamp": "2026-07-30T07:48:27.273099Z", "level": "info", "logger": "django.server"}
{"event": "\"POST /conventions-selected/ HTTP/1.1\" 200 2774", "timestamp": "2026-07-30T07:48:27.276780Z", "level": "info", "logger": "django.server"}
{"event": "\"OPTIONS /conventions-selected/ HTTP/1.1\" 200 0", "timestamp": "2026-07-30T07:48:27.484169Z", "level": "info", "logger": "django.server"}
{"event": "\"POST /conventions-selected/ HTTP/1.1\" 200 2773", "timestamp": "2026-07-30T07:48:27.488288Z", "level": "info", "logger": "django.server"}
{"event": "\"GET /static-data/ HTTP/1.1\" 200 909456", "timestamp": "2026-07-30T07:48:57.939954Z", "level": "info", "logger": "django.server"}
{"event": "\"GET //ensure-csrf/?_=1785397737939 HTTP/1.1\" 200 97", "timestamp": "2026-07-30T07:48:57.944389Z", "level": "info", "logger": "django.server"}
{"event": "\"OPTIONS /get-conventions/ HTTP/1.1\" 200 0", "timestamp": "2026-07-30T07:48:57.977986Z", "level": "info", "logger": "django.server"}
{"event": "\"POST /get-conventions/ HTTP/1.1\" 200 423", "timestamp": "2026-07-30T07:48:57.985484Z", "level": "info", "logger": "django.server"}
{"event": "\"GET /static-data/ HTTP/1.1\" 200 909456", "timestamp": "2026-07-30T07:49:05.046701Z", "level": "info", "logger": "django.server"}
{"event": "\"GET //ensure-csrf/?_=1785397745045 HTTP/1.1\" 200 97", "timestamp": "2026-07-30T07:49:05.049639Z", "level": "info", "logger": "django.server"}
{"event": "\"GET /static-data/ HTTP/1.1\" 200 909456", "timestamp": "2026-07-30T07:49:05.084980Z", "level": "info", "logger": "django.server"}
{"event": "\"GET //ensure-csrf/?_=1785397745075 HTTP/1.1\" 200 97", "timestamp": "2026-07-30T07:49:05.086752Z", "level": "info", "logger": "django.server"}
{"event": "\"OPTIONS /get-conventions/ HTTP/1.1\" 200 0", "timestamp": "2026-07-30T07:49:05.090634Z", "level": "info", "logger": "django.server"}
{"event": "\"POST /get-conventions/ HTTP/1.1\" 200 423", "timestamp": "2026-07-30T07:49:05.094722Z", "level": "info", "logger": "django.server"}
{"event": "\"OPTIONS /get-conventions/ HTTP/1.1\" 200 0", "timestamp": "2026-07-30T07:49:05.135782Z", "level": "info", "logger": "django.server"}
{"event": "\"POST /get-conventions/ HTTP/1.1\" 200 423", "timestamp": "2026-07-30T07:49:05.139305Z", "level": "info", "logger": "django.server"}
{"event": "\"OPTIONS /conventions-selected/ HTTP/1.1\" 200 0", "timestamp": "2026-07-30T08:17:27.602845Z", "level": "info", "logger": "django.server"}
{"event": "\"POST /conventions-selected/ HTTP/1.1\" 200 2728", "timestamp": "2026-07-30T08:17:27.608256Z", "level": "info", "logger": "django.server"}
{"event": "\"OPTIONS /conventions-selected/ HTTP/1.1\" 200 0", "timestamp": "2026-07-30T08:22:58.476542Z", "level": "info", "logger": "django.server"}
{"event": "\"POST /conventions-selected/ HTTP/1.1\" 200 2773", "timestamp": "2026-07-30T08:22:58.484647Z", "level": "info", "logger": "django.server"}
{"event": "\"GET /static-data/ HTTP/1.1\" 200 909456", "timestamp": "2026-07-30T08:24:42.774269Z", "level": "info", "logger": "django.server"}
{"event": "\"GET //ensure-csrf/?_=1785399882778 HTTP/1.1\" 200 97", "timestamp": "2026-07-30T08:24:42.787227Z", "level": "info", "logger": "django.server"}
{"event": "\"OPTIONS /get-conventions/ HTTP/1.1\" 200 0", "timestamp": "2026-07-30T08:24:42.837531Z", "level": "info", "logger": "django.server"}
{"event": "\"POST /get-conventions/ HTTP/1.1\" 200 423", "timestamp": "2026-07-30T08:24:42.840541Z", "level": "info", "logger": "django.server"}
{"event": "\"OPTIONS /conventions-selected/ HTTP/1.1\" 200 0", "timestamp": "2026-07-30T08:24:44.616091Z", "level": "info", "logger": "django.server"}
{"event": "\"POST /conventions-selected/ HTTP/1.1\" 200 2773", "timestamp": "2026-07-30T08:24:44.619991Z", "level": "info", "logger": "django.server"}
{"event": "\"GET /static-data/ HTTP/1.1\" 200 909456", "timestamp": "2026-07-30T08:25:46.266139Z", "level": "info", "logger": "django.server"}
{"event": "\"GET //ensure-csrf/?_=1785399946264 HTTP/1.1\" 200 97", "timestamp": "2026-07-30T08:25:46.271404Z", "level": "info", "logger": "django.server"}
{"event": "\"OPTIONS /get-conventions/ HTTP/1.1\" 200 0", "timestamp": "2026-07-30T08:25:46.315832Z", "level": "info", "logger": "django.server"}
{"event": "\"POST /get-conventions/ HTTP/1.1\" 200 423", "timestamp": "2026-07-30T08:25:46.320707Z", "level": "info", "logger": "django.server"}
{"event": "\"OPTIONS /conventions-selected/ HTTP/1.1\" 200 0", "timestamp": "2026-07-30T08:25:47.352704Z", "level": "info", "logger": "django.server"}
{"event": "\"POST /conventions-selected/ HTTP/1.1\" 200 2773", "timestamp": "2026-07-30T08:25:47.356229Z", "level": "info", "logger": "django.server"}
{"event": "\"OPTIONS /conventions-selected/ HTTP/1.1\" 200 0", "timestamp": "2026-07-30T08:26:02.993764Z", "level": "info", "logger": "django.server"}
{"event": "\"POST /conventions-selected/ HTTP/1.1\" 200 2773", "timestamp": "2026-07-30T08:26:02.997788Z", "level": "info", "logger": "django.server"}
{"event": "\"OPTIONS /conventions-selected/ HTTP/1.1\" 200 0", "timestamp": "2026-07-30T08:26:03.694376Z", "level": "info", "logger": "django.server"}
{"event": "\"POST /conventions-selected/ HTTP/1.1\" 200 2773", "timestamp": "2026-07-30T08:26:03.697927Z", "level": "info", "logger": "django.server"}
{"event": "\"OPTIONS /conventions-selected/ HTTP/1.1\" 200 0", "timestamp": "2026-07-30T08:26:04.114630Z", "level": "info", "logger": "django.server"}
{"event": "\"POST /conventions-selected/ HTTP/1.1\" 200 2773", "timestamp": "2026-07-30T08:26:04.118785Z", "level": "info", "logger": "django.server"}
{"event": "\"OPTIONS /conventions-selected/ HTTP/1.1\" 200 0", "timestamp": "2026-07-30T08:26:04.324038Z", "level": "info", "logger": "django.server"}
{"event": "\"POST /conventions-selected/ HTTP/1.1\" 200 2773", "timestamp": "2026-07-30T08:26:04.328038Z", "level": "info", "logger": "django.server"}
{"event": "\"OPTIONS /conventions-selected/ HTTP/1.1\" 200 0", "timestamp": "2026-07-30T08:26:04.524041Z", "level": "info", "logger": "django.server"}
{"event": "\"POST /conventions-selected/ HTTP/1.1\" 200 2773", "timestamp": "2026-07-30T08:26:04.527822Z", "level": "info", "logger": "django.server"}
{"event": "\"OPTIONS /conventions-selected/ HTTP/1.1\" 200 0", "timestamp": "2026-07-30T08:26:35.603978Z", "level": "info", "logger": "django.server"}
{"event": "\"POST /conventions-selected/ HTTP/1.1\" 200 2773", "timestamp": "2026-07-30T08:26:35.607828Z", "level": "info", "logger": "django.server"}
{"event": "\"OPTIONS /conventions-selected/ HTTP/1.1\" 200 0", "timestamp": "2026-07-30T08:26:36.329903Z", "level": "info", "logger": "django.server"}
{"event": "\"POST /conventions-selected/ HTTP/1.1\" 200 2774", "timestamp": "2026-07-30T08:26:36.334051Z", "level": "info", "logger": "django.server"}
{"event": "\"OPTIONS /conventions-selected/ HTTP/1.1\" 200 0", "timestamp": "2026-07-30T08:29:13.157885Z", "level": "info", "logger": "django.server"}
{"event": "\"POST /conventions-selected/ HTTP/1.1\" 200 2773", "timestamp": "2026-07-30T08:29:13.163811Z", "level": "info", "logger": "django.server"}
{"event": "\"OPTIONS /conventions-selected/ HTTP/1.1\" 200 0", "timestamp": "2026-07-30T08:29:13.859303Z", "level": "info", "logger": "django.server"}
{"event": "\"POST /conventions-selected/ HTTP/1.1\" 200 2773", "timestamp": "2026-07-30T08:29:13.862559Z", "level": "info", "logger": "django.server"}
{"event": "\"GET /static-data/ HTTP/1.1\" 200 909456", "timestamp": "2026-07-30T08:29:18.267068Z", "level": "info", "logger": "django.server"}
{"event": "\"GET //ensure-csrf/?_=1785400158267 HTTP/1.1\" 200 97", "timestamp": "2026-07-30T08:29:18.270895Z", "level": "info", "logger": "django.server"}
{"event": "\"OPTIONS /get-conventions/ HTTP/1.1\" 200 0", "timestamp": "2026-07-30T08:29:18.321690Z", "level": "info", "logger": "django.server"}
{"event": "\"POST /get-conventions/ HTTP/1.1\" 200 423", "timestamp": "2026-07-30T08:29:18.326054Z", "level": "info", "logger": "django.server"}
{"event": "\"OPTIONS /conventions-selected/ HTTP/1.1\" 200 0", "timestamp": "2026-07-30T08:29:19.318791Z", "level": "info", "logger": "django.server"}
{"event": "\"POST /conventions-selected/ HTTP/1.1\" 200 2774", "timestamp": "2026-07-30T08:29:19.324240Z", "level": "info", "logger": "django.server"}
{"event": "\"OPTIONS /conventions-selected/ HTTP/1.1\" 200 0", "timestamp": "2026-07-30T08:29:20.934795Z", "level": "info", "logger": "django.server"}
{"event": "\"POST /conventions-selected/ HTTP/1.1\" 200 2773", "timestamp": "2026-07-30T08:29:20.938647Z", "level": "info", "logger": "django.server"}
{"event": "\"OPTIONS /conventions-selected/ HTTP/1.1\" 200 0", "timestamp": "2026-07-30T08:29:21.244110Z", "level": "info", "logger": "django.server"}
{"event": "\"POST /conventions-selected/ HTTP/1.1\" 200 2773", "timestamp": "2026-07-30T08:29:21.247814Z", "level": "info", "logger": "django.server"}
{"event": "\"OPTIONS /conventions-selected/ HTTP/1.1\" 200 0", "timestamp": "2026-07-30T08:29:33.608284Z", "level": "info", "logger": "django.server"}
{"event": "\"POST /conventions-selected/ HTTP/1.1\" 200 2774", "timestamp": "2026-07-30T08:29:33.613158Z", "level": "info", "logger": "django.server"}
{"event": "\"OPTIONS /conventions-selected/ HTTP/1.1\" 200 0", "timestamp": "2026-07-30T08:29:33.824974Z", "level": "info", "logger": "django.server"}
{"event": "\"POST /conventions-selected/ HTTP/1.1\" 200 2773", "timestamp": "2026-07-30T08:29:33.828778Z", "level": "info", "logger": "django.server"}
{"event": "\"OPTIONS /conventions-selected/ HTTP/1.1\" 200 0", "timestamp": "2026-07-30T08:32:06.126355Z", "level": "info", "logger": "django.server"}
{"event": "\"POST /conventions-selected/ HTTP/1.1\" 200 2774", "timestamp": "2026-07-30T08:32:06.130062Z", "level": "info", "logger": "django.server"}
{"event": "\"OPTIONS /conventions-selected/ HTTP/1.1\" 200 0", "timestamp": "2026-07-30T08:32:06.857656Z", "level": "info", "logger": "django.server"}
{"event": "\"POST /conventions-selected/ HTTP/1.1\" 200 2773", "timestamp": "2026-07-30T08:32:06.861933Z", "level": "info", "logger": "django.server"}
{"event": "\"OPTIONS /conventions-selected/ HTTP/1.1\" 200 0", "timestamp": "2026-07-30T08:59:44.151392Z", "level": "info", "logger": "django.server"}
{"event": "\"POST /conventions-selected/ HTTP/1.1\" 200 2773", "timestamp": "2026-07-30T08:59:44.156343Z", "level": "info", "logger": "django.server"}
{"event": "\"OPTIONS /conventions-selected/ HTTP/1.1\" 200 0", "timestamp": "2026-07-30T08:59:45.226256Z", "level": "info", "logger": "django.server"}
{"event": "\"POST /conventions-selected/ HTTP/1.1\" 200 2773", "timestamp": "2026-07-30T08:59:45.230358Z", "level": "info", "logger": "django.server"}
{"event": "\"OPTIONS /conventions-selected/ HTTP/1.1\" 200 0", "timestamp": "2026-07-30T08:59:46.207916Z", "level": "info", "logger": "django.server"}
{"event": "\"POST /conventions-selected/ HTTP/1.1\" 200 2774", "timestamp": "2026-07-30T08:59:46.212434Z", "level": "info", "logger": "django.server"}
{"event": "\"OPTIONS /conventions-selected/ HTTP/1.1\" 200 0", "timestamp": "2026-07-30T08:59:47.086798Z", "level": "info", "logger": "django.server"}
{"event": "\"POST /conventions-selected/ HTTP/1.1\" 200 2773", "timestamp": "2026-07-30T08:59:47.092228Z", "level": "info", "logger": "django.server"}
{"event": "\"OPTIONS /conventions-selected/ HTTP/1.1\" 200 0", "timestamp": "2026-07-30T08:59:47.558698Z", "level": "info", "logger": "django.server"}
{"event": "\"POST /conventions-selected/ HTTP/1.1\" 200 2773", "timestamp": "2026-07-30T08:59:47.561555Z", "level": "info", "logger": "django.server"}
{"event": "\"OPTIONS /conventions-selected/ HTTP/1.1\" 200 0", "timestamp": "2026-07-30T08:59:48.037803Z", "level": "info", "logger": "django.server"}
{"event": "\"POST /conventions-selected/ HTTP/1.1\" 200 2773", "timestamp": "2026-07-30T08:59:48.041455Z", "level": "info", "logger": "django.server"}
{"event": "\"OPTIONS /conventions-selected/ HTTP/1.1\" 200 0", "timestamp": "2026-07-30T08:59:48.682701Z", "level": "info", "logger": "django.server"}
{"event": "\"POST /conventions-selected/ HTTP/1.1\" 200 2773", "timestamp": "2026-07-30T08:59:48.686737Z", "level": "info", "logger": "django.server"}
{"event": "\"OPTIONS /conventions-selected/ HTTP/1.1\" 200 0", "timestamp": "2026-07-30T08:59:49.421993Z", "level": "info", "logger": "django.server"}
{"event": "\"POST /conventions-selected/ HTTP/1.1\" 200 2773", "timestamp": "2026-07-30T08:59:49.424955Z", "level": "info", "logger": "django.server"}
{"event": "\"OPTIONS /conventions-selected/ HTTP/1.1\" 200 0", "timestamp": "2026-07-30T08:59:50.465308Z", "level": "info", "logger": "django.server"}
{"event": "\"POST /conventions-selected/ HTTP/1.1\" 200 2731", "timestamp": "2026-07-30T08:59:50.468912Z", "level": "info", "logger": "django.server"}
{"event": "\"GET /static-data/ HTTP/1.1\" 200 909456", "timestamp": "2026-07-30T09:00:22.976203Z", "level": "info", "logger": "django.server"}
{"event": "\"GET //ensure-csrf/?_=1785402022976 HTTP/1.1\" 200 97", "timestamp": "2026-07-30T09:00:22.998745Z", "level": "info", "logger": "django.server"}
{"event": "\"OPTIONS /get-conventions/ HTTP/1.1\" 200 0", "timestamp": "2026-07-30T09:00:23.045462Z", "level": "info", "logger": "django.server"}
{"event": "\"POST /get-conventions/ HTTP/1.1\" 200 423", "timestamp": "2026-07-30T09:00:23.047807Z", "level": "info", "logger": "django.server"}
{"event": "\"OPTIONS /conventions-selected/ HTTP/1.1\" 200 0", "timestamp": "2026-07-30T09:00:24.411988Z", "level": "info", "logger": "django.server"}
{"event": "\"POST /conventions-selected/ HTTP/1.1\" 200 2730", "timestamp": "2026-07-30T09:00:24.417343Z", "level": "info", "logger": "django.server"}
{"event": "\"GET /static-data/ HTTP/1.1\" 200 909456", "timestamp": "2026-07-30T09:04:54.074791Z", "level": "info", "logger": "django.server"}
{"event": "\"GET //ensure-csrf/?_=1785402294074 HTTP/1.1\" 200 97", "timestamp": "2026-07-30T09:04:54.104294Z", "level": "info", "logger": "django.server"}
{"event": "\"OPTIONS /get-conventions/ HTTP/1.1\" 200 0", "timestamp": "2026-07-30T09:04:54.150840Z", "level": "info", "logger": "django.server"}
{"event": "\"POST /get-conventions/ HTTP/1.1\" 200 423", "timestamp": "2026-07-30T09:04:54.153909Z", "level": "info", "logger": "django.server"}
{"event": "\"OPTIONS /conventions-selected/ HTTP/1.1\" 200 0", "timestamp": "2026-07-30T09:04:55.703765Z", "level": "info", "logger": "django.server"}
{"event": "\"POST /conventions-selected/ HTTP/1.1\" 200 2773", "timestamp": "2026-07-30T09:04:55.707601Z", "level": "info", "logger": "django.server"}
{"event": "\"OPTIONS /conventions-selected/ HTTP/1.1\" 200 0", "timestamp": "2026-07-30T09:05:19.575569Z", "level": "info", "logger": "django.server"}
{"event": "\"POST /conventions-selected/ HTTP/1.1\" 200 2773", "timestamp": "2026-07-30T09:05:19.579147Z", "level": "info", "logger": "django.server"}
{"event": "\"OPTIONS /conventions-selected/ HTTP/1.1\" 200 0", "timestamp": "2026-07-30T09:05:20.365663Z", "level": "info", "logger": "django.server"}
{"event": "\"POST /conventions-selected/ HTTP/1.1\" 200 2773", "timestamp": "2026-07-30T09:05:20.369454Z", "level": "info", "logger": "django.server"}
{"event": "\"OPTIONS /conventions-selected/ HTTP/1.1\" 200 0", "timestamp": "2026-07-30T09:07:26.578085Z", "level": "info", "logger": "django.server"}
{"event": "\"POST /conventions-selected/ HTTP/1.1\" 200 2773", "timestamp": "2026-07-30T09:07:26.582991Z", "level": "info", "logger": "django.server"}
{"event": "\"OPTIONS /conventions-selected/ HTTP/1.1\" 200 0", "timestamp": "2026-07-30T09:07:27.753422Z", "level": "info", "logger": "django.server"}
{"event": "\"POST /conventions-selected/ HTTP/1.1\" 200 2773", "timestamp": "2026-07-30T09:07:27.757322Z", "level": "info", "logger": "django.server"}
{"event": "\"OPTIONS /conventions-selected/ HTTP/1.1\" 200 0", "timestamp": "2026-07-30T09:09:48.610814Z", "level": "info", "logger": "django.server"}
{"event": "\"POST /conventions-selected/ HTTP/1.1\" 200 2773", "timestamp": "2026-07-30T09:09:48.614313Z", "level": "info", "logger": "django.server"}
{"event": "\"OPTIONS /conventions-selected/ HTTP/1.1\" 200 0", "timestamp": "2026-07-30T09:10:59.231676Z", "level": "info", "logger": "django.server"}
{"event": "\"POST /conventions-selected/ HTTP/1.1\" 200 2773", "timestamp": "2026-07-30T09:10:59.237274Z", "level": "info", "logger": "django.server"}
{"event": "\"OPTIONS /get-conventions/ HTTP/1.1\" 200 0", "timestamp": "2026-07-30T09:12:02.670364Z", "level": "info", "logger": "django.server"}
{"event": "\"GET /static-data/ HTTP/1.1\" 200 909456", "timestamp": "2026-07-30T09:12:02.670562Z", "level": "info", "logger": "django.server"}
{"event": "\"GET /static-data/ HTTP/1.1\" 200 909456", "timestamp": "2026-07-30T09:12:02.672903Z", "level": "info", "logger": "django.server"}
{"event": "\"POST /get-conventions/ HTTP/1.1\" 200 423", "timestamp": "2026-07-30T09:12:02.675628Z", "level": "info", "logger": "django.server"}
{"event": "\"OPTIONS /conventions-selected/ HTTP/1.1\" 200 0", "timestamp": "2026-07-30T09:12:05.134011Z", "level": "info", "logger": "django.server"}
{"event": "\"POST /conventions-selected/ HTTP/1.1\" 200 2773", "timestamp": "2026-07-30T09:12:05.138930Z", "level": "info", "logger": "django.server"}
{"event": "/home/jeff/projects/bridge/bidding-conventions-api/src/bidding_conventions/question.py changed, reloading.", "timestamp": "2026-07-30T09:12:38.543787Z", "level": "info", "logger": "django.utils.autoreload"}
{"event": "Watching for file changes with StatReloader", "timestamp": "2026-07-30T09:12:38.806392Z", "level": "info", "logger": "django.utils.autoreload"}
{"event": "/home/jeff/projects/bridge/bidding-conventions-api/src/bidding_conventions/question.py changed, reloading.", "timestamp": "2026-07-30T09:12:50.263183Z", "level": "info", "logger": "django.utils.autoreload"}
{"event": "Watching for file changes with StatReloader", "timestamp": "2026-07-30T09:12:50.497676Z", "level": "info", "logger": "django.utils.autoreload"}
{"event": "\"OPTIONS /conventions-selected/ HTTP/1.1\" 200 0", "timestamp": "2026-07-30T09:12:51.208292Z", "level": "info", "logger": "django.server"}
{"event": "\"POST /conventions-selected/ HTTP/1.1\" 200 2799", "timestamp": "2026-07-30T09:12:51.214418Z", "level": "info", "logger": "django.server"}
{"event": "\"OPTIONS /conventions-selected/ HTTP/1.1\" 200 0", "timestamp": "2026-07-30T09:12:57.930982Z", "level": "info", "logger": "django.server"}
{"event": "\"POST /conventions-selected/ HTTP/1.1\" 200 2796", "timestamp": "2026-07-30T09:12:57.937088Z", "level": "info", "logger": "django.server"}
{"event": "\"OPTIONS /conventions-selected/ HTTP/1.1\" 200 0", "timestamp": "2026-07-30T09:13:00.171309Z", "level": "info", "logger": "django.server"}
{"event": "\"POST /conventions-selected/ HTTP/1.1\" 200 2796", "timestamp": "2026-07-30T09:13:00.175522Z", "level": "info", "logger": "django.server"}
{"event": "\"OPTIONS /conventions-selected/ HTTP/1.1\" 200 0", "timestamp": "2026-07-30T09:13:01.784261Z", "level": "info", "logger": "django.server"}
{"event": "\"POST /conventions-selected/ HTTP/1.1\" 200 2798", "timestamp": "2026-07-30T09:13:01.788561Z", "level": "info", "logger": "django.server"}
{"event": "\"OPTIONS /get-conventions/ HTTP/1.1\" 200 0", "timestamp": "2026-07-30T09:13:17.149555Z", "level": "info", "logger": "django.server"}
{"event": "\"GET /static-data/ HTTP/1.1\" 200 909456", "timestamp": "2026-07-30T09:13:17.153725Z", "level": "info", "logger": "django.server"}
{"event": "\"GET /static-data/ HTTP/1.1\" 200 909456", "timestamp": "2026-07-30T09:13:17.154101Z", "level": "info", "logger": "django.server"}
{"event": "\"POST /get-conventions/ HTTP/1.1\" 200 423", "timestamp": "2026-07-30T09:13:17.155250Z", "level": "info", "logger": "django.server"}
{"event": "\"OPTIONS /conventions-selected/ HTTP/1.1\" 200 0", "timestamp": "2026-07-30T09:13:26.054384Z", "level": "info", "logger": "django.server"}
{"event": "\"POST /conventions-selected/ HTTP/1.1\" 200 2796", "timestamp": "2026-07-30T09:13:26.058579Z", "level": "info", "logger": "django.server"}
{"event": "\"OPTIONS /conventions-selected/ HTTP/1.1\" 200 0", "timestamp": "2026-07-30T09:13:29.131921Z", "level": "info", "logger": "django.server"}
{"event": "\"POST /conventions-selected/ HTTP/1.1\" 200 2796", "timestamp": "2026-07-30T09:13:29.135246Z", "level": "info", "logger": "django.server"}
{"event": "\"OPTIONS /conventions-selected/ HTTP/1.1\" 200 0", "timestamp": "2026-07-30T09:13:31.719763Z", "level": "info", "logger": "django.server"}
{"event": "\"POST /conventions-selected/ HTTP/1.1\" 200 2799", "timestamp": "2026-07-30T09:13:31.724783Z", "level": "info", "logger": "django.server"}
{"event": "\"GET /static-data/ HTTP/1.1\" 200 909456", "timestamp": "2026-07-30T09:15:14.747249Z", "level": "info", "logger": "django.server"}
{"event": "\"GET //ensure-csrf/?_=1785402914747 HTTP/1.1\" 200 97", "timestamp": "2026-07-30T09:15:14.752790Z", "level": "info", "logger": "django.server"}
{"event": "\"OPTIONS /get-conventions/ HTTP/1.1\" 200 0", "timestamp": "2026-07-30T09:15:14.801179Z", "level": "info", "logger": "django.server"}
{"event": "\"POST /get-conventions/ HTTP/1.1\" 200 423", "timestamp": "2026-07-30T09:15:14.806143Z", "level": "info", "logger": "django.server"}
{"event": "\"OPTIONS /conventions-selected/ HTTP/1.1\" 200 0", "timestamp": "2026-07-30T09:15:16.575844Z", "level": "info", "logger": "django.server"}
{"event": "\"POST /conventions-selected/ HTTP/1.1\" 200 2798", "timestamp": "2026-07-30T09:15:16.581226Z", "level": "info", "logger": "django.server"}
{"event": "\"OPTIONS /conventions-selected/ HTTP/1.1\" 200 0", "timestamp": "2026-07-30T09:15:39.514882Z", "level": "info", "logger": "django.server"}
{"event": "\"POST /conventions-selected/ HTTP/1.1\" 200 2796", "timestamp": "2026-07-30T09:15:39.518940Z", "level": "info", "logger": "django.server"}
{"event": "\"OPTIONS /conventions-selected/ HTTP/1.1\" 200 0", "timestamp": "2026-07-30T09:15:41.037122Z", "level": "info", "logger": "django.server"}
{"event": "\"POST /conventions-selected/ HTTP/1.1\" 200 2753", "timestamp": "2026-07-30T09:15:41.040570Z", "level": "info", "logger": "django.server"}
{"event": "\"OPTIONS /conventions-selected/ HTTP/1.1\" 200 0", "timestamp": "2026-07-30T09:15:41.724727Z", "level": "info", "logger": "django.server"}
{"event": "\"POST /conventions-selected/ HTTP/1.1\" 200 2799", "timestamp": "2026-07-30T09:15:41.729432Z", "level": "info", "logger": "django.server"}
{"event": "\"OPTIONS /conventions-selected/ HTTP/1.1\" 200 0", "timestamp": "2026-07-30T09:15:42.498764Z", "level": "info", "logger": "django.server"}
{"event": "\"POST /conventions-selected/ HTTP/1.1\" 200 2796", "timestamp": "2026-07-30T09:15:42.504063Z", "level": "info", "logger": "django.server"}
{"event": "\"OPTIONS /conventions-selected/ HTTP/1.1\" 200 0", "timestamp": "2026-07-30T09:15:43.094748Z", "level": "info", "logger": "django.server"}
{"event": "\"POST /conventions-selected/ HTTP/1.1\" 200 2798", "timestamp": "2026-07-30T09:15:43.099725Z", "level": "info", "logger": "django.server"}
{"event": "\"OPTIONS /conventions-selected/ HTTP/1.1\" 200 0", "timestamp": "2026-07-30T09:15:43.690079Z", "level": "info", "logger": "django.server"}
{"event": "\"POST /conventions-selected/ HTTP/1.1\" 200 2798", "timestamp": "2026-07-30T09:15:43.693993Z", "level": "info", "logger": "django.server"}
{"event": "\"OPTIONS /conventions-selected/ HTTP/1.1\" 200 0", "timestamp": "2026-07-30T09:15:44.278726Z", "level": "info", "logger": "django.server"}
{"event": "\"POST /conventions-selected/ HTTP/1.1\" 200 2797", "timestamp": "2026-07-30T09:15:44.283157Z", "level": "info", "logger": "django.server"}
{"event": "\"OPTIONS /conventions-selected/ HTTP/1.1\" 200 0", "timestamp": "2026-07-30T09:15:44.868728Z", "level": "info", "logger": "django.server"}
{"event": "\"POST /conventions-selected/ HTTP/1.1\" 200 2797", "timestamp": "2026-07-30T09:15:44.874353Z", "level": "info", "logger": "django.server"}
{"event": "\"OPTIONS /conventions-selected/ HTTP/1.1\" 200 0", "timestamp": "2026-07-30T09:15:45.685943Z", "level": "info", "logger": "django.server"}
{"event": "\"POST /conventions-selected/ HTTP/1.1\" 200 2798", "timestamp": "2026-07-30T09:15:45.690515Z", "level": "info", "logger": "django.server"}
{"event": "\"OPTIONS /conventions-selected/ HTTP/1.1\" 200 0", "timestamp": "2026-07-30T09:15:46.233600Z", "level": "info", "logger": "django.server"}
{"event": "\"POST /conventions-selected/ HTTP/1.1\" 200 2753", "timestamp": "2026-07-30T09:15:46.238908Z", "level": "info", "logger": "django.server"}
{"event": "\"OPTIONS /conventions-selected/ HTTP/1.1\" 200 0", "timestamp": "2026-07-30T09:17:42.487883Z", "level": "info", "logger": "django.server"}
{"event": "\"POST /conventions-selected/ HTTP/1.1\" 200 2797", "timestamp": "2026-07-30T09:17:42.493091Z", "level": "info", "logger": "django.server"}
{"event": "/home/jeff/projects/bridge/bidding-conventions-api/src/bidding_conventions/hand.py changed, reloading.", "timestamp": "2026-07-30T09:23:01.854199Z", "level": "info", "logger": "django.utils.autoreload"}
{"event": "Watching for file changes with StatReloader", "timestamp": "2026-07-30T09:23:02.104655Z", "level": "info", "logger": "django.utils.autoreload"}
{"event": "\"OPTIONS /conventions-selected/ HTTP/1.1\" 200 0", "timestamp": "2026-07-30T09:23:04.338394Z", "level": "info", "logger": "django.server"}
{"event": "Internal Server Error: /conventions-selected/", "exc_info": ["<class 'AttributeError'>", "AttributeError(\"'Hand' object has no attribute 'dealer'\")", "<traceback object at 0x7ffa3ea96680>"], "timestamp": "2026-07-30T09:23:04.355600Z", "level": "error", "logger": "django.request"}
{"event": "\"POST /conventions-selected/ HTTP/1.1\" 500 112014", "timestamp": "2026-07-30T09:23:04.356882Z", "level": "error", "logger": "django.server"}
{"event": "/home/jeff/projects/bridge/bidding-conventions-api/src/bidding_conventions/hand.py changed, reloading.", "timestamp": "2026-07-30T09:23:19.656783Z", "level": "info", "logger": "django.utils.autoreload"}
{"event": "Watching for file changes with StatReloader", "timestamp": "2026-07-30T09:23:19.922295Z", "level": "info", "logger": "django.utils.autoreload"}
{"event": "\"OPTIONS /conventions-selected/ HTTP/1.1\" 200 0", "timestamp": "2026-07-30T09:23:25.392370Z", "level": "info", "logger": "django.server"}
{"event": "\"POST /conventions-selected/ HTTP/1.1\" 200 2798", "timestamp": "2026-07-30T09:23:25.397392Z", "level": "info", "logger": "django.server"}
{"event": "\"OPTIONS /conventions-selected/ HTTP/1.1\" 200 0", "timestamp": "2026-07-30T09:23:26.400027Z", "level": "info", "logger": "django.server"}
{"event": "\"POST /conventions-selected/ HTTP/1.1\" 200 2796", "timestamp": "2026-07-30T09:23:26.404356Z", "level": "info", "logger": "django.server"}
{"event": "\"OPTIONS /conventions-selected/ HTTP/1.1\" 200 0", "timestamp": "2026-07-30T09:23:26.963768Z", "level": "info", "logger": "django.server"}
{"event": "\"POST /conventions-selected/ HTTP/1.1\" 200 2796", "timestamp": "2026-07-30T09:23:26.968492Z", "level": "info", "logger": "django.server"}
{"event": "\"OPTIONS /conventions-selected/ HTTP/1.1\" 200 0", "timestamp": "2026-07-30T09:23:27.197348Z", "level": "info", "logger": "django.server"}
{"event": "\"POST /conventions-selected/ HTTP/1.1\" 200 2798", "timestamp": "2026-07-30T09:23:27.200760Z", "level": "info", "logger": "django.server"}
{"event": "\"OPTIONS /conventions-selected/ HTTP/1.1\" 200 0", "timestamp": "2026-07-30T09:23:27.399167Z", "level": "info", "logger": "django.server"}
{"event": "\"POST /conventions-selected/ HTTP/1.1\" 200 2796", "timestamp": "2026-07-30T09:23:27.404231Z", "level": "info", "logger": "django.server"}
{"event": "\"OPTIONS /conventions-selected/ HTTP/1.1\" 200 0", "timestamp": "2026-07-30T09:23:27.600245Z", "level": "info", "logger": "django.server"}
{"event": "\"POST /conventions-selected/ HTTP/1.1\" 200 2796", "timestamp": "2026-07-30T09:23:27.605490Z", "level": "info", "logger": "django.server"}
{"event": "\"OPTIONS /conventions-selected/ HTTP/1.1\" 200 0", "timestamp": "2026-07-30T09:23:27.794752Z", "level": "info", "logger": "django.server"}
{"event": "\"POST /conventions-selected/ HTTP/1.1\" 200 2798", "timestamp": "2026-07-30T09:23:27.799161Z", "level": "info", "logger": "django.server"}
{"event": "\"OPTIONS /conventions-selected/ HTTP/1.1\" 200 0", "timestamp": "2026-07-30T09:23:28.003651Z", "level": "info", "logger": "django.server"}
{"event": "\"POST /conventions-selected/ HTTP/1.1\" 200 2798", "timestamp": "2026-07-30T09:23:28.007913Z", "level": "info", "logger": "django.server"}
{"event": "\"OPTIONS /conventions-selected/ HTTP/1.1\" 200 0", "timestamp": "2026-07-30T09:23:28.186890Z", "level": "info", "logger": "django.server"}
{"event": "\"POST /conventions-selected/ HTTP/1.1\" 200 2796", "timestamp": "2026-07-30T09:23:28.190851Z", "level": "info", "logger": "django.server"}
{"event": "\"OPTIONS /conventions-selected/ HTTP/1.1\" 200 0", "timestamp": "2026-07-30T09:23:28.372919Z", "level": "info", "logger": "django.server"}
{"event": "\"POST /conventions-selected/ HTTP/1.1\" 200 2798", "timestamp": "2026-07-30T09:23:28.376618Z", "level": "info", "logger": "django.server"}
{"event": "\"OPTIONS /conventions-selected/ HTTP/1.1\" 200 0", "timestamp": "2026-07-30T09:23:28.564793Z", "level": "info", "logger": "django.server"}
{"event": "\"POST /conventions-selected/ HTTP/1.1\" 200 2798", "timestamp": "2026-07-30T09:23:28.570749Z", "level": "info", "logger": "django.server"}
{"event": "\"OPTIONS /conventions-selected/ HTTP/1.1\" 200 0", "timestamp": "2026-07-30T09:23:28.758627Z", "level": "info", "logger": "django.server"}
{"event": "\"POST /conventions-selected/ HTTP/1.1\" 200 2796", "timestamp": "2026-07-30T09:23:28.762166Z", "level": "info", "logger": "django.server"}
{"event": "\"OPTIONS /conventions-selected/ HTTP/1.1\" 200 0", "timestamp": "2026-07-30T09:23:28.945198Z", "level": "info", "logger": "django.server"}
{"event": "\"POST /conventions-selected/ HTTP/1.1\" 200 2798", "timestamp": "2026-07-30T09:23:28.949130Z", "level": "info", "logger": "django.server"}
{"event": "\"OPTIONS /conventions-selected/ HTTP/1.1\" 200 0", "timestamp": "2026-07-30T09:23:29.156988Z", "level": "info", "logger": "django.server"}
{"event": "\"POST /conventions-selected/ HTTP/1.1\" 200 2798", "timestamp": "2026-07-30T09:23:29.161057Z", "level": "info", "logger": "django.server"}
{"event": "\"OPTIONS /conventions-selected/ HTTP/1.1\" 200 0", "timestamp": "2026-07-30T09:23:29.372713Z", "level": "info", "logger": "django.server"}
{"event": "\"POST /conventions-selected/ HTTP/1.1\" 200 2796", "timestamp": "2026-07-30T09:23:29.379651Z", "level": "info", "logger": "django.server"}
{"event": "\"OPTIONS /conventions-selected/ HTTP/1.1\" 200 0", "timestamp": "2026-07-30T09:23:29.565052Z", "level": "info", "logger": "django.server"}
{"event": "\"POST /conventions-selected/ HTTP/1.1\" 200 2796", "timestamp": "2026-07-30T09:23:29.569891Z", "level": "info", "logger": "django.server"}
{"event": "\"OPTIONS /conventions-selected/ HTTP/1.1\" 200 0", "timestamp": "2026-07-30T09:23:29.767820Z", "level": "info", "logger": "django.server"}
{"event": "\"POST /conventions-selected/ HTTP/1.1\" 200 2798", "timestamp": "2026-07-30T09:23:29.772337Z", "level": "info", "logger": "django.server"}
{"event": "\"OPTIONS /conventions-selected/ HTTP/1.1\" 200 0", "timestamp": "2026-07-30T09:23:29.984579Z", "level": "info", "logger": "django.server"}
{"event": "\"POST /conventions-selected/ HTTP/1.1\" 200 2796", "timestamp": "2026-07-30T09:23:29.989339Z", "level": "info", "logger": "django.server"}
{"event": "\"OPTIONS /conventions-selected/ HTTP/1.1\" 200 0", "timestamp": "2026-07-30T09:23:30.224698Z", "level": "info", "logger": "django.server"}
{"event": "\"POST /conventions-selected/ HTTP/1.1\" 200 2796", "timestamp": "2026-07-30T09:23:30.230377Z", "level": "info", "logger": "django.server"}
{"event": "\"OPTIONS /conventions-selected/ HTTP/1.1\" 200 0", "timestamp": "2026-07-30T09:23:30.410863Z", "level": "info", "logger": "django.server"}
{"event": "\"POST /conventions-selected/ HTTP/1.1\" 200 2798", "timestamp": "2026-07-30T09:23:30.414655Z", "level": "info", "logger": "django.server"}
{"event": "\"OPTIONS /conventions-selected/ HTTP/1.1\" 200 0", "timestamp": "2026-07-30T09:23:30.613002Z", "level": "info", "logger": "django.server"}
{"event": "\"POST /conventions-selected/ HTTP/1.1\" 200 2796", "timestamp": "2026-07-30T09:23:30.620331Z", "level": "info", "logger": "django.server"}
{"event": "/home/jeff/projects/bridge/bidding-conventions-api/src/bidding_conventions/hand.py changed, reloading.", "timestamp": "2026-07-30T09:23:43.455123Z", "level": "info", "logger": "django.utils.autoreload"}
{"event": "Watching for file changes with StatReloader", "timestamp": "2026-07-30T09:23:43.695486Z", "level": "info", "logger": "django.utils.autoreload"}
{"event": "\"OPTIONS /conventions-selected/ HTTP/1.1\" 200 0", "timestamp": "2026-07-30T09:23:44.844522Z", "level": "info", "logger": "django.server"}
{"event": "\"POST /conventions-selected/ HTTP/1.1\" 200 2755", "timestamp": "2026-07-30T09:23:44.849506Z", "level": "info", "logger": "django.server"}
{"event": "\"OPTIONS /conventions-selected/ HTTP/1.1\" 200 0", "timestamp": "2026-07-30T09:23:45.924471Z", "level": "info", "logger": "django.server"}
{"event": "\"POST /conventions-selected/ HTTP/1.1\" 200 2753", "timestamp": "2026-07-30T09:23:45.928977Z", "level": "info", "logger": "django.server"}
{"event": "/home/jeff/projects/bridge/bidding-conventions-api/src/bidding_conventions/hand.py changed, reloading.", "timestamp": "2026-07-30T09:25:19.424176Z", "level": "info", "logger": "django.utils.autoreload"}
{"event": "Watching for file changes with StatReloader", "timestamp": "2026-07-30T09:25:19.661559Z", "level": "info", "logger": "django.utils.autoreload"}
{"event": "/home/jeff/projects/bridge/bidding-conventions-api/src/bidding_conventions/question.py changed, reloading.", "timestamp": "2026-07-30T09:25:51.202708Z", "level": "info", "logger": "django.utils.autoreload"}
{"event": "Watching for file changes with StatReloader", "timestamp": "2026-07-30T09:25:51.449866Z", "level": "info", "logger": "django.utils.autoreload"}
{"event": "/home/jeff/projects/bridge/bidding-conventions-api/src/bidding_conventions/five_card_majors/opener.py changed, reloading.", "timestamp": "2026-07-30T09:26:34.057477Z", "level": "info", "logger": "django.utils.autoreload"}
{"event": "Watching for file changes with StatReloader", "timestamp": "2026-07-30T09:26:34.311879Z", "level": "info", "logger": "django.utils.autoreload"}
{"event": "\"GET /static-data/ HTTP/1.1\" 200 909456", "timestamp": "2026-07-30T09:26:59.079031Z", "level": "info", "logger": "django.server"}
{"event": "\"GET //ensure-csrf/?_=1785403619070 HTTP/1.1\" 200 97", "timestamp": "2026-07-30T09:26:59.079225Z", "level": "info", "logger": "django.server"}
{"event": "\"OPTIONS /get-conventions/ HTTP/1.1\" 200 0", "timestamp": "2026-07-30T09:26:59.088919Z", "level": "info", "logger": "django.server"}
{"event": "\"POST /get-conventions/ HTTP/1.1\" 200 423", "timestamp": "2026-07-30T09:26:59.091379Z", "level": "info", "logger": "django.server"}
{"event": "\"GET /static-data/ HTTP/1.1\" 200 909456", "timestamp": "2026-07-30T09:27:09.837797Z", "level": "info", "logger": "django.server"}
{"event": "\"GET //ensure-csrf/?_=1785403629832 HTTP/1.1\" 200 97", "timestamp": "2026-07-30T09:27:09.837962Z", "level": "info", "logger": "django.server"}
{"event": "\"OPTIONS /get-conventions/ HTTP/1.1\" 200 0", "timestamp": "2026-07-30T09:27:09.845857Z", "level": "info", "logger": "django.server"}
{"event": "\"POST /get-conventions/ HTTP/1.1\" 200 423", "timestamp": "2026-07-30T09:27:09.849785Z", "level": "info", "logger": "django.server"}
{"event": "\"GET /static-data/ HTTP/1.1\" 200 909456", "timestamp": "2026-07-30T09:27:29.937332Z", "level": "info", "logger": "django.server"}
{"event": "\"OPTIONS /get-conventions/ HTTP/1.1\" 200 0", "timestamp": "2026-07-30T09:27:29.942329Z", "level": "info", "logger": "django.server"}
{"event": "\"POST /get-conventions/ HTTP/1.1\" 200 423", "timestamp": "2026-07-30T09:27:29.946414Z", "level": "info", "logger": "django.server"}
{"event": "\"OPTIONS /conventions-selected/ HTTP/1.1\" 200 0", "timestamp": "2026-07-30T09:27:57.939734Z", "level": "info", "logger": "django.server"}
{"event": "\"POST /conventions-selected/ HTTP/1.1\" 200 2813", "timestamp": "2026-07-30T09:27:57.943525Z", "level": "info", "logger": "django.server"}
{"event": "\"GET /static-data/ HTTP/1.1\" 200 909456", "timestamp": "2026-07-30T09:28:01.312149Z", "level": "info", "logger": "django.server"}
{"event": "\"GET //ensure-csrf/?_=1785403681311 HTTP/1.1\" 200 97", "timestamp": "2026-07-30T09:28:01.328056Z", "level": "info", "logger": "django.server"}
{"event": "\"OPTIONS /get-conventions/ HTTP/1.1\" 200 0", "timestamp": "2026-07-30T09:28:01.375754Z", "level": "info", "logger": "django.server"}
{"event": "\"POST /get-conventions/ HTTP/1.1\" 200 423", "timestamp": "2026-07-30T09:28:01.378133Z", "level": "info", "logger": "django.server"}
{"event": "\"OPTIONS /conventions-selected/ HTTP/1.1\" 200 0", "timestamp": "2026-07-30T09:28:02.965734Z", "level": "info", "logger": "django.server"}
{"event": "\"POST /conventions-selected/ HTTP/1.1\" 200 2812", "timestamp": "2026-07-30T09:28:02.971323Z", "level": "info", "logger": "django.server"}
{"event": "\"OPTIONS /conventions-selected/ HTTP/1.1\" 200 0", "timestamp": "2026-07-30T09:31:36.270754Z", "level": "info", "logger": "django.server"}
{"event": "\"POST /conventions-selected/ HTTP/1.1\" 200 2811", "timestamp": "2026-07-30T09:31:36.275544Z", "level": "info", "logger": "django.server"}
{"event": "\"OPTIONS /conventions-selected/ HTTP/1.1\" 200 0", "timestamp": "2026-07-30T09:31:37.817833Z", "level": "info", "logger": "django.server"}
{"event": "\"POST /conventions-selected/ HTTP/1.1\" 200 2813", "timestamp": "2026-07-30T09:31:37.823488Z", "level": "info", "logger": "django.server"}
{"event": "\"OPTIONS /conventions-selected/ HTTP/1.1\" 200 0", "timestamp": "2026-07-30T09:31:38.451857Z", "level": "info", "logger": "django.server"}
{"event": "\"POST /conventions-selected/ HTTP/1.1\" 200 2812", "timestamp": "2026-07-30T09:31:38.457018Z", "level": "info", "logger": "django.server"}
{"event": "/home/jeff/projects/bridge/bidding-conventions-api/src/bidding_conventions/hand.py changed, reloading.", "timestamp": "2026-07-30T09:33:51.103427Z", "level": "info", "logger": "django.utils.autoreload"}
{"event": "Watching for file changes with StatReloader", "timestamp": "2026-07-30T09:33:51.328415Z", "level": "info", "logger": "django.utils.autoreload"}
{"event": "\"OPTIONS /conventions-selected/ HTTP/1.1\" 200 0", "timestamp": "2026-07-30T09:33:53.364651Z", "level": "info", "logger": "django.server"}
{"event": "\"POST /conventions-selected/ HTTP/1.1\" 200 2813", "timestamp": "2026-07-30T09:33:53.370270Z", "level": "info", "logger": "django.server"}
{"event": "\"OPTIONS /conventions-selected/ HTTP/1.1\" 200 0", "timestamp": "2026-07-30T09:33:55.707495Z", "level": "info", "logger": "django.server"}
{"event": "\"POST /conventions-selected/ HTTP/1.1\" 200 2812", "timestamp": "2026-07-30T09:33:55.711421Z", "level": "info", "logger": "django.server"}
{"event": "/home/jeff/projects/bridge/bidding-conventions-api/src/bidding_conventions/question.py changed, reloading.", "timestamp": "2026-07-30T09:34:35.896819Z", "level": "info", "logger": "django.utils.autoreload"}
{"event": "Watching for file changes with StatReloader", "timestamp": "2026-07-30T09:34:36.148040Z", "level": "info", "logger": "django.utils.autoreload"}
{"event": "/home/jeff/projects/bridge/bidding-conventions-api/src/bidding_conventions/five_card_majors/opener.py changed, reloading.", "timestamp": "2026-07-30T09:35:16.737575Z", "level": "info", "logger": "django.utils.autoreload"}
{"event": "Watching for file changes with StatReloader", "timestamp": "2026-07-30T09:35:16.980372Z", "level": "info", "logger": "django.utils.autoreload"}
{"event": "\"GET /static-data/ HTTP/1.1\" 200 909456", "timestamp": "2026-07-30T09:35:46.455487Z", "level": "info", "logger": "django.server"}
{"event": "\"GET //ensure-csrf/?_=1785404146450 HTTP/1.1\" 200 97", "timestamp": "2026-07-30T09:35:46.456018Z", "level": "info", "logger": "django.server"}
{"event": "\"OPTIONS /get-conventions/ HTTP/1.1\" 200 0", "timestamp": "2026-07-30T09:35:46.468164Z", "level": "info", "logger": "django.server"}
{"event": "\"POST /get-conventions/ HTTP/1.1\" 200 423", "timestamp": "2026-07-30T09:35:46.470575Z", "level": "info", "logger": "django.server"}
{"event": "\"GET /static-data/ HTTP/1.1\" 200 909456", "timestamp": "2026-07-30T09:36:20.599774Z", "level": "info", "logger": "django.server"}
{"event": "\"OPTIONS /get-conventions/ HTTP/1.1\" 200 0", "timestamp": "2026-07-30T09:36:20.603539Z", "level": "info", "logger": "django.server"}
{"event": "\"POST /get-conventions/ HTTP/1.1\" 200 423", "timestamp": "2026-07-30T09:36:20.606896Z", "level": "info", "logger": "django.server"}
{"event": "\"OPTIONS /conventions-selected/ HTTP/1.1\" 200 0", "timestamp": "2026-07-30T09:36:22.620984Z", "level": "info", "logger": "django.server"}
{"event": "Internal Server Error: /conventions-selected/", "exc_info": ["<class 'AttributeError'>", "AttributeError(\"'Hand' object has no attribute 'auction'\")", "<traceback object at 0x7fcc9d2400c0>"], "timestamp": "2026-07-30T09:36:22.640178Z", "level": "error", "logger": "django.request"}
{"event": "\"POST /conventions-selected/ HTTP/1.1\" 500 108274", "timestamp": "2026-07-30T09:36:22.643387Z", "level": "error", "logger": "django.server"}
{"event": "/home/jeff/projects/bridge/bidding-conventions-api/src/bidding_conventions/hand.py changed, reloading.", "timestamp": "2026-07-30T09:37:37.927257Z", "level": "info", "logger": "django.utils.autoreload"}
{"event": "Watching for file changes with StatReloader", "timestamp": "2026-07-30T09:37:38.161480Z", "level": "info", "logger": "django.utils.autoreload"}
{"event": "\"OPTIONS /conventions-selected/ HTTP/1.1\" 200 0", "timestamp": "2026-07-30T09:37:39.983405Z", "level": "info", "logger": "django.server"}
{"event": "Internal Server Error: /conventions-selected/", "exc_info": ["<class 'AttributeError'>", "AttributeError(\"'list' object has no attribute 'calls'\")", "<traceback object at 0x7f4e5228ec00>"], "timestamp": "2026-07-30T09:37:39.997533Z", "level": "error", "logger": "django.request"}
{"event": "\"POST /conventions-selected/ HTTP/1.1\" 500 108277", "timestamp": "2026-07-30T09:37:39.998695Z", "level": "error", "logger": "django.server"}
{"event": "/home/jeff/projects/bridge/bidding-conventions-api/src/bidding_conventions/hand.py changed, reloading.", "timestamp": "2026-07-30T09:38:19.748861Z", "level": "info", "logger": "django.utils.autoreload"}
{"event": "Watching for file changes with StatReloader", "timestamp": "2026-07-30T09:38:19.986840Z", "level": "info", "logger": "django.utils.autoreload"}
{"event": "\"OPTIONS /conventions-selected/ HTTP/1.1\" 200 0", "timestamp": "2026-07-30T09:38:23.398108Z", "level": "info", "logger": "django.server"}
{"event": "Internal Server Error: /conventions-selected/", "exc_info": ["<class 'AttributeError'>", "AttributeError(\"'list' object has no attribute 'calls'\")", "<traceback object at 0x7f96e92d1540>"], "timestamp": "2026-07-30T09:38:23.416499Z", "level": "error", "logger": "django.request"}
{"event": "\"POST /conventions-selected/ HTTP/1.1\" 500 108277", "timestamp": "2026-07-30T09:38:23.417721Z", "level": "error", "logger": "django.server"}
{"event": "/home/jeff/projects/bridge/bidding-conventions-api/src/bidding_conventions/five_card_majors/opener.py changed, reloading.", "timestamp": "2026-07-30T09:38:45.544100Z", "level": "info", "logger": "django.utils.autoreload"}
{"event": "Watching for file changes with StatReloader", "timestamp": "2026-07-30T09:38:45.772620Z", "level": "info", "logger": "django.utils.autoreload"}
{"event": "\"OPTIONS /conventions-selected/ HTTP/1.1\" 200 0", "timestamp": "2026-07-30T09:38:47.768731Z", "level": "info", "logger": "django.server"}
{"event": "Internal Server Error: /conventions-selected/", "exc_info": ["<class 'AttributeError'>", "AttributeError(\"'Question' object has no attribute 'auction'\")", "<traceback object at 0x7faee7e1ee00>"], "timestamp": "2026-07-30T09:38:47.786123Z", "level": "error", "logger": "django.request"}
{"event": "\"POST /conventions-selected/ HTTP/1.1\" 500 105056", "timestamp": "2026-07-30T09:38:47.787266Z", "level": "error", "logger": "django.server"}
{"event": "/home/jeff/projects/bridge/bidding-conventions-api/src/bidding_conventions/five_card_majors/opener.py changed, reloading.", "timestamp": "2026-07-30T09:39:09.323525Z", "level": "info", "logger": "django.utils.autoreload"}
{"event": "Watching for file changes with StatReloader", "timestamp": "2026-07-30T09:39:09.570912Z", "level": "info", "logger": "django.utils.autoreload"}
{"event": "\"OPTIONS /conventions-selected/ HTTP/1.1\" 200 0", "timestamp": "2026-07-30T09:39:10.649546Z", "level": "info", "logger": "django.server"}
{"event": "Internal Server Error: /conventions-selected/", "exc_info": ["<class 'AttributeError'>", "AttributeError(\"'Question' object has no attribute 'auction'\")", "<traceback object at 0x7f3c91c5c040>"], "timestamp": "2026-07-30T09:39:10.667528Z", "level": "error", "logger": "django.request"}
{"event": "\"POST /conventions-selected/ HTTP/1.1\" 500 105056", "timestamp": "2026-07-30T09:39:10.669604Z", "level": "error", "logger": "django.server"}
{"event": "/home/jeff/projects/bridge/bidding-conventions-api/src/bidding_conventions/question.py changed, reloading.", "timestamp": "2026-07-30T09:39:32.077781Z", "level": "info", "logger": "django.utils.autoreload"}
{"event": "Watching for file changes with StatReloader", "timestamp": "2026-07-30T09:39:32.316477Z", "level": "info", "logger": "django.utils.autoreload"}
{"event": "\"OPTIONS /conventions-selected/ HTTP/1.1\" 200 0", "timestamp": "2026-07-30T09:39:33.737249Z", "level": "info", "logger": "django.server"}
{"event": "\"POST /conventions-selected/ HTTP/1.1\" 200 2836", "timestamp": "2026-07-30T09:39:33.743917Z", "level": "info", "logger": "django.server"}
{"event": "\"OPTIONS /conventions-selected/ HTTP/1.1\" 200 0", "timestamp": "2026-07-30T09:39:35.685127Z", "level": "info", "logger": "django.server"}
{"event": "\"POST /conventions-selected/ HTTP/1.1\" 200 2834", "timestamp": "2026-07-30T09:39:35.688922Z", "level": "info", "logger": "django.server"}
{"event": "\"OPTIONS /conventions-selected/ HTTP/1.1\" 200 0", "timestamp": "2026-07-30T09:39:36.844794Z", "level": "info", "logger": "django.server"}
{"event": "\"POST /conventions-selected/ HTTP/1.1\" 200 2789", "timestamp": "2026-07-30T09:39:36.849333Z", "level": "info", "logger": "django.server"}
{"event": "\"GET /static-data/ HTTP/1.1\" 200 909456", "timestamp": "2026-07-30T09:39:43.457672Z", "level": "info", "logger": "django.server"}
{"event": "\"GET //ensure-csrf/?_=1785404383456 HTTP/1.1\" 200 97", "timestamp": "2026-07-30T09:39:43.474660Z", "level": "info", "logger": "django.server"}
{"event": "\"OPTIONS /get-conventions/ HTTP/1.1\" 200 0", "timestamp": "2026-07-30T09:39:43.525421Z", "level": "info", "logger": "django.server"}
{"event": "\"POST /get-conventions/ HTTP/1.1\" 200 423", "timestamp": "2026-07-30T09:39:43.528853Z", "level": "info", "logger": "django.server"}
{"event": "\"OPTIONS /conventions-selected/ HTTP/1.1\" 200 0", "timestamp": "2026-07-30T09:39:44.619334Z", "level": "info", "logger": "django.server"}
{"event": "\"POST /conventions-selected/ HTTP/1.1\" 200 2837", "timestamp": "2026-07-30T09:39:44.623534Z", "level": "info", "logger": "django.server"}
{"event": "\"GET /static-data/ HTTP/1.1\" 200 909456", "timestamp": "2026-07-30T09:40:30.243142Z", "level": "info", "logger": "django.server"}
{"event": "\"OPTIONS /get-conventions/ HTTP/1.1\" 200 0", "timestamp": "2026-07-30T09:40:30.243403Z", "level": "info", "logger": "django.server"}
{"event": "\"POST /get-conventions/ HTTP/1.1\" 200 423", "timestamp": "2026-07-30T09:40:30.247267Z", "level": "info", "logger": "django.server"}
{"event": "\"OPTIONS /conventions-selected/ HTTP/1.1\" 200 0", "timestamp": "2026-07-30T09:40:31.926339Z", "level": "info", "logger": "django.server"}
{"event": "\"POST /conventions-selected/ HTTP/1.1\" 200 2834", "timestamp": "2026-07-30T09:40:31.931024Z", "level": "info", "logger": "django.server"}
{"event": "\"OPTIONS /conventions-selected/ HTTP/1.1\" 200 0", "timestamp": "2026-07-30T09:40:35.554651Z", "level": "info", "logger": "django.server"}
{"event": "\"POST /conventions-selected/ HTTP/1.1\" 200 2834", "timestamp": "2026-07-30T09:40:35.561219Z", "level": "info", "logger": "django.server"}
{"event": "\"GET /static-data/ HTTP/1.1\" 200 909456", "timestamp": "2026-07-30T09:41:05.022991Z", "level": "info", "logger": "django.server"}
{"event": "\"OPTIONS /conventions-selected/ HTTP/1.1\" 200 0", "timestamp": "2026-07-30T09:41:07.019456Z", "level": "info", "logger": "django.server"}
{"event": "\"POST /conventions-selected/ HTTP/1.1\" 200 2836", "timestamp": "2026-07-30T09:41:07.024634Z", "level": "info", "logger": "django.server"}
{"event": "\"OPTIONS /conventions-selected/ HTTP/1.1\" 200 0", "timestamp": "2026-07-30T09:41:08.751934Z", "level": "info", "logger": "django.server"}
{"event": "\"POST /conventions-selected/ HTTP/1.1\" 200 2836", "timestamp": "2026-07-30T09:41:08.755946Z", "level": "info", "logger": "django.server"}
{"event": "\"OPTIONS /conventions-selected/ HTTP/1.1\" 200 0", "timestamp": "2026-07-30T09:41:09.502256Z", "level": "info", "logger": "django.server"}
{"event": "\"POST /conventions-selected/ HTTP/1.1\" 200 2834", "timestamp": "2026-07-30T09:41:09.506603Z", "level": "info", "logger": "django.server"}
{"event": "\"OPTIONS /conventions-selected/ HTTP/1.1\" 200 0", "timestamp": "2026-07-30T09:41:10.106097Z", "level": "info", "logger": "django.server"}
{"event": "\"POST /conventions-selected/ HTTP/1.1\" 200 2836", "timestamp": "2026-07-30T09:41:10.109922Z", "level": "info", "logger": "django.server"}
{"event": "\"OPTIONS /conventions-selected/ HTTP/1.1\" 200 0", "timestamp": "2026-07-30T09:41:10.678677Z", "level": "info", "logger": "django.server"}
{"event": "\"POST /conventions-selected/ HTTP/1.1\" 200 2836", "timestamp": "2026-07-30T09:41:10.682832Z", "level": "info", "logger": "django.server"}
{"event": "\"OPTIONS /conventions-selected/ HTTP/1.1\" 200 0", "timestamp": "2026-07-30T09:41:11.321984Z", "level": "info", "logger": "django.server"}
{"event": "\"POST /conventions-selected/ HTTP/1.1\" 200 2792", "timestamp": "2026-07-30T09:41:11.326519Z", "level": "info", "logger": "django.server"}
{"event": "\"OPTIONS /conventions-selected/ HTTP/1.1\" 200 0", "timestamp": "2026-07-30T09:41:11.862137Z", "level": "info", "logger": "django.server"}
{"event": "\"POST /conventions-selected/ HTTP/1.1\" 200 2836", "timestamp": "2026-07-30T09:41:11.866578Z", "level": "info", "logger": "django.server"}
{"event": "\"OPTIONS /conventions-selected/ HTTP/1.1\" 200 0", "timestamp": "2026-07-30T09:41:12.306691Z", "level": "info", "logger": "django.server"}
{"event": "\"POST /conventions-selected/ HTTP/1.1\" 200 2836", "timestamp": "2026-07-30T09:41:12.310003Z", "level": "info", "logger": "django.server"}
{"event": "\"GET /static-data/ HTTP/1.1\" 200 909456", "timestamp": "2026-07-30T09:42:34.751205Z", "level": "info", "logger": "django.server"}
{"event": "\"GET /static-data/ HTTP/1.1\" 200 909456", "timestamp": "2026-07-30T09:44:32.279298Z", "level": "info", "logger": "django.server"}
{"event": "\"GET //ensure-csrf/?_=1785404672279 HTTP/1.1\" 200 97", "timestamp": "2026-07-30T09:44:32.283676Z", "level": "info", "logger": "django.server"}
{"event": "\"OPTIONS /get-conventions/ HTTP/1.1\" 200 0", "timestamp": "2026-07-30T09:44:32.314386Z", "level": "info", "logger": "django.server"}
{"event": "\"POST /get-conventions/ HTTP/1.1\" 200 423", "timestamp": "2026-07-30T09:44:32.317786Z", "level": "info", "logger": "django.server"}
{"event": "\"OPTIONS /conventions-selected/ HTTP/1.1\" 200 0", "timestamp": "2026-07-30T09:44:33.846642Z", "level": "info", "logger": "django.server"}
{"event": "\"POST /conventions-selected/ HTTP/1.1\" 200 2834", "timestamp": "2026-07-30T09:44:33.850580Z", "level": "info", "logger": "django.server"}
{"event": "\"OPTIONS /conventions-selected/ HTTP/1.1\" 200 0", "timestamp": "2026-07-30T09:44:36.129235Z", "level": "info", "logger": "django.server"}
{"event": "\"POST /conventions-selected/ HTTP/1.1\" 200 2834", "timestamp": "2026-07-30T09:44:36.136893Z", "level": "info", "logger": "django.server"}
{"event": "\"GET /static-data/ HTTP/1.1\" 200 909456", "timestamp": "2026-07-30T09:46:01.498502Z", "level": "info", "logger": "django.server"}
{"event": "\"GET //ensure-csrf/?_=1785404761499 HTTP/1.1\" 200 97", "timestamp": "2026-07-30T09:46:01.513307Z", "level": "info", "logger": "django.server"}
{"event": "\"OPTIONS /get-conventions/ HTTP/1.1\" 200 0", "timestamp": "2026-07-30T09:46:01.561752Z", "level": "info", "logger": "django.server"}
{"event": "\"POST /get-conventions/ HTTP/1.1\" 200 423", "timestamp": "2026-07-30T09:46:01.563999Z", "level": "info", "logger": "django.server"}
{"event": "\"OPTIONS /conventions-selected/ HTTP/1.1\" 200 0", "timestamp": "2026-07-30T09:46:03.672885Z", "level": "info", "logger": "django.server"}
{"event": "\"POST /conventions-selected/ HTTP/1.1\" 200 2837", "timestamp": "2026-07-30T09:46:03.676534Z", "level": "info", "logger": "django.server"}
{"event": "\"OPTIONS /conventions-selected/ HTTP/1.1\" 200 0", "timestamp": "2026-07-30T09:50:17.567261Z", "level": "info", "logger": "django.server"}
{"event": "\"POST /conventions-selected/ HTTP/1.1\" 200 2834", "timestamp": "2026-07-30T09:50:17.571156Z", "level": "info", "logger": "django.server"}
{"event": "\"OPTIONS /conventions-selected/ HTTP/1.1\" 200 0", "timestamp": "2026-07-30T09:52:05.841131Z", "level": "info", "logger": "django.server"}
{"event": "\"POST /conventions-selected/ HTTP/1.1\" 200 2835", "timestamp": "2026-07-30T09:52:05.847371Z", "level": "info", "logger": "django.server"}
{"event": "\"GET /static-data/ HTTP/1.1\" 200 909456", "timestamp": "2026-07-30T09:52:40.870852Z", "level": "info", "logger": "django.server"}
{"event": "\"GET //ensure-csrf/?_=1785405160870 HTTP/1.1\" 200 97", "timestamp": "2026-07-30T09:52:40.886777Z", "level": "info", "logger": "django.server"}
{"event": "\"OPTIONS /get-conventions/ HTTP/1.1\" 200 0", "timestamp": "2026-07-30T09:52:40.939233Z", "level": "info", "logger": "django.server"}
{"event": "\"POST /get-conventions/ HTTP/1.1\" 200 423", "timestamp": "2026-07-30T09:52:40.942822Z", "level": "info", "logger": "django.server"}
{"event": "\"OPTIONS /conventions-selected/ HTTP/1.1\" 200 0", "timestamp": "2026-07-30T09:52:42.290725Z", "level": "info", "logger": "django.server"}
{"event": "\"POST /conventions-selected/ HTTP/1.1\" 200 2836", "timestamp": "2026-07-30T09:52:42.293933Z", "level": "info", "logger": "django.server"}
{"event": "\"GET /static-data/ HTTP/1.1\" 200 909456", "timestamp": "2026-07-30T09:53:22.112954Z", "level": "info", "logger": "django.server"}
{"event": "\"GET //ensure-csrf/?_=1785405202111 HTTP/1.1\" 200 97", "timestamp": "2026-07-30T09:53:22.127186Z", "level": "info", "logger": "django.server"}
{"event": "\"OPTIONS /get-conventions/ HTTP/1.1\" 200 0", "timestamp": "2026-07-30T09:53:22.174504Z", "level": "info", "logger": "django.server"}
{"event": "\"POST /get-conventions/ HTTP/1.1\" 200 423", "timestamp": "2026-07-30T09:53:22.176736Z", "level": "info", "logger": "django.server"}
{"event": "\"OPTIONS /conventions-selected/ HTTP/1.1\" 200 0", "timestamp": "2026-07-30T09:53:23.562794Z", "level": "info", "logger": "django.server"}
{"event": "\"POST /conventions-selected/ HTTP/1.1\" 200 2835", "timestamp": "2026-07-30T09:53:23.568183Z", "level": "info", "logger": "django.server"}
{"event": "\"GET /static-data/ HTTP/1.1\" 200 909456", "timestamp": "2026-07-30T09:53:48.437657Z", "level": "info", "logger": "django.server"}
{"event": "\"GET //ensure-csrf/?_=1785405228437 HTTP/1.1\" 200 97", "timestamp": "2026-07-30T09:53:48.441780Z", "level": "info", "logger": "django.server"}
{"event": "\"OPTIONS /get-conventions/ HTTP/1.1\" 200 0", "timestamp": "2026-07-30T09:53:48.469398Z", "level": "info", "logger": "django.server"}
{"event": "\"POST /get-conventions/ HTTP/1.1\" 200 423", "timestamp": "2026-07-30T09:53:48.473640Z", "level": "info", "logger": "django.server"}
{"event": "\"OPTIONS /conventions-selected/ HTTP/1.1\" 200 0", "timestamp": "2026-07-30T09:53:49.549801Z", "level": "info", "logger": "django.server"}
{"event": "\"POST /conventions-selected/ HTTP/1.1\" 200 2834", "timestamp": "2026-07-30T09:53:49.555073Z", "level": "info", "logger": "django.server"}
{"event": "\"OPTIONS /conventions-selected/ HTTP/1.1\" 200 0", "timestamp": "2026-07-30T09:53:52.762589Z", "level": "info", "logger": "django.server"}
{"event": "\"POST /conventions-selected/ HTTP/1.1\" 200 2836", "timestamp": "2026-07-30T09:53:52.766862Z", "level": "info", "logger": "django.server"}
{"event": "\"OPTIONS /conventions-selected/ HTTP/1.1\" 200 0", "timestamp": "2026-07-30T09:53:53.400622Z", "level": "info", "logger": "django.server"}
{"event": "\"POST /conventions-selected/ HTTP/1.1\" 200 2836", "timestamp": "2026-07-30T09:53:53.405496Z", "level": "info", "logger": "django.server"}
{"event": "\"OPTIONS /conventions-selected/ HTTP/1.1\" 200 0", "timestamp": "2026-07-30T09:53:54.286251Z", "level": "info", "logger": "django.server"}
{"event": "\"POST /conventions-selected/ HTTP/1.1\" 200 2834", "timestamp": "2026-07-30T09:53:54.292221Z", "level": "info", "logger": "django.server"}
{"event": "\"OPTIONS /conventions-selected/ HTTP/1.1\" 200 0", "timestamp": "2026-07-30T09:55:34.635289Z", "level": "info", "logger": "django.server"}
{"event": "\"POST /conventions-selected/ HTTP/1.1\" 200 2836", "timestamp": "2026-07-30T09:55:34.641557Z", "level": "info", "logger": "django.server"}
{"event": "\"OPTIONS /conventions-selected/ HTTP/1.1\" 200 0", "timestamp": "2026-07-30T09:55:38.491896Z", "level": "info", "logger": "django.server"}
{"event": "\"POST /conventions-selected/ HTTP/1.1\" 200 2837", "timestamp": "2026-07-30T09:55:38.497570Z", "level": "info", "logger": "django.server"}
{"event": "\"OPTIONS /conventions-selected/ HTTP/1.1\" 200 0", "timestamp": "2026-07-30T09:55:49.418263Z", "level": "info", "logger": "django.server"}
{"event": "\"POST /conventions-selected/ HTTP/1.1\" 200 2834", "timestamp": "2026-07-30T09:55:49.423113Z", "level": "info", "logger": "django.server"}
{"event": "\"OPTIONS /conventions-selected/ HTTP/1.1\" 200 0", "timestamp": "2026-07-30T09:56:42.600944Z", "level": "info", "logger": "django.server"}
{"event": "\"POST /conventions-selected/ HTTP/1.1\" 200 2836", "timestamp": "2026-07-30T09:56:42.609166Z", "level": "info", "logger": "django.server"}
{"event": "\"OPTIONS /conventions-selected/ HTTP/1.1\" 200 0", "timestamp": "2026-07-30T09:56:49.608214Z", "level": "info", "logger": "django.server"}
{"event": "\"POST /conventions-selected/ HTTP/1.1\" 200 2836", "timestamp": "2026-07-30T09:56:49.612337Z", "level": "info", "logger": "django.server"}
{"event": "\"OPTIONS /conventions-selected/ HTTP/1.1\" 200 0", "timestamp": "2026-07-30T09:57:07.503352Z", "level": "info", "logger": "django.server"}
{"event": "\"POST /conventions-selected/ HTTP/1.1\" 200 2834", "timestamp": "2026-07-30T09:57:07.506669Z", "level": "info", "logger": "django.server"}
{"event": "\"OPTIONS /conventions-selected/ HTTP/1.1\" 200 0", "timestamp": "2026-07-30T09:58:30.492045Z", "level": "info", "logger": "django.server"}
{"event": "\"POST /conventions-selected/ HTTP/1.1\" 200 2834", "timestamp": "2026-07-30T09:58:30.497700Z", "level": "info", "logger": "django.server"}
{"event": "\"OPTIONS /conventions-selected/ HTTP/1.1\" 200 0", "timestamp": "2026-07-30T09:58:41.474752Z", "level": "info", "logger": "django.server"}
{"event": "\"POST /conventions-selected/ HTTP/1.1\" 200 2836", "timestamp": "2026-07-30T09:58:41.478073Z", "level": "info", "logger": "django.server"}
{"event": "\"OPTIONS /conventions-selected/ HTTP/1.1\" 200 0", "timestamp": "2026-07-30T09:58:50.400535Z", "level": "info", "logger": "django.server"}
{"event": "\"POST /conventions-selected/ HTTP/1.1\" 200 2834", "timestamp": "2026-07-30T09:58:50.404492Z", "level": "info", "logger": "django.server"}
{"event": "\"GET /static-data/ HTTP/1.1\" 200 909456", "timestamp": "2026-07-30T10:00:05.848895Z", "level": "info", "logger": "django.server"}
{"event": "\"GET //ensure-csrf/?_=1785405605847 HTTP/1.1\" 200 97", "timestamp": "2026-07-30T10:00:05.857675Z", "level": "info", "logger": "django.server"}
{"event": "\"OPTIONS /get-conventions/ HTTP/1.1\" 200 0", "timestamp": "2026-07-30T10:00:05.904285Z", "level": "info", "logger": "django.server"}
{"event": "\"POST /get-conventions/ HTTP/1.1\" 200 423", "timestamp": "2026-07-30T10:00:05.906729Z", "level": "info", "logger": "django.server"}
{"event": "\"OPTIONS /conventions-selected/ HTTP/1.1\" 200 0", "timestamp": "2026-07-30T10:00:08.189841Z", "level": "info", "logger": "django.server"}
{"event": "\"POST /conventions-selected/ HTTP/1.1\" 200 2835", "timestamp": "2026-07-30T10:00:08.195062Z", "level": "info", "logger": "django.server"}
{"event": "\"OPTIONS /conventions-selected/ HTTP/1.1\" 200 0", "timestamp": "2026-07-30T10:00:47.582670Z", "level": "info", "logger": "django.server"}
{"event": "\"POST /conventions-selected/ HTTP/1.1\" 200 2836", "timestamp": "2026-07-30T10:00:47.588160Z", "level": "info", "logger": "django.server"}
{"event": "\"OPTIONS /conventions-selected/ HTTP/1.1\" 200 0", "timestamp": "2026-07-30T10:00:55.341627Z", "level": "info", "logger": "django.server"}
{"event": "\"POST /conventions-selected/ HTTP/1.1\" 200 2835", "timestamp": "2026-07-30T10:00:55.345238Z", "level": "info", "logger": "django.server"}
{"event": "\"OPTIONS /get-conventions/ HTTP/1.1\" 200 0", "timestamp": "2026-07-30T10:04:15.206388Z", "level": "info", "logger": "django.server"}
{"event": "\"POST /get-conventions/ HTTP/1.1\" 200 423", "timestamp": "2026-07-30T10:04:15.208959Z", "level": "info", "logger": "django.server"}
{"event": "\"OPTIONS /conventions-selected/ HTTP/1.1\" 200 0", "timestamp": "2026-07-30T10:04:25.103680Z", "level": "info", "logger": "django.server"}
{"event": "\"POST /conventions-selected/ HTTP/1.1\" 200 36", "timestamp": "2026-07-30T10:04:25.105797Z", "level": "info", "logger": "django.server"}
{"event": "\"OPTIONS /conventions-selected/ HTTP/1.1\" 200 0", "timestamp": "2026-07-30T10:04:31.163023Z", "level": "info", "logger": "django.server"}
{"event": "\"POST /conventions-selected/ HTTP/1.1\" 200 4906", "timestamp": "2026-07-30T10:04:31.165861Z", "level": "info", "logger": "django.server"}
{"event": "\"GET /static-data/ HTTP/1.1\" 200 909456", "timestamp": "2026-07-30T10:09:59.135493Z", "level": "info", "logger": "django.server"}
{"event": "\"GET /static-data/ HTTP/1.1\" 200 909456", "timestamp": "2026-07-30T10:10:19.923511Z", "level": "info", "logger": "django.server"}
{"event": "\"GET //ensure-csrf/?_=1785406219922 HTTP/1.1\" 200 97", "timestamp": "2026-07-30T10:10:19.926910Z", "level": "info", "logger": "django.server"}
{"event": "\"OPTIONS /get-conventions/ HTTP/1.1\" 200 0", "timestamp": "2026-07-30T10:10:19.953208Z", "level": "info", "logger": "django.server"}
{"event": "\"POST /get-conventions/ HTTP/1.1\" 200 423", "timestamp": "2026-07-30T10:10:19.957179Z", "level": "info", "logger": "django.server"}
{"event": "\"OPTIONS /conventions-selected/ HTTP/1.1\" 200 0", "timestamp": "2026-07-30T10:10:25.993375Z", "level": "info", "logger": "django.server"}
{"event": "\"POST /conventions-selected/ HTTP/1.1\" 200 2834", "timestamp": "2026-07-30T10:10:25.997097Z", "level": "info", "logger": "django.server"}
{"event": "\"GET /static-data/ HTTP/1.1\" 200 909456", "timestamp": "2026-07-30T10:11:01.069964Z", "level": "info", "logger": "django.server"}
{"event": "\"GET //ensure-csrf/?_=1785406261068 HTTP/1.1\" 200 97", "timestamp": "2026-07-30T10:11:01.091513Z", "level": "info", "logger": "django.server"}
{"event": "\"OPTIONS /get-conventions/ HTTP/1.1\" 200 0", "timestamp": "2026-07-30T10:11:01.142574Z", "level": "info", "logger": "django.server"}
{"event": "\"POST /get-conventions/ HTTP/1.1\" 200 423", "timestamp": "2026-07-30T10:11:01.145689Z", "level": "info", "logger": "django.server"}
{"event": "\"OPTIONS /conventions-selected/ HTTP/1.1\" 200 0", "timestamp": "2026-07-30T10:11:03.225439Z", "level": "info", "logger": "django.server"}
{"event": "\"POST /conventions-selected/ HTTP/1.1\" 200 2836", "timestamp": "2026-07-30T10:11:03.229554Z", "level": "info", "logger": "django.server"}
{"event": "\"GET /static-data/ HTTP/1.1\" 200 909456", "timestamp": "2026-07-30T10:11:07.389981Z", "level": "info", "logger": "django.server"}
{"event": "\"GET //ensure-csrf/?_=1785406267392 HTTP/1.1\" 200 97", "timestamp": "2026-07-30T10:11:07.395865Z", "level": "info", "logger": "django.server"}
{"event": "\"OPTIONS /get-conventions/ HTTP/1.1\" 200 0", "timestamp": "2026-07-30T10:11:07.445924Z", "level": "info", "logger": "django.server"}
{"event": "\"POST /get-conventions/ HTTP/1.1\" 200 423", "timestamp": "2026-07-30T10:11:07.449635Z", "level": "info", "logger": "django.server"}
{"event": "\"OPTIONS /conventions-selected/ HTTP/1.1\" 200 0", "timestamp": "2026-07-30T10:11:18.853737Z", "level": "info", "logger": "django.server"}
{"event": "\"POST /conventions-selected/ HTTP/1.1\" 200 5193", "timestamp": "2026-07-30T10:11:18.856530Z", "level": "info", "logger": "django.server"}
{"event": "\"GET /static-data/ HTTP/1.1\" 200 909456", "timestamp": "2026-07-30T10:11:26.606316Z", "level": "info", "logger": "django.server"}
{"event": "\"GET //ensure-csrf/?_=1785406286600 HTTP/1.1\" 200 97", "timestamp": "2026-07-30T10:11:26.607734Z", "level": "info", "logger": "django.server"}
{"event": "\"OPTIONS /get-conventions/ HTTP/1.1\" 200 0", "timestamp": "2026-07-30T10:11:26.636969Z", "level": "info", "logger": "django.server"}
{"event": "\"POST /get-conventions/ HTTP/1.1\" 200 423", "timestamp": "2026-07-30T10:11:26.640983Z", "level": "info", "logger": "django.server"}
{"event": "\"GET /static-data/ HTTP/1.1\" 200 909456", "timestamp": "2026-07-30T10:11:35.553590Z", "level": "info", "logger": "django.server"}
{"event": "\"GET //ensure-csrf/?_=1785406295552 HTTP/1.1\" 200 97", "timestamp": "2026-07-30T10:11:35.556953Z", "level": "info", "logger": "django.server"}
{"event": "\"OPTIONS /get-conventions/ HTTP/1.1\" 200 0", "timestamp": "2026-07-30T10:11:35.577099Z", "level": "info", "logger": "django.server"}
{"event": "\"POST /get-conventions/ HTTP/1.1\" 200 423", "timestamp": "2026-07-30T10:11:35.580995Z", "level": "info", "logger": "django.server"}
{"event": "\"GET /static-data/ HTTP/1.1\" 200 909456", "timestamp": "2026-07-30T10:12:40.880396Z", "level": "info", "logger": "django.server"}
{"event": "\"GET //ensure-csrf/?_=1785406360880 HTTP/1.1\" 200 97", "timestamp": "2026-07-30T10:12:40.884865Z", "level": "info", "logger": "django.server"}
{"event": "\"OPTIONS /get-conventions/ HTTP/1.1\" 200 0", "timestamp": "2026-07-30T10:12:40.919984Z", "level": "info", "logger": "django.server"}
{"event": "\"POST /get-conventions/ HTTP/1.1\" 200 423", "timestamp": "2026-07-30T10:12:40.924415Z", "level": "info", "logger": "django.server"}
{"event": "\"GET /static-data/ HTTP/1.1\" 200 909456", "timestamp": "2026-07-30T10:12:41.172022Z", "level": "info", "logger": "django.server"}
{"event": "\"GET //ensure-csrf/?_=1785406361171 HTTP/1.1\" 200 97", "timestamp": "2026-07-30T10:12:41.180280Z", "level": "info", "logger": "django.server"}
{"event": "\"GET /static-data/ HTTP/1.1\" 200 909456", "timestamp": "2026-07-30T10:12:41.360323Z", "level": "info", "logger": "django.server"}
{"event": "\"GET //ensure-csrf/?_=1785406361358 HTTP/1.1\" 200 97", "timestamp": "2026-07-30T10:12:41.367478Z", "level": "info", "logger": "django.server"}
{"event": "\"OPTIONS /get-conventions/ HTTP/1.1\" 200 0", "timestamp": "2026-07-30T10:12:41.386400Z", "level": "info", "logger": "django.server"}
{"event": "\"POST /get-conventions/ HTTP/1.1\" 200 423", "timestamp": "2026-07-30T10:12:41.390117Z", "level": "info", "logger": "django.server"}
{"event": "\"GET /static-data/ HTTP/1.1\" 200 909456", "timestamp": "2026-07-30T10:12:42.584129Z", "level": "info", "logger": "django.server"}
{"event": "\"GET //ensure-csrf/?_=1785406362582 HTTP/1.1\" 200 97", "timestamp": "2026-07-30T10:12:42.586818Z", "level": "info", "logger": "django.server"}
{"event": "\"OPTIONS /get-conventions/ HTTP/1.1\" 200 0", "timestamp": "2026-07-30T10:12:42.608091Z", "level": "info", "logger": "django.server"}
{"event": "\"POST /get-conventions/ HTTP/1.1\" 200 423", "timestamp": "2026-07-30T10:12:42.611954Z", "level": "info", "logger": "django.server"}
{"event": "\"OPTIONS /conventions-selected/ HTTP/1.1\" 200 0", "timestamp": "2026-07-30T10:12:49.761621Z", "level": "info", "logger": "django.server"}
{"event": "\"POST /conventions-selected/ HTTP/1.1\" 200 2836", "timestamp": "2026-07-30T10:12:49.768492Z", "level": "info", "logger": "django.server"}
{"event": "\"GET /static-data/ HTTP/1.1\" 200 909456", "timestamp": "2026-07-30T10:13:22.412118Z", "level": "info", "logger": "django.server"}
{"event": "\"GET //ensure-csrf/?_=1785406402409 HTTP/1.1\" 200 97", "timestamp": "2026-07-30T10:13:22.429484Z", "level": "info", "logger": "django.server"}
{"event": "\"OPTIONS /get-conventions/ HTTP/1.1\" 200 0", "timestamp": "2026-07-30T10:13:22.475212Z", "level": "info", "logger": "django.server"}
{"event": "\"POST /get-conventions/ HTTP/1.1\" 200 423", "timestamp": "2026-07-30T10:13:22.477749Z", "level": "info", "logger": "django.server"}
{"event": "\"OPTIONS /conventions-selected/ HTTP/1.1\" 200 0", "timestamp": "2026-07-30T10:13:24.407429Z", "level": "info", "logger": "django.server"}
{"event": "\"POST /conventions-selected/ HTTP/1.1\" 200 2834", "timestamp": "2026-07-30T10:13:24.412250Z", "level": "info", "logger": "django.server"}
{"event": "\"GET /static-data/ HTTP/1.1\" 200 909456", "timestamp": "2026-07-30T10:32:55.368395Z", "level": "info", "logger": "django.server"}
{"event": "\"GET //ensure-csrf/?_=1785407575368 HTTP/1.1\" 200 97", "timestamp": "2026-07-30T10:32:55.374568Z", "level": "info", "logger": "django.server"}
{"event": "\"OPTIONS /get-conventions/ HTTP/1.1\" 200 0", "timestamp": "2026-07-30T10:32:55.407416Z", "level": "info", "logger": "django.server"}
{"event": "\"POST /get-conventions/ HTTP/1.1\" 200 423", "timestamp": "2026-07-30T10:32:55.412817Z", "level": "info", "logger": "django.server"}
{"event": "\"OPTIONS /conventions-selected/ HTTP/1.1\" 200 0", "timestamp": "2026-07-30T10:32:57.166533Z", "level": "info", "logger": "django.server"}
{"event": "\"POST /conventions-selected/ HTTP/1.1\" 200 2836", "timestamp": "2026-07-30T10:32:57.170378Z", "level": "info", "logger": "django.server"}
{"event": "\"GET /static-data/ HTTP/1.1\" 200 909456", "timestamp": "2026-07-30T10:33:06.214716Z", "level": "info", "logger": "django.server"}
{"event": "\"GET //ensure-csrf/?_=1785407586215 HTTP/1.1\" 200 97", "timestamp": "2026-07-30T10:33:06.219299Z", "level": "info", "logger": "django.server"}
{"event": "\"OPTIONS /get-conventions/ HTTP/1.1\" 200 0", "timestamp": "2026-07-30T10:33:06.246764Z", "level": "info", "logger": "django.server"}
{"event": "\"POST /get-conventions/ HTTP/1.1\" 200 423", "timestamp": "2026-07-30T10:33:06.251372Z", "level": "info", "logger": "django.server"}
{"event": "\"OPTIONS /conventions-selected/ HTTP/1.1\" 200 0", "timestamp": "2026-07-30T10:33:07.673687Z", "level": "info", "logger": "django.server"}
{"event": "\"POST /conventions-selected/ HTTP/1.1\" 200 2836", "timestamp": "2026-07-30T10:33:07.677890Z", "level": "info", "logger": "django.server"}
{"event": "\"GET /static-data/ HTTP/1.1\" 200 909456", "timestamp": "2026-07-30T10:38:49.102006Z", "level": "info", "logger": "django.server"}
{"event": "\"GET /static-data/ HTTP/1.1\" 200 909456", "timestamp": "2026-07-30T10:39:57.642709Z", "level": "info", "logger": "django.server"}
{"event": "\"GET //ensure-csrf/?_=1785407997645 HTTP/1.1\" 200 97", "timestamp": "2026-07-30T10:39:57.647769Z", "level": "info", "logger": "django.server"}
{"event": "\"OPTIONS /get-conventions/ HTTP/1.1\" 200 0", "timestamp": "2026-07-30T10:39:57.697717Z", "level": "info", "logger": "django.server"}
{"event": "\"POST /get-conventions/ HTTP/1.1\" 200 423", "timestamp": "2026-07-30T10:39:57.700247Z", "level": "info", "logger": "django.server"}
{"event": "\"OPTIONS /conventions-selected/ HTTP/1.1\" 200 0", "timestamp": "2026-07-30T10:40:08.189443Z", "level": "info", "logger": "django.server"}
{"event": "\"POST /conventions-selected/ HTTP/1.1\" 200 2835", "timestamp": "2026-07-30T10:40:08.192810Z", "level": "info", "logger": "django.server"}
{"event": "\"OPTIONS /get-conventions/ HTTP/1.1\" 200 0", "timestamp": "2026-07-30T10:40:20.466717Z", "level": "info", "logger": "django.server"}
{"event": "\"POST /get-conventions/ HTTP/1.1\" 200 423", "timestamp": "2026-07-30T10:40:20.469165Z", "level": "info", "logger": "django.server"}
{"event": "\"OPTIONS /conventions-selected/ HTTP/1.1\" 200 0", "timestamp": "2026-07-30T10:40:24.155161Z", "level": "info", "logger": "django.server"}
{"event": "\"POST /conventions-selected/ HTTP/1.1\" 200 4912", "timestamp": "2026-07-30T10:40:24.158831Z", "level": "info", "logger": "django.server"}
{"event": "\"GET /static-data/ HTTP/1.1\" 200 909456", "timestamp": "2026-07-30T10:40:45.712602Z", "level": "info", "logger": "django.server"}
{"event": "\"GET /static-data/ HTTP/1.1\" 200 909456", "timestamp": "2026-07-30T10:41:00.143109Z", "level": "info", "logger": "django.server"}
{"event": "\"GET //ensure-csrf/?_=1785408060137 HTTP/1.1\" 200 97", "timestamp": "2026-07-30T10:41:00.143388Z", "level": "info", "logger": "django.server"}
{"event": "\"OPTIONS /get-conventions/ HTTP/1.1\" 200 0", "timestamp": "2026-07-30T10:41:00.175814Z", "level": "info", "logger": "django.server"}
{"event": "\"POST /get-conventions/ HTTP/1.1\" 200 423", "timestamp": "2026-07-30T10:41:00.179186Z", "level": "info", "logger": "django.server"}
{"event": "\"OPTIONS /conventions-selected/ HTTP/1.1\" 200 0", "timestamp": "2026-07-30T10:41:05.031596Z", "level": "info", "logger": "django.server"}
{"event": "\"POST /conventions-selected/ HTTP/1.1\" 200 2837", "timestamp": "2026-07-30T10:41:05.035940Z", "level": "info", "logger": "django.server"}
{"event": "\"OPTIONS /get-conventions/ HTTP/1.1\" 200 0", "timestamp": "2026-07-30T10:41:13.701040Z", "level": "info", "logger": "django.server"}
{"event": "\"POST /get-conventions/ HTTP/1.1\" 200 423", "timestamp": "2026-07-30T10:41:13.704412Z", "level": "info", "logger": "django.server"}
{"event": "\"OPTIONS /conventions-selected/ HTTP/1.1\" 200 0", "timestamp": "2026-07-30T10:41:16.961500Z", "level": "info", "logger": "django.server"}
{"event": "\"POST /conventions-selected/ HTTP/1.1\" 200 5193", "timestamp": "2026-07-30T10:41:16.964140Z", "level": "info", "logger": "django.server"}
{"event": "\"GET /static-data/ HTTP/1.1\" 200 909456", "timestamp": "2026-07-30T10:48:51.680056Z", "level": "info", "logger": "django.server"}
{"event": "\"GET //ensure-csrf/?_=1785408531676 HTTP/1.1\" 200 97", "timestamp": "2026-07-30T10:48:51.683756Z", "level": "info", "logger": "django.server"}
{"event": "\"OPTIONS /get-conventions/ HTTP/1.1\" 200 0", "timestamp": "2026-07-30T10:48:51.705640Z", "level": "info", "logger": "django.server"}
{"event": "\"POST /get-conventions/ HTTP/1.1\" 200 423", "timestamp": "2026-07-30T10:48:51.709182Z", "level": "info", "logger": "django.server"}
{"event": "\"OPTIONS /conventions-selected/ HTTP/1.1\" 200 0", "timestamp": "2026-07-30T10:49:14.891094Z", "level": "info", "logger": "django.server"}
{"event": "\"POST /conventions-selected/ HTTP/1.1\" 200 2836", "timestamp": "2026-07-30T10:49:14.895349Z", "level": "info", "logger": "django.server"}
{"event": "\"OPTIONS /get-conventions/ HTTP/1.1\" 200 0", "timestamp": "2026-07-30T10:49:25.787088Z", "level": "info", "logger": "django.server"}
{"event": "\"POST /get-conventions/ HTTP/1.1\" 200 423", "timestamp": "2026-07-30T10:49:25.790009Z", "level": "info", "logger": "django.server"}
{"event": "\"OPTIONS /conventions-selected/ HTTP/1.1\" 200 0", "timestamp": "2026-07-30T10:49:29.333768Z", "level": "info", "logger": "django.server"}
{"event": "\"POST /conventions-selected/ HTTP/1.1\" 200 4858", "timestamp": "2026-07-30T10:49:29.336574Z", "level": "info", "logger": "django.server"}
{"event": "\"GET /static-data/ HTTP/1.1\" 200 909456", "timestamp": "2026-07-30T10:50:12.043575Z", "level": "info", "logger": "django.server"}
{"event": "\"OPTIONS /get-conventions/ HTTP/1.1\" 200 0", "timestamp": "2026-07-30T10:50:16.809392Z", "level": "info", "logger": "django.server"}
{"event": "\"POST /get-conventions/ HTTP/1.1\" 200 423", "timestamp": "2026-07-30T10:50:16.812033Z", "level": "info", "logger": "django.server"}
{"event": "\"OPTIONS /conventions-selected/ HTTP/1.1\" 200 0", "timestamp": "2026-07-30T10:50:18.105617Z", "level": "info", "logger": "django.server"}
{"event": "\"POST /conventions-selected/ HTTP/1.1\" 200 4905", "timestamp": "2026-07-30T10:50:18.108411Z", "level": "info", "logger": "django.server"}
{"event": "\"OPTIONS /get-conventions/ HTTP/1.1\" 200 0", "timestamp": "2026-07-30T10:51:48.120466Z", "level": "info", "logger": "django.server"}
{"event": "\"POST /get-conventions/ HTTP/1.1\" 200 423", "timestamp": "2026-07-30T10:51:48.122941Z", "level": "info", "logger": "django.server"}
{"event": "\"OPTIONS /conventions-selected/ HTTP/1.1\" 200 0", "timestamp": "2026-07-30T10:51:51.197872Z", "level": "info", "logger": "django.server"}
{"event": "\"POST /conventions-selected/ HTTP/1.1\" 200 2835", "timestamp": "2026-07-30T10:51:51.201842Z", "level": "info", "logger": "django.server"}
{"event": "\"GET /static-data/ HTTP/1.1\" 200 909456", "timestamp": "2026-07-30T10:53:19.673963Z", "level": "info", "logger": "django.server"}
{"event": "\"GET /static-data/ HTTP/1.1\" 200 909456", "timestamp": "2026-07-30T10:54:42.682707Z", "level": "info", "logger": "django.server"}
{"event": "\"OPTIONS /get-conventions/ HTTP/1.1\" 200 0", "timestamp": "2026-07-30T10:54:45.026140Z", "level": "info", "logger": "django.server"}
{"event": "\"POST /get-conventions/ HTTP/1.1\" 200 423", "timestamp": "2026-07-30T10:54:45.028642Z", "level": "info", "logger": "django.server"}
{"event": "\"OPTIONS /conventions-selected/ HTTP/1.1\" 200 0", "timestamp": "2026-07-30T10:54:46.441147Z", "level": "info", "logger": "django.server"}
{"event": "\"POST /conventions-selected/ HTTP/1.1\" 200 2834", "timestamp": "2026-07-30T10:54:46.444775Z", "level": "info", "logger": "django.server"}
{"event": "\"OPTIONS /conventions-selected/ HTTP/1.1\" 200 0", "timestamp": "2026-07-30T10:55:02.625962Z", "level": "info", "logger": "django.server"}
{"event": "\"POST /conventions-selected/ HTTP/1.1\" 200 2836", "timestamp": "2026-07-30T10:55:02.630102Z", "level": "info", "logger": "django.server"}
{"event": "\"OPTIONS /conventions-selected/ HTTP/1.1\" 200 0", "timestamp": "2026-07-30T10:55:03.753312Z", "level": "info", "logger": "django.server"}
{"event": "\"POST /conventions-selected/ HTTP/1.1\" 200 2834", "timestamp": "2026-07-30T10:55:03.757162Z", "level": "info", "logger": "django.server"}
{"event": "\"OPTIONS /conventions-selected/ HTTP/1.1\" 200 0", "timestamp": "2026-07-30T10:55:04.292096Z", "level": "info", "logger": "django.server"}
{"event": "\"POST /conventions-selected/ HTTP/1.1\" 200 2835", "timestamp": "2026-07-30T10:55:04.295574Z", "level": "info", "logger": "django.server"}
{"event": "\"OPTIONS /conventions-selected/ HTTP/1.1\" 200 0", "timestamp": "2026-07-30T10:55:04.654411Z", "level": "info", "logger": "django.server"}
{"event": "\"POST /conventions-selected/ HTTP/1.1\" 200 2836", "timestamp": "2026-07-30T10:55:04.658957Z", "level": "info", "logger": "django.server"}
{"event": "\"OPTIONS /conventions-selected/ HTTP/1.1\" 200 0", "timestamp": "2026-07-30T10:55:04.887894Z", "level": "info", "logger": "django.server"}
{"event": "\"POST /conventions-selected/ HTTP/1.1\" 200 2834", "timestamp": "2026-07-30T10:55:04.891302Z", "level": "info", "logger": "django.server"}
{"event": "\"GET /static-data/ HTTP/1.1\" 200 909456", "timestamp": "2026-07-30T10:55:11.245255Z", "level": "info", "logger": "django.server"}
{"event": "\"GET //ensure-csrf/?_=1785408911243 HTTP/1.1\" 200 97", "timestamp": "2026-07-30T10:55:11.248428Z", "level": "info", "logger": "django.server"}
{"event": "\"OPTIONS /get-conventions/ HTTP/1.1\" 200 0", "timestamp": "2026-07-30T10:55:11.285529Z", "level": "info", "logger": "django.server"}
{"event": "\"POST /get-conventions/ HTTP/1.1\" 200 423", "timestamp": "2026-07-30T10:55:11.287937Z", "level": "info", "logger": "django.server"}
{"event": "\"OPTIONS /conventions-selected/ HTTP/1.1\" 200 0", "timestamp": "2026-07-30T10:55:12.816410Z", "level": "info", "logger": "django.server"}
{"event": "\"POST /conventions-selected/ HTTP/1.1\" 200 2834", "timestamp": "2026-07-30T10:55:12.821153Z", "level": "info", "logger": "django.server"}
{"event": "\"GET /static-data/ HTTP/1.1\" 200 909456", "timestamp": "2026-07-30T10:55:35.482242Z", "level": "info", "logger": "django.server"}
{"event": "\"OPTIONS /conventions-selected/ HTTP/1.1\" 200 0", "timestamp": "2026-07-30T10:55:37.450199Z", "level": "info", "logger": "django.server"}
{"event": "\"POST /conventions-selected/ HTTP/1.1\" 200 2836", "timestamp": "2026-07-30T10:55:37.454117Z", "level": "info", "logger": "django.server"}
{"event": "\"OPTIONS /get-conventions/ HTTP/1.1\" 200 0", "timestamp": "2026-07-30T10:55:41.521815Z", "level": "info", "logger": "django.server"}
{"event": "\"POST /get-conventions/ HTTP/1.1\" 200 423", "timestamp": "2026-07-30T10:55:41.524938Z", "level": "info", "logger": "django.server"}
{"event": "\"OPTIONS /conventions-selected/ HTTP/1.1\" 200 0", "timestamp": "2026-07-30T10:55:42.728089Z", "level": "info", "logger": "django.server"}
{"event": "\"POST /conventions-selected/ HTTP/1.1\" 200 2836", "timestamp": "2026-07-30T10:55:42.732686Z", "level": "info", "logger": "django.server"}
{"event": "\"OPTIONS /conventions-selected/ HTTP/1.1\" 200 0", "timestamp": "2026-07-30T10:55:48.457085Z", "level": "info", "logger": "django.server"}
{"event": "\"POST /conventions-selected/ HTTP/1.1\" 200 2791", "timestamp": "2026-07-30T10:55:48.461494Z", "level": "info", "logger": "django.server"}
{"event": "\"OPTIONS /get-conventions/ HTTP/1.1\" 200 0", "timestamp": "2026-07-30T10:55:50.794279Z", "level": "info", "logger": "django.server"}
{"event": "\"POST /get-conventions/ HTTP/1.1\" 200 423", "timestamp": "2026-07-30T10:55:50.797534Z", "level": "info", "logger": "django.server"}
{"event": "\"OPTIONS /conventions-selected/ HTTP/1.1\" 200 0", "timestamp": "2026-07-30T10:55:55.422170Z", "level": "info", "logger": "django.server"}
{"event": "\"POST /conventions-selected/ HTTP/1.1\" 200 5209", "timestamp": "2026-07-30T10:55:55.424971Z", "level": "info", "logger": "django.server"}
{"event": "\"OPTIONS /get-conventions/ HTTP/1.1\" 200 0", "timestamp": "2026-07-30T10:56:01.725501Z", "level": "info", "logger": "django.server"}
{"event": "\"POST /get-conventions/ HTTP/1.1\" 200 423", "timestamp": "2026-07-30T10:56:01.728539Z", "level": "info", "logger": "django.server"}
{"event": "\"OPTIONS /conventions-selected/ HTTP/1.1\" 200 0", "timestamp": "2026-07-30T10:56:05.863832Z", "level": "info", "logger": "django.server"}
{"event": "\"POST /conventions-selected/ HTTP/1.1\" 200 2836", "timestamp": "2026-07-30T10:56:05.868172Z", "level": "info", "logger": "django.server"}
{"event": "\"OPTIONS /get-conventions/ HTTP/1.1\" 200 0", "timestamp": "2026-07-30T10:56:49.521934Z", "level": "info", "logger": "django.server"}
{"event": "\"POST /get-conventions/ HTTP/1.1\" 200 423", "timestamp": "2026-07-30T10:56:49.523952Z", "level": "info", "logger": "django.server"}
{"event": "\"OPTIONS /conventions-selected/ HTTP/1.1\" 200 0", "timestamp": "2026-07-30T10:56:53.163014Z", "level": "info", "logger": "django.server"}
{"event": "\"POST /conventions-selected/ HTTP/1.1\" 200 4914", "timestamp": "2026-07-30T10:56:53.166067Z", "level": "info", "logger": "django.server"}
{"event": "\"OPTIONS /conventions-selected/ HTTP/1.1\" 200 0", "timestamp": "2026-07-30T10:57:06.531738Z", "level": "info", "logger": "django.server"}
{"event": "\"POST /conventions-selected/ HTTP/1.1\" 200 4910", "timestamp": "2026-07-30T10:57:06.537498Z", "level": "info", "logger": "django.server"}
{"event": "\"OPTIONS /conventions-selected/ HTTP/1.1\" 200 0", "timestamp": "2026-07-30T10:57:07.617042Z", "level": "info", "logger": "django.server"}
{"event": "\"POST /conventions-selected/ HTTP/1.1\" 200 4905", "timestamp": "2026-07-30T10:57:07.619440Z", "level": "info", "logger": "django.server"}
{"event": "\"OPTIONS /conventions-selected/ HTTP/1.1\" 200 0", "timestamp": "2026-07-30T10:57:08.052963Z", "level": "info", "logger": "django.server"}
{"event": "\"POST /conventions-selected/ HTTP/1.1\" 200 5209", "timestamp": "2026-07-30T10:57:08.055118Z", "level": "info", "logger": "django.server"}
{"event": "\"GET //ensure-csrf/?_=1785409039219 HTTP/1.1\" 200 97", "timestamp": "2026-07-30T10:57:19.222785Z", "level": "info", "logger": "django.server"}
{"event": "\"OPTIONS /get-conventions/ HTTP/1.1\" 200 0", "timestamp": "2026-07-30T10:57:19.258851Z", "level": "info", "logger": "django.server"}
{"event": "\"POST /get-conventions/ HTTP/1.1\" 200 423", "timestamp": "2026-07-30T10:57:19.263485Z", "level": "info", "logger": "django.server"}
{"event": "\"OPTIONS /conventions-selected/ HTTP/1.1\" 200 0", "timestamp": "2026-07-30T10:57:21.277964Z", "level": "info", "logger": "django.server"}
{"event": "\"POST /conventions-selected/ HTTP/1.1\" 200 5209", "timestamp": "2026-07-30T10:57:21.280786Z", "level": "info", "logger": "django.server"}
{"event": "\"POST /conventions-selected/ HTTP/1.1\" 200 4914", "timestamp": "2026-07-30T10:57:36.639632Z", "level": "info", "logger": "django.server"}
{"event": "\"POST /conventions-selected/ HTTP/1.1\" 200 5209", "timestamp": "2026-07-30T10:57:38.253851Z", "level": "info", "logger": "django.server"}
{"event": "\"POST /conventions-selected/ HTTP/1.1\" 200 4913", "timestamp": "2026-07-30T10:57:39.502976Z", "level": "info", "logger": "django.server"}
{"event": "\"POST /conventions-selected/ HTTP/1.1\" 200 4910", "timestamp": "2026-07-30T10:57:40.588106Z", "level": "info", "logger": "django.server"}
{"event": "\"POST /conventions-selected/ HTTP/1.1\" 200 5197", "timestamp": "2026-07-30T10:57:41.380192Z", "level": "info", "logger": "django.server"}
{"event": "/home/jeff/projects/bridge/bidding-conventions-api/src/bidding_conventions/question.py changed, reloading.", "timestamp": "2026-07-30T11:02:03.282901Z", "level": "info", "logger": "django.utils.autoreload"}
{"event": "Watching for file changes with StatReloader", "timestamp": "2026-07-30T11:02:03.519602Z", "level": "info", "logger": "django.utils.autoreload"}
{"event": "/home/jeff/projects/bridge/bidding-conventions-api/src/bidding_conventions/question.py changed, reloading.", "timestamp": "2026-07-30T11:03:11.154036Z", "level": "info", "logger": "django.utils.autoreload"}
{"event": "Watching for file changes with StatReloader", "timestamp": "2026-07-30T11:03:11.396107Z", "level": "info", "logger": "django.utils.autoreload"}
{"event": "/home/jeff/projects/bridge/bidding-conventions-api/src/bidding_conventions/question.py changed, reloading.", "timestamp": "2026-07-30T11:04:02.018301Z", "level": "info", "logger": "django.utils.autoreload"}
{"event": "Watching for file changes with StatReloader", "timestamp": "2026-07-30T11:04:02.278047Z", "level": "info", "logger": "django.utils.autoreload"}
{"event": "/home/jeff/projects/bridge/bidding-conventions-api/src/bidding_conventions/question.py changed, reloading.", "timestamp": "2026-07-30T11:04:23.804852Z", "level": "info", "logger": "django.utils.autoreload"}
{"event": "Watching for file changes with StatReloader", "timestamp": "2026-07-30T11:04:24.056221Z", "level": "info", "logger": "django.utils.autoreload"}
{"event": "/home/jeff/projects/bridge/bidding-conventions-api/src/bidding_conventions/question.py changed, reloading.", "timestamp": "2026-07-30T11:05:31.689816Z", "level": "info", "logger": "django.utils.autoreload"}
{"event": "Watching for file changes with StatReloader", "timestamp": "2026-07-30T11:05:31.906272Z", "level": "info", "logger": "django.utils.autoreload"}
{"event": "/home/jeff/projects/bridge/bidding-conventions-api/src/bidding_conventions/question.py changed, reloading.", "timestamp": "2026-07-30T11:09:26.058747Z", "level": "info", "logger": "django.utils.autoreload"}
{"event": "Watching for file changes with StatReloader", "timestamp": "2026-07-30T11:09:26.299864Z", "level": "info", "logger": "django.utils.autoreload"}
{"event": "/home/jeff/projects/bridge/bidding-conventions-api/src/bidding_conventions/question.py changed, reloading.", "timestamp": "2026-07-30T11:09:41.750703Z", "level": "info", "logger": "django.utils.autoreload"}
{"event": "Watching for file changes with StatReloader", "timestamp": "2026-07-30T11:09:41.967196Z", "level": "info", "logger": "django.utils.autoreload"}
{"event": "/home/jeff/projects/bridge/bidding-conventions-api/src/bidding_conventions/question.py changed, reloading.", "timestamp": "2026-07-30T11:10:24.537929Z", "level": "info", "logger": "django.utils.autoreload"}
{"event": "Watching for file changes with StatReloader", "timestamp": "2026-07-30T11:10:24.765861Z", "level": "info", "logger": "django.utils.autoreload"}
{"event": "/home/jeff/projects/bridge/bidding-conventions-api/src/bidding_conventions/five_card_majors/opener.py changed, reloading.", "timestamp": "2026-07-30T11:11:09.350046Z", "level": "info", "logger": "django.utils.autoreload"}
{"event": "Watching for file changes with StatReloader", "timestamp": "2026-07-30T11:11:09.579671Z", "level": "info", "logger": "django.utils.autoreload"}
{"event": "/home/jeff/projects/bridge/bidding-conventions-api/src/bidding_conventions/question.py changed, reloading.", "timestamp": "2026-07-30T11:12:24.277665Z", "level": "info", "logger": "django.utils.autoreload"}
{"event": "Watching for file changes with StatReloader", "timestamp": "2026-07-30T11:12:24.497478Z", "level": "info", "logger": "django.utils.autoreload"}
{"event": "\"POST /get-conventions/ HTTP/1.1\" 200 423", "timestamp": "2026-07-30T11:12:27.609925Z", "level": "info", "logger": "django.server"}
{"event": "\"POST /conventions-selected/ HTTP/1.1\" 200 2860", "timestamp": "2026-07-30T11:12:31.471347Z", "level": "info", "logger": "django.server"}
{"event": "\"POST /conventions-selected/ HTTP/1.1\" 200 2858", "timestamp": "2026-07-30T11:12:37.687614Z", "level": "info", "logger": "django.server"}
{"event": "\"POST /conventions-selected/ HTTP/1.1\" 200 2858", "timestamp": "2026-07-30T11:12:38.686970Z", "level": "info", "logger": "django.server"}
{"event": "\"POST /conventions-selected/ HTTP/1.1\" 200 2860", "timestamp": "2026-07-30T11:12:39.415576Z", "level": "info", "logger": "django.server"}
{"event": "\"POST /conventions-selected/ HTTP/1.1\" 200 2858", "timestamp": "2026-07-30T11:12:39.987533Z", "level": "info", "logger": "django.server"}
{"event": "/home/jeff/projects/bridge/bidding-conventions-api/src/bidding_conventions/five_card_majors/opener.py changed, reloading.", "timestamp": "2026-07-30T11:12:50.021684Z", "level": "info", "logger": "django.utils.autoreload"}
{"event": "Watching for file changes with StatReloader", "timestamp": "2026-07-30T11:12:50.250624Z", "level": "info", "logger": "django.utils.autoreload"}
{"event": "\"POST /conventions-selected/ HTTP/1.1\" 200 2860", "timestamp": "2026-07-30T11:12:53.326102Z", "level": "info", "logger": "django.server"}
{"event": "\"POST /conventions-selected/ HTTP/1.1\" 200 2859", "timestamp": "2026-07-30T11:12:54.854129Z", "level": "info", "logger": "django.server"}
{"event": "\"POST /conventions-selected/ HTTP/1.1\" 200 2858", "timestamp": "2026-07-30T11:12:55.491243Z", "level": "info", "logger": "django.server"}
{"event": "\"POST /conventions-selected/ HTTP/1.1\" 200 2860", "timestamp": "2026-07-30T11:12:55.877360Z", "level": "info", "logger": "django.server"}
{"event": "\"POST /conventions-selected/ HTTP/1.1\" 200 2858", "timestamp": "2026-07-30T11:12:56.092850Z", "level": "info", "logger": "django.server"}
{"event": "\"POST /conventions-selected/ HTTP/1.1\" 200 2858", "timestamp": "2026-07-30T11:12:56.296841Z", "level": "info", "logger": "django.server"}
{"event": "\"POST /conventions-selected/ HTTP/1.1\" 200 2860", "timestamp": "2026-07-30T11:12:56.497753Z", "level": "info", "logger": "django.server"}
{"event": "\"POST /conventions-selected/ HTTP/1.1\" 200 2860", "timestamp": "2026-07-30T11:12:56.688924Z", "level": "info", "logger": "django.server"}
{"event": "\"POST /conventions-selected/ HTTP/1.1\" 200 2858", "timestamp": "2026-07-30T11:13:08.102513Z", "level": "info", "logger": "django.server"}
{"event": "\"POST /conventions-selected/ HTTP/1.1\" 200 2860", "timestamp": "2026-07-30T11:13:08.697094Z", "level": "info", "logger": "django.server"}
{"event": "/home/jeff/projects/bridge/bidding-conventions-api/src/bidding_conventions/question.py changed, reloading.", "timestamp": "2026-07-30T11:13:28.840562Z", "level": "info", "logger": "django.utils.autoreload"}
{"event": "Watching for file changes with StatReloader", "timestamp": "2026-07-30T11:13:29.079232Z", "level": "info", "logger": "django.utils.autoreload"}
{"event": "\"POST /conventions-selected/ HTTP/1.1\" 200 2860", "timestamp": "2026-07-30T11:13:31.623016Z", "level": "info", "logger": "django.server"}
{"event": "\"POST /conventions-selected/ HTTP/1.1\" 200 2858", "timestamp": "2026-07-30T11:13:32.622228Z", "level": "info", "logger": "django.server"}
{"event": "\"POST /conventions-selected/ HTTP/1.1\" 200 2813", "timestamp": "2026-07-30T11:13:33.207806Z", "level": "info", "logger": "django.server"}
{"event": "/home/jeff/projects/bridge/bidding-conventions-api/src/bidding_conventions/question.py changed, reloading.", "timestamp": "2026-07-30T11:14:47.782087Z", "level": "info", "logger": "django.utils.autoreload"}
{"event": "Watching for file changes with StatReloader", "timestamp": "2026-07-30T11:14:48.007608Z", "level": "info", "logger": "django.utils.autoreload"}
{"event": "/home/jeff/projects/bridge/bidding-conventions-api/src/bidding_conventions/question.py changed, reloading.", "timestamp": "2026-07-30T11:15:00.450381Z", "level": "info", "logger": "django.utils.autoreload"}
{"event": "Watching for file changes with StatReloader", "timestamp": "2026-07-30T11:15:00.712206Z", "level": "info", "logger": "django.utils.autoreload"}
{"event": "Internal Server Error: /conventions-selected/", "exc_info": ["<class 'ValueError'>", "ValueError('Invalid display element: aucftion')", "<traceback object at 0x7fe926690180>"], "timestamp": "2026-07-30T11:15:05.629294Z", "level": "error", "logger": "django.request"}
{"event": "\"POST /conventions-selected/ HTTP/1.1\" 500 104924", "timestamp": "2026-07-30T11:15:05.630469Z", "level": "error", "logger": "django.server"}
{"event": "/home/jeff/projects/bridge/bidding-conventions-api/src/bidding_conventions/five_card_majors/opener.py changed, reloading.", "timestamp": "2026-07-30T11:15:27.263602Z", "level": "info", "logger": "django.utils.autoreload"}
{"event": "Watching for file changes with StatReloader", "timestamp": "2026-07-30T11:15:27.485705Z", "level": "info", "logger": "django.utils.autoreload"}
{"event": "\"POST /conventions-selected/ HTTP/1.1\" 200 2877", "timestamp": "2026-07-30T11:15:29.913965Z", "level": "info", "logger": "django.server"}
{"event": "\"POST /conventions-selected/ HTTP/1.1\" 200 2875", "timestamp": "2026-07-30T11:15:34.043956Z", "level": "info", "logger": "django.server"}
{"event": "/home/jeff/projects/bridge/bidding-conventions-api/src/bidding_conventions/question.py changed, reloading.", "timestamp": "2026-07-30T11:16:06.140644Z", "level": "info", "logger": "django.utils.autoreload"}
{"event": "Watching for file changes with StatReloader", "timestamp": "2026-07-30T11:16:06.380282Z", "level": "info", "logger": "django.utils.autoreload"}
{"event": "\"GET /static-data/ HTTP/1.1\" 200 909456", "timestamp": "2026-07-30T11:17:14.652662Z", "level": "info", "logger": "django.server"}
{"event": "\"POST /conventions-selected/ HTTP/1.1\" 200 2877", "timestamp": "2026-07-30T11:17:16.516159Z", "level": "info", "logger": "django.server"}
{"event": "\"POST /conventions-selected/ HTTP/1.1\" 200 2875", "timestamp": "2026-07-30T11:17:18.119768Z", "level": "info", "logger": "django.server"}
{"event": "\"GET /static-data/ HTTP/1.1\" 200 909456", "timestamp": "2026-07-30T11:17:47.837696Z", "level": "info", "logger": "django.server"}
{"event": "\"GET /static-data/ HTTP/1.1\" 200 909456", "timestamp": "2026-07-30T11:17:57.337220Z", "level": "info", "logger": "django.server"}
{"event": "\"GET //ensure-csrf/?_=1785410277336 HTTP/1.1\" 200 97", "timestamp": "2026-07-30T11:17:57.351158Z", "level": "info", "logger": "django.server"}
{"event": "\"OPTIONS /get-conventions/ HTTP/1.1\" 200 0", "timestamp": "2026-07-30T11:17:57.399257Z", "level": "info", "logger": "django.server"}
{"event": "\"POST /get-conventions/ HTTP/1.1\" 200 423", "timestamp": "2026-07-30T11:17:57.402464Z", "level": "info", "logger": "django.server"}
{"event": "\"OPTIONS /conventions-selected/ HTTP/1.1\" 200 0", "timestamp": "2026-07-30T11:17:58.830835Z", "level": "info", "logger": "django.server"}
{"event": "\"POST /conventions-selected/ HTTP/1.1\" 200 2875", "timestamp": "2026-07-30T11:17:58.835817Z", "level": "info", "logger": "django.server"}
{"event": "\"GET /static-data/ HTTP/1.1\" 200 909456", "timestamp": "2026-07-30T11:18:19.348453Z", "level": "info", "logger": "django.server"}
{"event": "\"OPTIONS /get-conventions/ HTTP/1.1\" 200 0", "timestamp": "2026-07-30T11:18:19.350103Z", "level": "info", "logger": "django.server"}
{"event": "\"POST /get-conventions/ HTTP/1.1\" 200 423", "timestamp": "2026-07-30T11:18:19.354385Z", "level": "info", "logger": "django.server"}
{"event": "\"OPTIONS /conventions-selected/ HTTP/1.1\" 200 0", "timestamp": "2026-07-30T11:18:21.797667Z", "level": "info", "logger": "django.server"}
{"event": "\"POST /conventions-selected/ HTTP/1.1\" 200 2877", "timestamp": "2026-07-30T11:18:21.801227Z", "level": "info", "logger": "django.server"}
{"event": "\"GET /static-data/ HTTP/1.1\" 200 909456", "timestamp": "2026-07-30T11:19:18.219633Z", "level": "info", "logger": "django.server"}
{"event": "\"OPTIONS /conventions-selected/ HTTP/1.1\" 200 0", "timestamp": "2026-07-30T11:19:21.784763Z", "level": "info", "logger": "django.server"}
{"event": "\"POST /conventions-selected/ HTTP/1.1\" 200 2875", "timestamp": "2026-07-30T11:19:21.789110Z", "level": "info", "logger": "django.server"}
{"event": "\"OPTIONS /conventions-selected/ HTTP/1.1\" 200 0", "timestamp": "2026-07-30T11:19:33.201598Z", "level": "info", "logger": "django.server"}
{"event": "\"POST /conventions-selected/ HTTP/1.1\" 200 2875", "timestamp": "2026-07-30T11:19:33.205678Z", "level": "info", "logger": "django.server"}
{"event": "\"GET /static-data/ HTTP/1.1\" 200 909456", "timestamp": "2026-07-30T11:19:35.075749Z", "level": "info", "logger": "django.server"}
{"event": "\"GET //ensure-csrf/?_=1785410375078 HTTP/1.1\" 200 97", "timestamp": "2026-07-30T11:19:35.081777Z", "level": "info", "logger": "django.server"}
{"event": "\"OPTIONS /get-conventions/ HTTP/1.1\" 200 0", "timestamp": "2026-07-30T11:19:35.134412Z", "level": "info", "logger": "django.server"}
{"event": "\"POST /get-conventions/ HTTP/1.1\" 200 423", "timestamp": "2026-07-30T11:19:35.139109Z", "level": "info", "logger": "django.server"}
{"event": "\"OPTIONS /conventions-selected/ HTTP/1.1\" 200 0", "timestamp": "2026-07-30T11:19:37.039185Z", "level": "info", "logger": "django.server"}
{"event": "\"POST /conventions-selected/ HTTP/1.1\" 200 2877", "timestamp": "2026-07-30T11:19:37.042941Z", "level": "info", "logger": "django.server"}
{"event": "\"GET /static-data/ HTTP/1.1\" 200 909456", "timestamp": "2026-07-30T11:20:58.086948Z", "level": "info", "logger": "django.server"}
{"event": "\"GET /static-data/ HTTP/1.1\" 200 909456", "timestamp": "2026-07-30T11:21:00.298713Z", "level": "info", "logger": "django.server"}
{"event": "\"GET //ensure-csrf/?_=1785410460297 HTTP/1.1\" 200 97", "timestamp": "2026-07-30T11:21:00.302409Z", "level": "info", "logger": "django.server"}
{"event": "\"OPTIONS /get-conventions/ HTTP/1.1\" 200 0", "timestamp": "2026-07-30T11:21:00.330641Z", "level": "info", "logger": "django.server"}
{"event": "\"POST /get-conventions/ HTTP/1.1\" 200 423", "timestamp": "2026-07-30T11:21:00.334315Z", "level": "info", "logger": "django.server"}
{"event": "\"OPTIONS /conventions-selected/ HTTP/1.1\" 200 0", "timestamp": "2026-07-30T11:21:02.014336Z", "level": "info", "logger": "django.server"}
{"event": "\"POST /conventions-selected/ HTTP/1.1\" 200 2877", "timestamp": "2026-07-30T11:21:02.017268Z", "level": "info", "logger": "django.server"}
{"event": "\"GET /static-data/ HTTP/1.1\" 200 909456", "timestamp": "2026-07-30T11:21:12.031339Z", "level": "info", "logger": "django.server"}
{"event": "\"GET //ensure-csrf/?_=1785410475313 HTTP/1.1\" 200 97", "timestamp": "2026-07-30T11:21:15.316089Z", "level": "info", "logger": "django.server"}
{"event": "\"OPTIONS /get-conventions/ HTTP/1.1\" 200 0", "timestamp": "2026-07-30T11:21:15.351814Z", "level": "info", "logger": "django.server"}
{"event": "\"POST /get-conventions/ HTTP/1.1\" 200 423", "timestamp": "2026-07-30T11:21:15.354477Z", "level": "info", "logger": "django.server"}
{"event": "\"GET /static-data/ HTTP/1.1\" 200 909456", "timestamp": "2026-07-30T11:21:16.921255Z", "level": "info", "logger": "django.server"}
{"event": "\"GET //ensure-csrf/?_=1785410476921 HTTP/1.1\" 200 97", "timestamp": "2026-07-30T11:21:16.925517Z", "level": "info", "logger": "django.server"}
{"event": "\"OPTIONS /get-conventions/ HTTP/1.1\" 200 0", "timestamp": "2026-07-30T11:21:16.952670Z", "level": "info", "logger": "django.server"}
{"event": "\"POST /get-conventions/ HTTP/1.1\" 200 423", "timestamp": "2026-07-30T11:21:16.955963Z", "level": "info", "logger": "django.server"}
{"event": "\"OPTIONS /conventions-selected/ HTTP/1.1\" 200 0", "timestamp": "2026-07-30T11:21:18.208707Z", "level": "info", "logger": "django.server"}
{"event": "\"POST /conventions-selected/ HTTP/1.1\" 200 2875", "timestamp": "2026-07-30T11:21:18.213244Z", "level": "info", "logger": "django.server"}
{"event": "\"GET /static-data/ HTTP/1.1\" 200 909456", "timestamp": "2026-07-30T11:23:05.561541Z", "level": "info", "logger": "django.server"}
{"event": "\"GET //ensure-csrf/?_=1785410585560 HTTP/1.1\" 200 97", "timestamp": "2026-07-30T11:23:05.581567Z", "level": "info", "logger": "django.server"}
{"event": "\"OPTIONS /get-conventions/ HTTP/1.1\" 200 0", "timestamp": "2026-07-30T11:23:05.628149Z", "level": "info", "logger": "django.server"}
{"event": "\"POST /get-conventions/ HTTP/1.1\" 200 423", "timestamp": "2026-07-30T11:23:05.630914Z", "level": "info", "logger": "django.server"}
{"event": "\"OPTIONS /conventions-selected/ HTTP/1.1\" 200 0", "timestamp": "2026-07-30T11:23:07.169430Z", "level": "info", "logger": "django.server"}
{"event": "\"POST /conventions-selected/ HTTP/1.1\" 200 2877", "timestamp": "2026-07-30T11:23:07.174470Z", "level": "info", "logger": "django.server"}
{"event": "\"OPTIONS /conventions-selected/ HTTP/1.1\" 200 0", "timestamp": "2026-07-30T11:23:28.233403Z", "level": "info", "logger": "django.server"}
{"event": "\"POST /conventions-selected/ HTTP/1.1\" 200 2877", "timestamp": "2026-07-30T11:23:28.236934Z", "level": "info", "logger": "django.server"}
{"event": "\"GET /static-data/ HTTP/1.1\" 200 909456", "timestamp": "2026-07-30T11:23:30.216366Z", "level": "info", "logger": "django.server"}
{"event": "\"GET //ensure-csrf/?_=1785410610214 HTTP/1.1\" 200 97", "timestamp": "2026-07-30T11:23:30.228691Z", "level": "info", "logger": "django.server"}
{"event": "\"OPTIONS /get-conventions/ HTTP/1.1\" 200 0", "timestamp": "2026-07-30T11:23:30.277668Z", "level": "info", "logger": "django.server"}
{"event": "\"POST /get-conventions/ HTTP/1.1\" 200 423", "timestamp": "2026-07-30T11:23:30.280688Z", "level": "info", "logger": "django.server"}
{"event": "\"OPTIONS /conventions-selected/ HTTP/1.1\" 200 0", "timestamp": "2026-07-30T11:23:31.052513Z", "level": "info", "logger": "django.server"}
{"event": "\"POST /conventions-selected/ HTTP/1.1\" 200 2875", "timestamp": "2026-07-30T11:23:31.056106Z", "level": "info", "logger": "django.server"}
{"event": "\"OPTIONS /conventions-selected/ HTTP/1.1\" 200 0", "timestamp": "2026-07-30T11:23:33.584270Z", "level": "info", "logger": "django.server"}
{"event": "\"POST /conventions-selected/ HTTP/1.1\" 200 2878", "timestamp": "2026-07-30T11:23:33.588702Z", "level": "info", "logger": "django.server"}
{"event": "\"OPTIONS /conventions-selected/ HTTP/1.1\" 200 0", "timestamp": "2026-07-30T11:23:34.170283Z", "level": "info", "logger": "django.server"}
{"event": "\"POST /conventions-selected/ HTTP/1.1\" 200 2877", "timestamp": "2026-07-30T11:23:34.173651Z", "level": "info", "logger": "django.server"}
{"event": "\"OPTIONS /conventions-selected/ HTTP/1.1\" 200 0", "timestamp": "2026-07-30T11:23:34.668539Z", "level": "info", "logger": "django.server"}
{"event": "\"POST /conventions-selected/ HTTP/1.1\" 200 2875", "timestamp": "2026-07-30T11:23:34.672605Z", "level": "info", "logger": "django.server"}
{"event": "\"OPTIONS /conventions-selected/ HTTP/1.1\" 200 0", "timestamp": "2026-07-30T11:23:34.915387Z", "level": "info", "logger": "django.server"}
{"event": "\"POST /conventions-selected/ HTTP/1.1\" 200 2875", "timestamp": "2026-07-30T11:23:34.919120Z", "level": "info", "logger": "django.server"}
{"event": "\"OPTIONS /conventions-selected/ HTTP/1.1\" 200 0", "timestamp": "2026-07-30T11:23:35.113855Z", "level": "info", "logger": "django.server"}
{"event": "\"POST /conventions-selected/ HTTP/1.1\" 200 2877", "timestamp": "2026-07-30T11:23:35.117342Z", "level": "info", "logger": "django.server"}
{"event": "\"GET /static-data/ HTTP/1.1\" 200 909456", "timestamp": "2026-07-30T11:24:34.116400Z", "level": "info", "logger": "django.server"}
{"event": "\"OPTIONS /conventions-selected/ HTTP/1.1\" 200 0", "timestamp": "2026-07-30T11:24:36.398291Z", "level": "info", "logger": "django.server"}
{"event": "\"POST /conventions-selected/ HTTP/1.1\" 200 2875", "timestamp": "2026-07-30T11:24:36.402102Z", "level": "info", "logger": "django.server"}
{"event": "\"OPTIONS /conventions-selected/ HTTP/1.1\" 200 0", "timestamp": "2026-07-30T11:24:38.055964Z", "level": "info", "logger": "django.server"}
{"event": "\"POST /conventions-selected/ HTTP/1.1\" 200 2875", "timestamp": "2026-07-30T11:24:38.059814Z", "level": "info", "logger": "django.server"}
{"event": "\"GET /static-data/ HTTP/1.1\" 200 909456", "timestamp": "2026-07-30T11:24:41.222790Z", "level": "info", "logger": "django.server"}
{"event": "\"GET //ensure-csrf/?_=1785410681226 HTTP/1.1\" 200 97", "timestamp": "2026-07-30T11:24:41.229795Z", "level": "info", "logger": "django.server"}
{"event": "\"OPTIONS /get-conventions/ HTTP/1.1\" 200 0", "timestamp": "2026-07-30T11:24:41.285274Z", "level": "info", "logger": "django.server"}
{"event": "\"POST /get-conventions/ HTTP/1.1\" 200 423", "timestamp": "2026-07-30T11:24:41.288694Z", "level": "info", "logger": "django.server"}
{"event": "\"OPTIONS /conventions-selected/ HTTP/1.1\" 200 0", "timestamp": "2026-07-30T11:24:42.773753Z", "level": "info", "logger": "django.server"}
{"event": "\"POST /conventions-selected/ HTTP/1.1\" 200 2877", "timestamp": "2026-07-30T11:24:42.780406Z", "level": "info", "logger": "django.server"}
{"event": "\"OPTIONS /conventions-selected/ HTTP/1.1\" 200 0", "timestamp": "2026-07-30T11:24:45.059576Z", "level": "info", "logger": "django.server"}
{"event": "\"POST /conventions-selected/ HTTP/1.1\" 200 2876", "timestamp": "2026-07-30T11:24:45.064388Z", "level": "info", "logger": "django.server"}
{"event": "\"OPTIONS /conventions-selected/ HTTP/1.1\" 200 0", "timestamp": "2026-07-30T11:24:45.608021Z", "level": "info", "logger": "django.server"}
{"event": "\"POST /conventions-selected/ HTTP/1.1\" 200 2876", "timestamp": "2026-07-30T11:24:45.613455Z", "level": "info", "logger": "django.server"}
{"event": "\"GET /static-data/ HTTP/1.1\" 200 909456", "timestamp": "2026-07-30T11:25:22.036412Z", "level": "info", "logger": "django.server"}
{"event": "\"OPTIONS /conventions-selected/ HTTP/1.1\" 200 0", "timestamp": "2026-07-30T11:25:23.526903Z", "level": "info", "logger": "django.server"}
{"event": "\"POST /conventions-selected/ HTTP/1.1\" 200 2877", "timestamp": "2026-07-30T11:25:23.531513Z", "level": "info", "logger": "django.server"}
{"event": "\"GET /static-data/ HTTP/1.1\" 200 909456", "timestamp": "2026-07-30T11:27:31.938147Z", "level": "info", "logger": "django.server"}
{"event": "\"OPTIONS /conventions-selected/ HTTP/1.1\" 200 0", "timestamp": "2026-07-30T11:27:34.261899Z", "level": "info", "logger": "django.server"}
{"event": "\"POST /conventions-selected/ HTTP/1.1\" 200 2878", "timestamp": "2026-07-30T11:27:34.266002Z", "level": "info", "logger": "django.server"}
{"event": "\"OPTIONS /conventions-selected/ HTTP/1.1\" 200 0", "timestamp": "2026-07-30T11:27:38.966371Z", "level": "info", "logger": "django.server"}
{"event": "\"POST /conventions-selected/ HTTP/1.1\" 200 2875", "timestamp": "2026-07-30T11:27:38.969792Z", "level": "info", "logger": "django.server"}
{"event": "\"OPTIONS /conventions-selected/ HTTP/1.1\" 200 0", "timestamp": "2026-07-30T11:27:39.707515Z", "level": "info", "logger": "django.server"}
{"event": "\"POST /conventions-selected/ HTTP/1.1\" 200 2877", "timestamp": "2026-07-30T11:27:39.710928Z", "level": "info", "logger": "django.server"}
{"event": "\"OPTIONS /conventions-selected/ HTTP/1.1\" 200 0", "timestamp": "2026-07-30T11:27:40.199976Z", "level": "info", "logger": "django.server"}
{"event": "\"POST /conventions-selected/ HTTP/1.1\" 200 2878", "timestamp": "2026-07-30T11:27:40.202928Z", "level": "info", "logger": "django.server"}
{"event": "\"OPTIONS /conventions-selected/ HTTP/1.1\" 200 0", "timestamp": "2026-07-30T11:27:40.875718Z", "level": "info", "logger": "django.server"}
{"event": "\"POST /conventions-selected/ HTTP/1.1\" 200 2876", "timestamp": "2026-07-30T11:27:40.879225Z", "level": "info", "logger": "django.server"}
{"event": "\"GET /static-data/ HTTP/1.1\" 200 909456", "timestamp": "2026-07-30T11:28:21.340763Z", "level": "info", "logger": "django.server"}
{"event": "\"OPTIONS /get-conventions/ HTTP/1.1\" 200 0", "timestamp": "2026-07-30T11:28:23.232451Z", "level": "info", "logger": "django.server"}
{"event": "\"POST /get-conventions/ HTTP/1.1\" 200 423", "timestamp": "2026-07-30T11:28:23.235308Z", "level": "info", "logger": "django.server"}
{"event": "\"OPTIONS /conventions-selected/ HTTP/1.1\" 200 0", "timestamp": "2026-07-30T11:28:28.176862Z", "level": "info", "logger": "django.server"}
{"event": "Internal Server Error: /conventions-selected/", "exc_info": ["<class 'TypeError'>", "TypeError(\"'NoneType' object is not iterable\")", "<traceback object at 0x7f0e1078ec80>"], "timestamp": "2026-07-30T11:28:28.192863Z", "level": "error", "logger": "django.request"}
{"event": "\"POST /conventions-selected/ HTTP/1.1\" 500 104888", "timestamp": "2026-07-30T11:28:28.193947Z", "level": "error", "logger": "django.server"}
{"event": "/home/jeff/projects/bridge/bidding-conventions-api/src/bidding_conventions/question.py changed, reloading.", "timestamp": "2026-07-30T11:29:08.370488Z", "level": "info", "logger": "django.utils.autoreload"}
{"event": "Watching for file changes with StatReloader", "timestamp": "2026-07-30T11:29:08.608732Z", "level": "info", "logger": "django.utils.autoreload"}
{"event": "\"OPTIONS /conventions-selected/ HTTP/1.1\" 200 0", "timestamp": "2026-07-30T11:29:11.446209Z", "level": "info", "logger": "django.server"}
{"event": "\"POST /conventions-selected/ HTTP/1.1\" 200 5225", "timestamp": "2026-07-30T11:29:11.449782Z", "level": "info", "logger": "django.server"}
{"event": "\"OPTIONS /conventions-selected/ HTTP/1.1\" 200 0", "timestamp": "2026-07-30T11:29:15.384990Z", "level": "info", "logger": "django.server"}
{"event": "\"POST /conventions-selected/ HTTP/1.1\" 200 4936", "timestamp": "2026-07-30T11:29:15.390372Z", "level": "info", "logger": "django.server"}
{"event": "\"OPTIONS /conventions-selected/ HTTP/1.1\" 200 0", "timestamp": "2026-07-30T11:29:16.544934Z", "level": "info", "logger": "django.server"}
{"event": "\"POST /conventions-selected/ HTTP/1.1\" 200 5233", "timestamp": "2026-07-30T11:29:16.547416Z", "level": "info", "logger": "django.server"}
{"event": "\"OPTIONS /conventions-selected/ HTTP/1.1\" 200 0", "timestamp": "2026-07-30T11:29:17.787933Z", "level": "info", "logger": "django.server"}
{"event": "\"POST /conventions-selected/ HTTP/1.1\" 200 4929", "timestamp": "2026-07-30T11:29:17.790386Z", "level": "info", "logger": "django.server"}
{"event": "\"OPTIONS /conventions-selected/ HTTP/1.1\" 200 0", "timestamp": "2026-07-30T11:29:18.784808Z", "level": "info", "logger": "django.server"}
{"event": "\"POST /conventions-selected/ HTTP/1.1\" 200 4937", "timestamp": "2026-07-30T11:29:18.800770Z", "level": "info", "logger": "django.server"}
{"event": "\"OPTIONS /conventions-selected/ HTTP/1.1\" 200 0", "timestamp": "2026-07-30T11:29:19.647248Z", "level": "info", "logger": "django.server"}
{"event": "\"POST /conventions-selected/ HTTP/1.1\" 200 5217", "timestamp": "2026-07-30T11:29:19.649773Z", "level": "info", "logger": "django.server"}
{"event": "\"OPTIONS /conventions-selected/ HTTP/1.1\" 200 0", "timestamp": "2026-07-30T11:31:19.333531Z", "level": "info", "logger": "django.server"}
{"event": "\"POST /conventions-selected/ HTTP/1.1\" 200 4882", "timestamp": "2026-07-30T11:31:19.336145Z", "level": "info", "logger": "django.server"}
{"event": "\"OPTIONS /conventions-selected/ HTTP/1.1\" 200 0", "timestamp": "2026-07-30T11:31:21.313908Z", "level": "info", "logger": "django.server"}
{"event": "\"POST /conventions-selected/ HTTP/1.1\" 200 5221", "timestamp": "2026-07-30T11:31:21.316050Z", "level": "info", "logger": "django.server"}
{"event": "\"OPTIONS /conventions-selected/ HTTP/1.1\" 200 0", "timestamp": "2026-07-30T11:31:24.496031Z", "level": "info", "logger": "django.server"}
{"event": "\"POST /conventions-selected/ HTTP/1.1\" 200 4936", "timestamp": "2026-07-30T11:31:24.503442Z", "level": "info", "logger": "django.server"}
{"event": "\"OPTIONS /conventions-selected/ HTTP/1.1\" 200 0", "timestamp": "2026-07-30T11:31:25.584639Z", "level": "info", "logger": "django.server"}
{"event": "\"POST /conventions-selected/ HTTP/1.1\" 200 4929", "timestamp": "2026-07-30T11:31:25.587140Z", "level": "info", "logger": "django.server"}
{"event": "\"OPTIONS /conventions-selected/ HTTP/1.1\" 200 0", "timestamp": "2026-07-30T11:31:26.381982Z", "level": "info", "logger": "django.server"}
{"event": "\"POST /conventions-selected/ HTTP/1.1\" 200 4930", "timestamp": "2026-07-30T11:31:26.384907Z", "level": "info", "logger": "django.server"}
{"event": "\"OPTIONS /conventions-selected/ HTTP/1.1\" 200 0", "timestamp": "2026-07-30T11:31:26.936532Z", "level": "info", "logger": "django.server"}
{"event": "\"POST /conventions-selected/ HTTP/1.1\" 200 4936", "timestamp": "2026-07-30T11:31:26.945702Z", "level": "info", "logger": "django.server"}
{"event": "\"OPTIONS /conventions-selected/ HTTP/1.1\" 200 0", "timestamp": "2026-07-30T11:31:27.790561Z", "level": "info", "logger": "django.server"}
{"event": "\"POST /conventions-selected/ HTTP/1.1\" 200 4884", "timestamp": "2026-07-30T11:31:27.793099Z", "level": "info", "logger": "django.server"}
{"event": "\"OPTIONS /conventions-selected/ HTTP/1.1\" 200 0", "timestamp": "2026-07-30T11:31:28.250177Z", "level": "info", "logger": "django.server"}
{"event": "\"POST /conventions-selected/ HTTP/1.1\" 200 4937", "timestamp": "2026-07-30T11:31:28.259620Z", "level": "info", "logger": "django.server"}
{"event": "\"OPTIONS /conventions-selected/ HTTP/1.1\" 200 0", "timestamp": "2026-07-30T11:31:28.775303Z", "level": "info", "logger": "django.server"}
{"event": "\"POST /conventions-selected/ HTTP/1.1\" 200 4930", "timestamp": "2026-07-30T11:31:28.778280Z", "level": "info", "logger": "django.server"}
{"event": "\"OPTIONS /conventions-selected/ HTTP/1.1\" 200 0", "timestamp": "2026-07-30T11:31:29.274045Z", "level": "info", "logger": "django.server"}
{"event": "\"POST /conventions-selected/ HTTP/1.1\" 200 4936", "timestamp": "2026-07-30T11:31:29.284714Z", "level": "info", "logger": "django.server"}
{"event": "\"OPTIONS /conventions-selected/ HTTP/1.1\" 200 0", "timestamp": "2026-07-30T11:31:30.006211Z", "level": "info", "logger": "django.server"}
{"event": "\"POST /conventions-selected/ HTTP/1.1\" 200 4930", "timestamp": "2026-07-30T11:31:30.008343Z", "level": "info", "logger": "django.server"}
{"event": "\"OPTIONS /conventions-selected/ HTTP/1.1\" 200 0", "timestamp": "2026-07-30T11:31:30.384030Z", "level": "info", "logger": "django.server"}
{"event": "\"POST /conventions-selected/ HTTP/1.1\" 200 4930", "timestamp": "2026-07-30T11:31:30.385985Z", "level": "info", "logger": "django.server"}
{"event": "\"OPTIONS /conventions-selected/ HTTP/1.1\" 200 0", "timestamp": "2026-07-30T11:31:30.586524Z", "level": "info", "logger": "django.server"}
{"event": "\"POST /conventions-selected/ HTTP/1.1\" 200 5225", "timestamp": "2026-07-30T11:31:30.588813Z", "level": "info", "logger": "django.server"}
{"event": "\"GET /static-data/ HTTP/1.1\" 200 909456", "timestamp": "2026-07-30T11:32:36.298669Z", "level": "info", "logger": "django.server"}
{"event": "\"GET /static-data/ HTTP/1.1\" 200 909456", "timestamp": "2026-07-30T11:32:41.295995Z", "level": "info", "logger": "django.server"}
{"event": "\"GET //ensure-csrf/?_=1785411161294 HTTP/1.1\" 200 97", "timestamp": "2026-07-30T11:32:41.313218Z", "level": "info", "logger": "django.server"}
{"event": "\"OPTIONS /get-conventions/ HTTP/1.1\" 200 0", "timestamp": "2026-07-30T11:32:41.360033Z", "level": "info", "logger": "django.server"}
{"event": "\"POST /get-conventions/ HTTP/1.1\" 200 423", "timestamp": "2026-07-30T11:32:41.362139Z", "level": "info", "logger": "django.server"}
{"event": "\"OPTIONS /conventions-selected/ HTTP/1.1\" 200 0", "timestamp": "2026-07-30T11:32:43.385874Z", "level": "info", "logger": "django.server"}
{"event": "\"POST /conventions-selected/ HTTP/1.1\" 200 5233", "timestamp": "2026-07-30T11:32:43.388298Z", "level": "info", "logger": "django.server"}
{"event": "\"OPTIONS /conventions-selected/ HTTP/1.1\" 200 0", "timestamp": "2026-07-30T11:32:49.572422Z", "level": "info", "logger": "django.server"}
{"event": "\"POST /conventions-selected/ HTTP/1.1\" 200 4929", "timestamp": "2026-07-30T11:32:49.575929Z", "level": "info", "logger": "django.server"}
{"event": "\"OPTIONS /conventions-selected/ HTTP/1.1\" 200 0", "timestamp": "2026-07-30T11:32:54.578555Z", "level": "info", "logger": "django.server"}
{"event": "\"POST /conventions-selected/ HTTP/1.1\" 200 4936", "timestamp": "2026-07-30T11:32:54.583896Z", "level": "info", "logger": "django.server"}
{"event": "\"OPTIONS /conventions-selected/ HTTP/1.1\" 200 0", "timestamp": "2026-07-30T11:32:56.270692Z", "level": "info", "logger": "django.server"}
{"event": "\"POST /conventions-selected/ HTTP/1.1\" 200 4884", "timestamp": "2026-07-30T11:32:56.273175Z", "level": "info", "logger": "django.server"}
{"event": "\"OPTIONS /conventions-selected/ HTTP/1.1\" 200 0", "timestamp": "2026-07-30T11:32:57.136257Z", "level": "info", "logger": "django.server"}
{"event": "\"POST /conventions-selected/ HTTP/1.1\" 200 5233", "timestamp": "2026-07-30T11:32:57.139367Z", "level": "info", "logger": "django.server"}
{"event": "\"OPTIONS /conventions-selected/ HTTP/1.1\" 200 0", "timestamp": "2026-07-30T11:33:00.912497Z", "level": "info", "logger": "django.server"}
{"event": "\"POST /conventions-selected/ HTTP/1.1\" 200 5221", "timestamp": "2026-07-30T11:33:00.914961Z", "level": "info", "logger": "django.server"}
{"event": "\"OPTIONS /conventions-selected/ HTTP/1.1\" 200 0", "timestamp": "2026-07-30T11:33:01.668109Z", "level": "info", "logger": "django.server"}
{"event": "\"POST /conventions-selected/ HTTP/1.1\" 200 5233", "timestamp": "2026-07-30T11:33:01.670573Z", "level": "info", "logger": "django.server"}
{"event": "\"OPTIONS /conventions-selected/ HTTP/1.1\" 200 0", "timestamp": "2026-07-30T11:33:02.817871Z", "level": "info", "logger": "django.server"}
{"event": "\"POST /conventions-selected/ HTTP/1.1\" 200 4936", "timestamp": "2026-07-30T11:33:02.822089Z", "level": "info", "logger": "django.server"}
{"event": "\"GET /static-data/ HTTP/1.1\" 200 909456", "timestamp": "2026-07-30T11:33:15.662461Z", "level": "info", "logger": "django.server"}
{"event": "\"GET /static-data/ HTTP/1.1\" 200 909456", "timestamp": "2026-07-30T11:35:18.717957Z", "level": "info", "logger": "django.server"}
{"event": "\"GET //ensure-csrf/?_=1785411318718 HTTP/1.1\" 200 97", "timestamp": "2026-07-30T11:35:18.722939Z", "level": "info", "logger": "django.server"}
{"event": "\"OPTIONS /get-conventions/ HTTP/1.1\" 200 0", "timestamp": "2026-07-30T11:35:18.763311Z", "level": "info", "logger": "django.server"}
{"event": "\"POST /get-conventions/ HTTP/1.1\" 200 423", "timestamp": "2026-07-30T11:35:18.767283Z", "level": "info", "logger": "django.server"}
{"event": "\"OPTIONS /conventions-selected/ HTTP/1.1\" 200 0", "timestamp": "2026-07-30T11:35:20.040088Z", "level": "info", "logger": "django.server"}
{"event": "\"POST /conventions-selected/ HTTP/1.1\" 200 5217", "timestamp": "2026-07-30T11:35:20.042819Z", "level": "info", "logger": "django.server"}
{"event": "\"OPTIONS /conventions-selected/ HTTP/1.1\" 200 0", "timestamp": "2026-07-30T11:35:22.252340Z", "level": "info", "logger": "django.server"}
{"event": "\"POST /conventions-selected/ HTTP/1.1\" 200 4936", "timestamp": "2026-07-30T11:35:22.261247Z", "level": "info", "logger": "django.server"}
{"event": "\"GET /static-data/ HTTP/1.1\" 200 909456", "timestamp": "2026-07-30T11:35:51.395902Z", "level": "info", "logger": "django.server"}
{"event": "\"GET //ensure-csrf/?_=1785411351388 HTTP/1.1\" 200 97", "timestamp": "2026-07-30T11:35:51.396113Z", "level": "info", "logger": "django.server"}
{"event": "\"OPTIONS /get-conventions/ HTTP/1.1\" 200 0", "timestamp": "2026-07-30T11:35:51.404389Z", "level": "info", "logger": "django.server"}
{"event": "\"POST /get-conventions/ HTTP/1.1\" 200 423", "timestamp": "2026-07-30T11:35:51.406911Z", "level": "info", "logger": "django.server"}
{"event": "\"OPTIONS /get-conventions/ HTTP/1.1\" 200 0", "timestamp": "2026-07-30T11:36:21.832314Z", "level": "info", "logger": "django.server"}
{"event": "\"GET /static-data/ HTTP/1.1\" 200 909456", "timestamp": "2026-07-30T11:36:21.832625Z", "level": "info", "logger": "django.server"}
{"event": "\"POST /get-conventions/ HTTP/1.1\" 200 423", "timestamp": "2026-07-30T11:36:21.836286Z", "level": "info", "logger": "django.server"}
{"event": "\"OPTIONS /conventions-selected/ HTTP/1.1\" 200 0", "timestamp": "2026-07-30T11:36:22.879585Z", "level": "info", "logger": "django.server"}
{"event": "\"POST /conventions-selected/ HTTP/1.1\" 200 4930", "timestamp": "2026-07-30T11:36:22.882562Z", "level": "info", "logger": "django.server"}
{"event": "\"OPTIONS /conventions-selected/ HTTP/1.1\" 200 0", "timestamp": "2026-07-30T11:36:25.117420Z", "level": "info", "logger": "django.server"}
{"event": "\"POST /conventions-selected/ HTTP/1.1\" 200 4929", "timestamp": "2026-07-30T11:36:25.119838Z", "level": "info", "logger": "django.server"}
{"event": "\"OPTIONS /conventions-selected/ HTTP/1.1\" 200 0", "timestamp": "2026-07-30T11:36:25.867765Z", "level": "info", "logger": "django.server"}
{"event": "\"POST /conventions-selected/ HTTP/1.1\" 200 4938", "timestamp": "2026-07-30T11:36:25.873093Z", "level": "info", "logger": "django.server"}
{"event": "\"OPTIONS /conventions-selected/ HTTP/1.1\" 200 0", "timestamp": "2026-07-30T11:36:26.700012Z", "level": "info", "logger": "django.server"}
{"event": "\"POST /conventions-selected/ HTTP/1.1\" 200 5225", "timestamp": "2026-07-30T11:36:26.703637Z", "level": "info", "logger": "django.server"}
{"event": "/home/jeff/projects/bridge/bidding-conventions-api/src/bidding_conventions/question.py changed, reloading.", "timestamp": "2026-07-30T11:37:43.659189Z", "level": "info", "logger": "django.utils.autoreload"}
{"event": "Watching for file changes with StatReloader", "timestamp": "2026-07-30T11:37:43.895338Z", "level": "info", "logger": "django.utils.autoreload"}
{"event": "/home/jeff/projects/bridge/bidding-conventions-api/src/bidding_conventions/asptro.py changed, reloading.", "timestamp": "2026-07-30T11:38:36.493469Z", "level": "info", "logger": "django.utils.autoreload"}
{"event": "Watching for file changes with StatReloader", "timestamp": "2026-07-30T11:38:36.728668Z", "level": "info", "logger": "django.utils.autoreload"}
{"event": "\"OPTIONS /conventions-selected/ HTTP/1.1\" 200 0", "timestamp": "2026-07-30T11:38:43.444913Z", "level": "info", "logger": "django.server"}
{"event": "\"POST /conventions-selected/ HTTP/1.1\" 200 5225", "timestamp": "2026-07-30T11:38:43.449388Z", "level": "info", "logger": "django.server"}
{"event": "\"OPTIONS /conventions-selected/ HTTP/1.1\" 200 0", "timestamp": "2026-07-30T11:38:44.564392Z", "level": "info", "logger": "django.server"}
{"event": "\"POST /conventions-selected/ HTTP/1.1\" 200 4937", "timestamp": "2026-07-30T11:38:44.583277Z", "level": "info", "logger": "django.server"}
{"event": "/home/jeff/projects/bridge/bidding-conventions-api/src/bidding_conventions/asptro.py changed, reloading.", "timestamp": "2026-07-30T11:39:22.335698Z", "level": "info", "logger": "django.utils.autoreload"}
{"event": "Watching for file changes with StatReloader", "timestamp": "2026-07-30T11:39:22.565192Z", "level": "info", "logger": "django.utils.autoreload"}
{"event": "\"OPTIONS /conventions-selected/ HTTP/1.1\" 200 0", "timestamp": "2026-07-30T11:39:23.209361Z", "level": "info", "logger": "django.server"}
{"event": "\"POST /conventions-selected/ HTTP/1.1\" 200 4946", "timestamp": "2026-07-30T11:39:23.226225Z", "level": "info", "logger": "django.server"}
{"event": "\"OPTIONS /conventions-selected/ HTTP/1.1\" 200 0", "timestamp": "2026-07-30T11:39:28.326731Z", "level": "info", "logger": "django.server"}
{"event": "\"POST /conventions-selected/ HTTP/1.1\" 200 5243", "timestamp": "2026-07-30T11:39:28.328957Z", "level": "info", "logger": "django.server"}
{"event": "\"OPTIONS /conventions-selected/ HTTP/1.1\" 200 0", "timestamp": "2026-07-30T11:39:30.430387Z", "level": "info", "logger": "django.server"}
{"event": "\"POST /conventions-selected/ HTTP/1.1\" 200 4940", "timestamp": "2026-07-30T11:39:30.432822Z", "level": "info", "logger": "django.server"}
{"event": "\"OPTIONS /conventions-selected/ HTTP/1.1\" 200 0", "timestamp": "2026-07-30T11:39:31.727027Z", "level": "info", "logger": "django.server"}
{"event": "\"POST /conventions-selected/ HTTP/1.1\" 200 4946", "timestamp": "2026-07-30T11:39:31.731077Z", "level": "info", "logger": "django.server"}
{"event": "\"OPTIONS /conventions-selected/ HTTP/1.1\" 200 0", "timestamp": "2026-07-30T11:39:32.437865Z", "level": "info", "logger": "django.server"}
{"event": "\"POST /conventions-selected/ HTTP/1.1\" 200 4948", "timestamp": "2026-07-30T11:39:32.443381Z", "level": "info", "logger": "django.server"}
{"event": "\"OPTIONS /conventions-selected/ HTTP/1.1\" 200 0", "timestamp": "2026-07-30T11:39:33.104205Z", "level": "info", "logger": "django.server"}
{"event": "\"POST /conventions-selected/ HTTP/1.1\" 200 5231", "timestamp": "2026-07-30T11:39:33.106638Z", "level": "info", "logger": "django.server"}
{"event": "\"OPTIONS /conventions-selected/ HTTP/1.1\" 200 0", "timestamp": "2026-07-30T11:39:39.178358Z", "level": "info", "logger": "django.server"}
{"event": "\"POST /conventions-selected/ HTTP/1.1\" 200 4937", "timestamp": "2026-07-30T11:39:39.180674Z", "level": "info", "logger": "django.server"}
{"event": "\"OPTIONS /conventions-selected/ HTTP/1.1\" 200 0", "timestamp": "2026-07-30T11:43:22.411746Z", "level": "info", "logger": "django.server"}
{"event": "\"POST /conventions-selected/ HTTP/1.1\" 200 4937", "timestamp": "2026-07-30T11:43:22.416047Z", "level": "info", "logger": "django.server"}
{"event": "\"OPTIONS /conventions-selected/ HTTP/1.1\" 200 0", "timestamp": "2026-07-30T11:43:22.982715Z", "level": "info", "logger": "django.server"}
{"event": "\"POST /conventions-selected/ HTTP/1.1\" 200 4941", "timestamp": "2026-07-30T11:43:22.985312Z", "level": "info", "logger": "django.server"}
{"event": "\"OPTIONS /conventions-selected/ HTTP/1.1\" 200 0", "timestamp": "2026-07-30T11:43:24.280338Z", "level": "info", "logger": "django.server"}
{"event": "\"POST /conventions-selected/ HTTP/1.1\" 200 4949", "timestamp": "2026-07-30T11:43:24.288654Z", "level": "info", "logger": "django.server"}
{"event": "\"OPTIONS /conventions-selected/ HTTP/1.1\" 200 0", "timestamp": "2026-07-30T11:43:25.028592Z", "level": "info", "logger": "django.server"}
{"event": "\"POST /conventions-selected/ HTTP/1.1\" 200 4947", "timestamp": "2026-07-30T11:43:25.036092Z", "level": "info", "logger": "django.server"}
{"event": "\"OPTIONS /conventions-selected/ HTTP/1.1\" 200 0", "timestamp": "2026-07-30T11:43:25.836131Z", "level": "info", "logger": "django.server"}
{"event": "\"POST /conventions-selected/ HTTP/1.1\" 200 4940", "timestamp": "2026-07-30T11:43:25.838780Z", "level": "info", "logger": "django.server"}
{"event": "\"OPTIONS /conventions-selected/ HTTP/1.1\" 200 0", "timestamp": "2026-07-30T11:43:26.551959Z", "level": "info", "logger": "django.server"}
{"event": "\"POST /conventions-selected/ HTTP/1.1\" 200 4944", "timestamp": "2026-07-30T11:43:26.568036Z", "level": "info", "logger": "django.server"}
{"event": "\"OPTIONS /conventions-selected/ HTTP/1.1\" 200 0", "timestamp": "2026-07-30T11:43:27.204643Z", "level": "info", "logger": "django.server"}
{"event": "\"POST /conventions-selected/ HTTP/1.1\" 200 4946", "timestamp": "2026-07-30T11:43:27.213326Z", "level": "info", "logger": "django.server"}
{"event": "\"OPTIONS /conventions-selected/ HTTP/1.1\" 200 0", "timestamp": "2026-07-30T11:43:27.816284Z", "level": "info", "logger": "django.server"}
{"event": "\"POST /conventions-selected/ HTTP/1.1\" 200 5231", "timestamp": "2026-07-30T11:43:27.819129Z", "level": "info", "logger": "django.server"}
{"event": "\"OPTIONS /conventions-selected/ HTTP/1.1\" 200 0", "timestamp": "2026-07-30T12:41:37.878026Z", "level": "info", "logger": "django.server"}
{"event": "\"POST /conventions-selected/ HTTP/1.1\" 200 4947", "timestamp": "2026-07-30T12:41:37.882298Z", "level": "info", "logger": "django.server"}
{"event": "\"OPTIONS /conventions-selected/ HTTP/1.1\" 200 0", "timestamp": "2026-07-30T12:42:20.971094Z", "level": "info", "logger": "django.server"}
{"event": "\"POST /conventions-selected/ HTTP/1.1\" 200 4946", "timestamp": "2026-07-30T12:42:20.977004Z", "level": "info", "logger": "django.server"}
{"event": "/home/jeff/projects/bridge/bidding-conventions-api/src/bidding_conventions/asptro.py changed, reloading.", "timestamp": "2026-07-30T12:46:09.503539Z", "level": "info", "logger": "django.utils.autoreload"}
{"event": "Watching for file changes with StatReloader", "timestamp": "2026-07-30T12:46:09.748018Z", "level": "info", "logger": "django.utils.autoreload"}
{"event": "\"OPTIONS /conventions-selected/ HTTP/1.1\" 200 0", "timestamp": "2026-07-30T12:46:10.186009Z", "level": "info", "logger": "django.server"}
{"event": "\"POST /conventions-selected/ HTTP/1.1\" 200 4939", "timestamp": "2026-07-30T12:46:10.189217Z", "level": "info", "logger": "django.server"}
{"event": "\"OPTIONS /conventions-selected/ HTTP/1.1\" 200 0", "timestamp": "2026-07-30T12:46:11.626418Z", "level": "info", "logger": "django.server"}
{"event": "\"POST /conventions-selected/ HTTP/1.1\" 200 4939", "timestamp": "2026-07-30T12:46:11.628683Z", "level": "info", "logger": "django.server"}
{"event": "\"OPTIONS /conventions-selected/ HTTP/1.1\" 200 0", "timestamp": "2026-07-30T12:46:12.337964Z", "level": "info", "logger": "django.server"}
{"event": "\"POST /conventions-selected/ HTTP/1.1\" 200 4939", "timestamp": "2026-07-30T12:46:12.340434Z", "level": "info", "logger": "django.server"}
{"event": "\"OPTIONS /conventions-selected/ HTTP/1.1\" 200 0", "timestamp": "2026-07-30T12:46:12.908664Z", "level": "info", "logger": "django.server"}
{"event": "\"POST /conventions-selected/ HTTP/1.1\" 200 4937", "timestamp": "2026-07-30T12:46:12.911171Z", "level": "info", "logger": "django.server"}
{"event": "\"OPTIONS /conventions-selected/ HTTP/1.1\" 200 0", "timestamp": "2026-07-30T12:46:13.326642Z", "level": "info", "logger": "django.server"}
{"event": "\"POST /conventions-selected/ HTTP/1.1\" 200 4937", "timestamp": "2026-07-30T12:46:13.329128Z", "level": "info", "logger": "django.server"}
{"event": "\"OPTIONS /conventions-selected/ HTTP/1.1\" 200 0", "timestamp": "2026-07-30T12:46:13.544276Z", "level": "info", "logger": "django.server"}
{"event": "\"POST /conventions-selected/ HTTP/1.1\" 200 4939", "timestamp": "2026-07-30T12:46:13.546282Z", "level": "info", "logger": "django.server"}
{"event": "\"OPTIONS /conventions-selected/ HTTP/1.1\" 200 0", "timestamp": "2026-07-30T12:46:13.874956Z", "level": "info", "logger": "django.server"}
{"event": "\"POST /conventions-selected/ HTTP/1.1\" 200 4939", "timestamp": "2026-07-30T12:46:13.877214Z", "level": "info", "logger": "django.server"}
{"event": "/home/jeff/projects/bridge/bidding-conventions-api/src/bidding_conventions/asptro.py changed, reloading.", "timestamp": "2026-07-30T12:47:11.375116Z", "level": "info", "logger": "django.utils.autoreload"}
{"event": "Watching for file changes with StatReloader", "timestamp": "2026-07-30T12:47:11.605475Z", "level": "info", "logger": "django.utils.autoreload"}
{"event": "/home/jeff/projects/bridge/bidding-conventions-api/src/bidding_conventions/asptro.py changed, reloading.", "timestamp": "2026-07-30T12:47:30.750648Z", "level": "info", "logger": "django.utils.autoreload"}
{"event": "Watching for file changes with StatReloader", "timestamp": "2026-07-30T12:47:30.917597Z", "level": "info", "logger": "django.utils.autoreload"}
{"event": "\"OPTIONS /conventions-selected/ HTTP/1.1\" 200 0", "timestamp": "2026-07-30T12:47:32.735862Z", "level": "info", "logger": "django.server"}
{"event": "\"POST /conventions-selected/ HTTP/1.1\" 200 4966", "timestamp": "2026-07-30T12:47:32.739098Z", "level": "info", "logger": "django.server"}
{"event": "/home/jeff/projects/bridge/bidding-conventions-api/.venv/lib/python3.13/site-packages/bfgdealer/dealer.py changed, reloading.", "timestamp": "2026-07-30T12:53:19.438298Z", "level": "info", "logger": "django.utils.autoreload"}
{"event": "Watching for file changes with StatReloader", "timestamp": "2026-07-30T12:53:19.683604Z", "level": "info", "logger": "django.utils.autoreload"}
{"event": "/home/jeff/projects/bridge/bidding-conventions-api/.venv/lib/python3.13/site-packages/_virtualenv.py changed, reloading.", "timestamp": "2026-07-30T13:04:50.232479Z", "level": "info", "logger": "django.utils.autoreload"}
{"event": "Watching for file changes with StatReloader", "timestamp": "2026-07-30T13:15:29.150122Z", "level": "info", "logger": "django.utils.autoreload"}
{"event": "\"GET /static-data/ HTTP/1.1\" 200 909456", "timestamp": "2026-07-30T13:15:38.623725Z", "level": "info", "logger": "django.server"}
{"event": "\"GET //ensure-csrf/?_=1785417338615 HTTP/1.1\" 200 97", "timestamp": "2026-07-30T13:15:38.624047Z", "level": "info", "logger": "django.server"}
{"event": "\"OPTIONS /get-conventions/ HTTP/1.1\" 200 0", "timestamp": "2026-07-30T13:15:38.653325Z", "level": "info", "logger": "django.server"}
{"event": "\"POST /get-conventions/ HTTP/1.1\" 200 423", "timestamp": "2026-07-30T13:15:38.656117Z", "level": "info", "logger": "django.server"}
{"event": "\"OPTIONS /conventions-selected/ HTTP/1.1\" 200 0", "timestamp": "2026-07-30T13:15:41.246609Z", "level": "info", "logger": "django.server"}
{"event": "\"POST /conventions-selected/ HTTP/1.1\" 200 4962", "timestamp": "2026-07-30T13:15:41.250409Z", "level": "info", "logger": "django.server"}
{"event": "\"OPTIONS /conventions-selected/ HTTP/1.1\" 200 0", "timestamp": "2026-07-30T13:15:54.345651Z", "level": "info", "logger": "django.server"}
{"event": "\"POST /conventions-selected/ HTTP/1.1\" 200 4965", "timestamp": "2026-07-30T13:15:54.349291Z", "level": "info", "logger": "django.server"}
{"event": "\"OPTIONS /conventions-selected/ HTTP/1.1\" 200 0", "timestamp": "2026-07-30T13:15:59.756914Z", "level": "info", "logger": "django.server"}
{"event": "\"POST /conventions-selected/ HTTP/1.1\" 200 4963", "timestamp": "2026-07-30T13:15:59.761470Z", "level": "info", "logger": "django.server"}
{"event": "\"OPTIONS /conventions-selected/ HTTP/1.1\" 200 0", "timestamp": "2026-07-30T13:16:00.656541Z", "level": "info", "logger": "django.server"}
{"event": "\"POST /conventions-selected/ HTTP/1.1\" 200 4963", "timestamp": "2026-07-30T13:16:00.660198Z", "level": "info", "logger": "django.server"}
{"event": "/home/jeff/projects/bridge/bidding-conventions-api/src/bidding_conventions/asptro.py changed, reloading.", "timestamp": "2026-07-30T13:17:13.657515Z", "level": "info", "logger": "django.utils.autoreload"}
{"event": "Watching for file changes with StatReloader", "timestamp": "2026-07-30T13:17:13.937665Z", "level": "info", "logger": "django.utils.autoreload"}
{"event": "/home/jeff/projects/bridge/bidding-conventions-api/.venv/lib/python3.13/site-packages/bfgdealer/dealer_solo.py changed, reloading.", "timestamp": "2026-07-30T13:18:35.670324Z", "level": "info", "logger": "django.utils.autoreload"}
{"event": "Watching for file changes with StatReloader", "timestamp": "2026-07-30T13:18:35.915255Z", "level": "info", "logger": "django.utils.autoreload"}
{"event": "/home/jeff/projects/bridge/bidding-conventions-api/.venv/lib/python3.13/site-packages/bfgdealer/dealer.py changed, reloading.", "timestamp": "2026-07-30T13:21:37.920428Z", "level": "info", "logger": "django.utils.autoreload"}
{"event": "Watching for file changes with StatReloader", "timestamp": "2026-07-30T13:21:38.196556Z", "level": "info", "logger": "django.utils.autoreload"}
{"event": "/home/jeff/projects/bridge/bidding-conventions-api/src/bidding_conventions/application.py changed, reloading.", "timestamp": "2026-07-30T13:31:00.330933Z", "level": "info", "logger": "django.utils.autoreload"}
{"event": "Watching for file changes with StatReloader", "timestamp": "2026-07-30T13:31:00.565765Z", "level": "info", "logger": "django.utils.autoreload"}
{"event": "/home/jeff/projects/bfg/bfgdealer/src/bfgdealer/dealer.py changed, reloading.", "timestamp": "2026-07-30T13:31:09.073347Z", "level": "info", "logger": "django.utils.autoreload"}
{"event": "Watching for file changes with StatReloader", "timestamp": "2026-07-30T13:31:09.304377Z", "level": "info", "logger": "django.utils.autoreload"}
{"event": "/home/jeff/projects/bfg/bfgdealer/src/bfgdealer/dealer.py changed, reloading.", "timestamp": "2026-07-30T13:31:39.888371Z", "level": "info", "logger": "django.utils.autoreload"}
{"event": "Watching for file changes with StatReloader", "timestamp": "2026-07-30T13:31:40.123240Z", "level": "info", "logger": "django.utils.autoreload"}
{"event": "/home/jeff/projects/bfg/bfgdealer/src/bfgdealer/dealer.py changed, reloading.", "timestamp": "2026-07-30T13:31:41.577656Z", "level": "info", "logger": "django.utils.autoreload"}
{"event": "Watching for file changes with StatReloader", "timestamp": "2026-07-30T13:31:41.809396Z", "level": "info", "logger": "django.utils.autoreload"}
{"event": "/home/jeff/projects/bfg/bfgdealer/src/bfgdealer/dealer.py changed, reloading.", "timestamp": "2026-07-30T13:32:11.392742Z", "level": "info", "logger": "django.utils.autoreload"}
{"event": "Watching for file changes with StatReloader", "timestamp": "2026-07-30T13:32:11.635801Z", "level": "info", "logger": "django.utils.autoreload"}
{"event": "/home/jeff/projects/bfg/bfgdealer/src/bfgdealer/dealer.py changed, reloading.", "timestamp": "2026-07-30T13:32:51.189396Z", "level": "info", "logger": "django.utils.autoreload"}
{"event": "Watching for file changes with StatReloader", "timestamp": "2026-07-30T13:32:51.432813Z", "level": "info", "logger": "django.utils.autoreload"}
{"event": "/home/jeff/projects/bfg/bfgdealer/src/bfgdealer/dealer.py changed, reloading.", "timestamp": "2026-07-30T13:32:56.777863Z", "level": "info", "logger": "django.utils.autoreload"}
{"event": "Watching for file changes with StatReloader", "timestamp": "2026-07-30T13:32:57.003833Z", "level": "info", "logger": "django.utils.autoreload"}
{"event": "/home/jeff/projects/bfg/bfgdealer/src/bfgdealer/dealer.py changed, reloading.", "timestamp": "2026-07-30T13:33:35.413194Z", "level": "info", "logger": "django.utils.autoreload"}
{"event": "Watching for file changes with StatReloader", "timestamp": "2026-07-30T13:33:35.620028Z", "level": "info", "logger": "django.utils.autoreload"}
{"event": "/home/jeff/projects/bridge/bidding-conventions-api/src/bidding_conventions/asptro.py changed, reloading.", "timestamp": "2026-07-30T13:37:12.717106Z", "level": "info", "logger": "django.utils.autoreload"}
{"event": "Watching for file changes with StatReloader", "timestamp": "2026-07-30T13:37:12.947905Z", "level": "info", "logger": "django.utils.autoreload"}
{"event": "/home/jeff/projects/bridge/bidding-conventions-api/src/bidding_conventions/asptro.py changed, reloading.", "timestamp": "2026-07-30T13:37:33.320095Z", "level": "info", "logger": "django.utils.autoreload"}
{"event": "Watching for file changes with StatReloader", "timestamp": "2026-07-30T13:37:33.542822Z", "level": "info", "logger": "django.utils.autoreload"}
{"event": "Watching for file changes with StatReloader", "timestamp": "2026-07-30T13:38:07.807682Z", "level": "info", "logger": "django.utils.autoreload"}
{"event": "/home/jeff/projects/bridge/bidding-conventions-api/src/bidding_conventions/asptro.py changed, reloading.", "timestamp": "2026-07-30T13:38:22.166628Z", "level": "info", "logger": "django.utils.autoreload"}
{"event": "Watching for file changes with StatReloader", "timestamp": "2026-07-30T13:38:22.395663Z", "level": "info", "logger": "django.utils.autoreload"}
{"event": "/home/jeff/projects/bridge/bidding-conventions-api/src/bidding_conventions/asptro.py changed, reloading.", "timestamp": "2026-07-30T13:39:12.843023Z", "level": "info", "logger": "django.utils.autoreload"}
{"event": "Watching for file changes with StatReloader", "timestamp": "2026-07-30T13:39:13.072267Z", "level": "info", "logger": "django.utils.autoreload"}
{"event": "\"OPTIONS /conventions-selected/ HTTP/1.1\" 200 0", "timestamp": "2026-07-30T13:39:17.486955Z", "level": "info", "logger": "django.server"}
{"event": "\"POST /conventions-selected/ HTTP/1.1\" 200 4967", "timestamp": "2026-07-30T13:39:17.492168Z", "level": "info", "logger": "django.server"}
{"event": "\"OPTIONS /conventions-selected/ HTTP/1.1\" 200 0", "timestamp": "2026-07-30T13:39:18.589333Z", "level": "info", "logger": "django.server"}
{"event": "\"POST /conventions-selected/ HTTP/1.1\" 200 4920", "timestamp": "2026-07-30T13:39:18.591944Z", "level": "info", "logger": "django.server"}
{"event": "\"OPTIONS /conventions-selected/ HTTP/1.1\" 200 0", "timestamp": "2026-07-30T13:39:19.144906Z", "level": "info", "logger": "django.server"}
{"event": "\"POST /conventions-selected/ HTTP/1.1\" 200 4918", "timestamp": "2026-07-30T13:39:19.147515Z", "level": "info", "logger": "django.server"}
{"event": "\"OPTIONS /conventions-selected/ HTTP/1.1\" 200 0", "timestamp": "2026-07-30T13:39:19.344915Z", "level": "info", "logger": "django.server"}
{"event": "\"POST /conventions-selected/ HTTP/1.1\" 200 4966", "timestamp": "2026-07-30T13:39:19.348124Z", "level": "info", "logger": "django.server"}
{"event": "\"OPTIONS /conventions-selected/ HTTP/1.1\" 200 0", "timestamp": "2026-07-30T13:39:19.530996Z", "level": "info", "logger": "django.server"}
{"event": "\"POST /conventions-selected/ HTTP/1.1\" 200 4966", "timestamp": "2026-07-30T13:39:19.533991Z", "level": "info", "logger": "django.server"}
{"event": "\"OPTIONS /conventions-selected/ HTTP/1.1\" 200 0", "timestamp": "2026-07-30T13:39:19.732851Z", "level": "info", "logger": "django.server"}
{"event": "\"POST /conventions-selected/ HTTP/1.1\" 200 4966", "timestamp": "2026-07-30T13:39:19.735768Z", "level": "info", "logger": "django.server"}
{"event": "/home/jeff/projects/bridge/bidding-conventions-api/src/bidding_conventions/asptro.py changed, reloading.", "timestamp": "2026-07-30T13:39:58.679532Z", "level": "info", "logger": "django.utils.autoreload"}
{"event": "Watching for file changes with StatReloader", "timestamp": "2026-07-30T13:39:58.935280Z", "level": "info", "logger": "django.utils.autoreload"}
{"event": "\"OPTIONS /conventions-selected/ HTTP/1.1\" 200 0", "timestamp": "2026-07-30T13:40:04.172874Z", "level": "info", "logger": "django.server"}
{"event": "\"POST /conventions-selected/ HTTP/1.1\" 200 4965", "timestamp": "2026-07-30T13:40:04.177254Z", "level": "info", "logger": "django.server"}
{"event": "\"OPTIONS /conventions-selected/ HTTP/1.1\" 200 0", "timestamp": "2026-07-30T13:40:05.272089Z", "level": "info", "logger": "django.server"}
{"event": "\"POST /conventions-selected/ HTTP/1.1\" 200 4966", "timestamp": "2026-07-30T13:40:05.275754Z", "level": "info", "logger": "django.server"}
{"event": "\"OPTIONS /conventions-selected/ HTTP/1.1\" 200 0", "timestamp": "2026-07-30T13:40:05.737669Z", "level": "info", "logger": "django.server"}
{"event": "\"POST /conventions-selected/ HTTP/1.1\" 200 4964", "timestamp": "2026-07-30T13:40:05.741059Z", "level": "info", "logger": "django.server"}
{"event": "\"OPTIONS /conventions-selected/ HTTP/1.1\" 200 0", "timestamp": "2026-07-30T13:40:05.916019Z", "level": "info", "logger": "django.server"}
{"event": "\"POST /conventions-selected/ HTTP/1.1\" 200 4965", "timestamp": "2026-07-30T13:40:05.919666Z", "level": "info", "logger": "django.server"}
{"event": "/home/jeff/projects/bridge/bidding-conventions-api/src/bidding_conventions/asptro.py changed, reloading.", "timestamp": "2026-07-30T13:40:41.525355Z", "level": "info", "logger": "django.utils.autoreload"}
{"event": "Watching for file changes with StatReloader", "timestamp": "2026-07-30T13:40:41.767909Z", "level": "info", "logger": "django.utils.autoreload"}
{"event": "/home/jeff/projects/bfg/bfgdealer/src/bfgdealer/board.py changed, reloading.", "timestamp": "2026-07-30T13:45:14.041923Z", "level": "info", "logger": "django.utils.autoreload"}
{"event": "Watching for file changes with StatReloader", "timestamp": "2026-07-30T13:45:14.296182Z", "level": "info", "logger": "django.utils.autoreload"}
{"event": "/home/jeff/projects/bridge/bidding-conventions-api/src/bidding_conventions/asptro.py changed, reloading.", "timestamp": "2026-07-30T13:45:33.863911Z", "level": "info", "logger": "django.utils.autoreload"}
{"event": "Watching for file changes with StatReloader", "timestamp": "2026-07-30T13:45:34.107163Z", "level": "info", "logger": "django.utils.autoreload"}
{"event": "\"GET /static-data/ HTTP/1.1\" 200 909456", "timestamp": "2026-07-30T13:45:41.433603Z", "level": "info", "logger": "django.server"}
{"event": "\"GET //ensure-csrf/?_=1785419141429 HTTP/1.1\" 200 97", "timestamp": "2026-07-30T13:45:41.435396Z", "level": "info", "logger": "django.server"}
{"event": "\"OPTIONS /get-conventions/ HTTP/1.1\" 200 0", "timestamp": "2026-07-30T13:45:41.463532Z", "level": "info", "logger": "django.server"}
{"event": "\"POST /get-conventions/ HTTP/1.1\" 200 423", "timestamp": "2026-07-30T13:45:41.467806Z", "level": "info", "logger": "django.server"}
{"event": "\"OPTIONS /conventions-selected/ HTTP/1.1\" 200 0", "timestamp": "2026-07-30T13:45:43.481417Z", "level": "info", "logger": "django.server"}
{"event": "\"POST /conventions-selected/ HTTP/1.1\" 200 4920", "timestamp": "2026-07-30T13:45:43.486167Z", "level": "info", "logger": "django.server"}
{"event": "/home/jeff/projects/bridge/bidding-conventions-api/src/bidding_conventions/asptro.py changed, reloading.", "timestamp": "2026-07-30T13:46:09.685610Z", "level": "info", "logger": "django.utils.autoreload"}
{"event": "Watching for file changes with StatReloader", "timestamp": "2026-07-30T13:46:09.961407Z", "level": "info", "logger": "django.utils.autoreload"}
{"event": "/home/jeff/projects/bfg/bfgdealer/src/bfgdealer/board.py changed, reloading.", "timestamp": "2026-07-30T13:46:16.448619Z", "level": "info", "logger": "django.utils.autoreload"}
{"event": "Watching for file changes with StatReloader", "timestamp": "2026-07-30T13:46:16.678803Z", "level": "info", "logger": "django.utils.autoreload"}
{"event": "/home/jeff/projects/bridge/bidding-conventions-api/src/bidding_conventions/asptro.py changed, reloading.", "timestamp": "2026-07-30T13:47:51.400301Z", "level": "info", "logger": "django.utils.autoreload"}
{"event": "Watching for file changes with StatReloader", "timestamp": "2026-07-30T13:47:51.632254Z", "level": "info", "logger": "django.utils.autoreload"}
{"event": "\"OPTIONS /conventions-selected/ HTTP/1.1\" 200 0", "timestamp": "2026-07-30T13:47:54.885417Z", "level": "info", "logger": "django.server"}
{"event": "\"POST /conventions-selected/ HTTP/1.1\" 200 4965", "timestamp": "2026-07-30T13:47:54.890092Z", "level": "info", "logger": "django.server"}
{"event": "/home/jeff/projects/bridge/bidding-conventions-api/src/bidding_conventions/asptro.py changed, reloading.", "timestamp": "2026-07-30T13:48:59.320178Z", "level": "info", "logger": "django.utils.autoreload"}
{"event": "Watching for file changes with StatReloader", "timestamp": "2026-07-30T13:48:59.536380Z", "level": "info", "logger": "django.utils.autoreload"}
{"event": "/home/jeff/projects/bfg/bfgdealer/src/bfgdealer/dealer_bidding.py changed, reloading.", "timestamp": "2026-07-30T13:52:14.578273Z", "level": "info", "logger": "django.utils.autoreload"}
{"event": "Watching for file changes with StatReloader", "timestamp": "2026-07-30T13:52:14.810050Z", "level": "info", "logger": "django.utils.autoreload"}
{"event": "/home/jeff/projects/bridge/bidding-conventions-api/src/bidding_conventions/asptro.py changed, reloading.", "timestamp": "2026-07-30T13:52:32.362393Z", "level": "info", "logger": "django.utils.autoreload"}
{"event": "Watching for file changes with StatReloader", "timestamp": "2026-07-30T13:52:32.592221Z", "level": "info", "logger": "django.utils.autoreload"}
{"event": "/home/jeff/projects/bfg/bfgdealer/src/bfgdealer/dealer_bidding.py changed, reloading.", "timestamp": "2026-07-30T13:55:42.668114Z", "level": "info", "logger": "django.utils.autoreload"}
{"event": "Watching for file changes with StatReloader", "timestamp": "2026-07-30T13:55:42.906310Z", "level": "info", "logger": "django.utils.autoreload"}
{"event": "/home/jeff/projects/bfg/bfgdealer/src/bfgdealer/dealer_bidding.py changed, reloading.", "timestamp": "2026-07-30T13:56:19.357653Z", "level": "info", "logger": "django.utils.autoreload"}
{"event": "Watching for file changes with StatReloader", "timestamp": "2026-07-30T13:56:19.569237Z", "level": "info", "logger": "django.utils.autoreload"}
{"event": "\"OPTIONS /conventions-selected/ HTTP/1.1\" 200 0", "timestamp": "2026-07-30T13:56:23.853006Z", "level": "info", "logger": "django.server"}
{"event": "\"POST /conventions-selected/ HTTP/1.1\" 200 4965", "timestamp": "2026-07-30T13:56:23.857886Z", "level": "info", "logger": "django.server"}
{"event": "\"OPTIONS /conventions-selected/ HTTP/1.1\" 200 0", "timestamp": "2026-07-30T13:56:25.897680Z", "level": "info", "logger": "django.server"}
{"event": "\"POST /conventions-selected/ HTTP/1.1\" 200 4918", "timestamp": "2026-07-30T13:56:25.901197Z", "level": "info", "logger": "django.server"}
{"event": "\"OPTIONS /conventions-selected/ HTTP/1.1\" 200 0", "timestamp": "2026-07-30T13:56:26.889409Z", "level": "info", "logger": "django.server"}
{"event": "\"POST /conventions-selected/ HTTP/1.1\" 200 4963", "timestamp": "2026-07-30T13:56:26.893219Z", "level": "info", "logger": "django.server"}
{"event": "\"OPTIONS /conventions-selected/ HTTP/1.1\" 200 0", "timestamp": "2026-07-30T13:56:27.391649Z", "level": "info", "logger": "django.server"}
{"event": "\"POST /conventions-selected/ HTTP/1.1\" 200 4966", "timestamp": "2026-07-30T13:56:27.394285Z", "level": "info", "logger": "django.server"}
{"event": "/home/jeff/projects/bfg/bfgdealer/src/bfgdealer/dealer_bidding.py changed, reloading.", "timestamp": "2026-07-30T14:00:16.783342Z", "level": "info", "logger": "django.utils.autoreload"}
{"event": "Watching for file changes with StatReloader", "timestamp": "2026-07-30T14:00:17.026743Z", "level": "info", "logger": "django.utils.autoreload"}
{"event": "\"OPTIONS /conventions-selected/ HTTP/1.1\" 200 0", "timestamp": "2026-07-30T14:00:18.537766Z", "level": "info", "logger": "django.server"}
{"event": "\"POST /conventions-selected/ HTTP/1.1\" 200 4963", "timestamp": "2026-07-30T14:00:18.543548Z", "level": "info", "logger": "django.server"}
{"event": "\"OPTIONS /conventions-selected/ HTTP/1.1\" 200 0", "timestamp": "2026-07-30T14:00:20.260659Z", "level": "info", "logger": "django.server"}
{"event": "\"POST /conventions-selected/ HTTP/1.1\" 200 4964", "timestamp": "2026-07-30T14:00:20.263295Z", "level": "info", "logger": "django.server"}
{"event": "/home/jeff/projects/bfg/bfgdealer/src/bfgdealer/dealer_bidding.py changed, reloading.", "timestamp": "2026-07-30T14:02:13.865508Z", "level": "info", "logger": "django.utils.autoreload"}
{"event": "Watching for file changes with StatReloader", "timestamp": "2026-07-30T14:02:14.095161Z", "level": "info", "logger": "django.utils.autoreload"}
{"event": "/home/jeff/projects/bfg/bfgdealer/src/bfgdealer/dealer_bidding.py changed, reloading.", "timestamp": "2026-07-30T14:13:42.577919Z", "level": "info", "logger": "django.utils.autoreload"}
{"event": "Watching for file changes with StatReloader", "timestamp": "2026-07-30T14:13:42.810203Z", "level": "info", "logger": "django.utils.autoreload"}
{"event": "/home/jeff/projects/bfg/bfgdealer/src/bfgdealer/dealer_bidding.py changed, reloading.", "timestamp": "2026-07-30T14:16:42.831491Z", "level": "info", "logger": "django.utils.autoreload"}
{"event": "Watching for file changes with StatReloader", "timestamp": "2026-07-30T14:16:43.075373Z", "level": "info", "logger": "django.utils.autoreload"}
{"event": "/home/jeff/projects/bfg/bfgdealer/src/bfgdealer/dealer_bidding.py changed, reloading.", "timestamp": "2026-07-30T14:17:57.608264Z", "level": "info", "logger": "django.utils.autoreload"}
{"event": "Watching for file changes with StatReloader", "timestamp": "2026-07-30T14:17:57.818880Z", "level": "info", "logger": "django.utils.autoreload"}
{"event": "/home/jeff/projects/bfg/bfgdealer/src/bfgdealer/dealer_bidding.py changed, reloading.", "timestamp": "2026-07-30T14:18:38.302740Z", "level": "info", "logger": "django.utils.autoreload"}
{"event": "Watching for file changes with StatReloader", "timestamp": "2026-07-30T14:18:38.522396Z", "level": "info", "logger": "django.utils.autoreload"}
{"event": "/home/jeff/projects/bfg/bfgdealer/src/bfgdealer/dealer_bidding.py changed, reloading.", "timestamp": "2026-07-30T14:22:15.571848Z", "level": "info", "logger": "django.utils.autoreload"}
{"event": "Watching for file changes with StatReloader", "timestamp": "2026-07-30T14:22:15.805038Z", "level": "info", "logger": "django.utils.autoreload"}
{"event": "/home/jeff/projects/bfg/bfgdealer/src/bfgdealer/dealer_bidding.py changed, reloading.", "timestamp": "2026-07-30T14:31:03.838145Z", "level": "info", "logger": "django.utils.autoreload"}
{"event": "Watching for file changes with StatReloader", "timestamp": "2026-07-30T14:31:04.069550Z", "level": "info", "logger": "django.utils.autoreload"}
{"event": "\"OPTIONS /conventions-selected/ HTTP/1.1\" 200 0", "timestamp": "2026-07-30T14:31:05.920274Z", "level": "info", "logger": "django.server"}
{"event": "Internal Server Error: /conventions-selected/", "exc_info": ["<class 'AttributeError'>", "AttributeError(\"'Card' object has no attribute 'high_card_point_count'\")", "<traceback object at 0x7f3b5ad95c80>"], "timestamp": "2026-07-30T14:31:05.934600Z", "level": "error", "logger": "django.request"}
{"event": "\"POST /conventions-selected/ HTTP/1.1\" 500 120608", "timestamp": "2026-07-30T14:31:05.935891Z", "level": "error", "logger": "django.server"}
{"event": "/home/jeff/projects/bfg/bfgdealer/src/bfgdealer/dealer_bidding.py changed, reloading.", "timestamp": "2026-07-30T14:31:27.628479Z", "level": "info", "logger": "django.utils.autoreload"}
{"event": "Watching for file changes with StatReloader", "timestamp": "2026-07-30T14:31:27.871286Z", "level": "info", "logger": "django.utils.autoreload"}
{"event": "\"OPTIONS /conventions-selected/ HTTP/1.1\" 200 0", "timestamp": "2026-07-30T14:31:30.953195Z", "level": "info", "logger": "django.server"}
{"event": "Internal Server Error: /conventions-selected/", "exc_info": ["<class 'AttributeError'>", "AttributeError(\"'Card' object has no attribute 'point_count'\")", "<traceback object at 0x7efc64560640>"], "timestamp": "2026-07-30T14:31:30.967803Z", "level": "error", "logger": "django.request"}
{"event": "\"POST /conventions-selected/ HTTP/1.1\" 500 122183", "timestamp": "2026-07-30T14:31:30.969145Z", "level": "error", "logger": "django.server"}
{"event": "/home/jeff/projects/bfg/bfgdealer/src/bfgdealer/dealer_bidding.py changed, reloading.", "timestamp": "2026-07-30T14:32:11.502261Z", "level": "info", "logger": "django.utils.autoreload"}
{"event": "Watching for file changes with StatReloader", "timestamp": "2026-07-30T14:32:11.730002Z", "level": "info", "logger": "django.utils.autoreload"}
{"event": "\"OPTIONS /conventions-selected/ HTTP/1.1\" 200 0", "timestamp": "2026-07-30T14:32:13.670216Z", "level": "info", "logger": "django.server"}
{"event": "\"POST /conventions-selected/ HTTP/1.1\" 200 4920", "timestamp": "2026-07-30T14:32:13.675085Z", "level": "info", "logger": "django.server"}
{"event": "/home/jeff/projects/bfg/bfgdealer/src/bfgdealer/dealer_bidding.py changed, reloading.", "timestamp": "2026-07-30T14:35:26.771223Z", "level": "info", "logger": "django.utils.autoreload"}
{"event": "Watching for file changes with StatReloader", "timestamp": "2026-07-30T14:35:27.012555Z", "level": "info", "logger": "django.utils.autoreload"}
{"event": "/home/jeff/projects/bfg/bfgdealer/src/bfgdealer/dealer_bidding.py changed, reloading.", "timestamp": "2026-07-30T14:35:47.512163Z", "level": "info", "logger": "django.utils.autoreload"}
{"event": "Watching for file changes with StatReloader", "timestamp": "2026-07-30T14:35:47.746640Z", "level": "info", "logger": "django.utils.autoreload"}
{"event": "\"OPTIONS /conventions-selected/ HTTP/1.1\" 200 0", "timestamp": "2026-07-30T14:35:54.326128Z", "level": "info", "logger": "django.server"}
{"event": "\"POST /conventions-selected/ HTTP/1.1\" 200 4920", "timestamp": "2026-07-30T14:35:54.330780Z", "level": "info", "logger": "django.server"}
{"event": "\"OPTIONS /conventions-selected/ HTTP/1.1\" 200 0", "timestamp": "2026-07-30T14:35:55.259705Z", "level": "info", "logger": "django.server"}
{"event": "\"POST /conventions-selected/ HTTP/1.1\" 200 4920", "timestamp": "2026-07-30T14:35:55.263955Z", "level": "info", "logger": "django.server"}
{"event": "/home/jeff/projects/bfg/bfgdealer/src/bfgdealer/board.py changed, reloading.", "timestamp": "2026-07-30T14:36:34.353985Z", "level": "info", "logger": "django.utils.autoreload"}
{"event": "Watching for file changes with StatReloader", "timestamp": "2026-07-30T14:36:34.585740Z", "level": "info", "logger": "django.utils.autoreload"}
{"event": "/home/jeff/projects/bfg/bfgdealer/src/bfgdealer/dealer_bidding.py changed, reloading.", "timestamp": "2026-07-30T14:40:00.659219Z", "level": "info", "logger": "django.utils.autoreload"}
{"event": "Watching for file changes with StatReloader", "timestamp": "2026-07-30T14:40:00.888558Z", "level": "info", "logger": "django.utils.autoreload"}
{"event": "/home/jeff/projects/bfg/bfgdealer/src/bfgdealer/dealer_bidding.py changed, reloading.", "timestamp": "2026-07-30T14:40:59.511047Z", "level": "info", "logger": "django.utils.autoreload"}
{"event": "Watching for file changes with StatReloader", "timestamp": "2026-07-30T14:40:59.760890Z", "level": "info", "logger": "django.utils.autoreload"}
{"event": "/home/jeff/projects/bfg/bfgdealer/src/bfgdealer/dealer_bidding.py changed, reloading.", "timestamp": "2026-07-30T14:42:43.515656Z", "level": "info", "logger": "django.utils.autoreload"}
{"event": "Watching for file changes with StatReloader", "timestamp": "2026-07-30T14:42:43.750115Z", "level": "info", "logger": "django.utils.autoreload"}
{"event": "\"OPTIONS /conventions-selected/ HTTP/1.1\" 200 0", "timestamp": "2026-07-30T14:42:45.556057Z", "level": "info", "logger": "django.server"}
{"event": "Internal Server Error: /conventions-selected/", "exc_info": ["<class 'KeyError'>", "KeyError(4)", "<traceback object at 0x7f4f43be58c0>"], "timestamp": "2026-07-30T14:42:45.576926Z", "level": "error", "logger": "django.request"}
{"event": "\"POST /conventions-selected/ HTTP/1.1\" 500 124516", "timestamp": "2026-07-30T14:42:45.578221Z", "level": "error", "logger": "django.server"}
{"event": "/home/jeff/projects/bfg/bfgdealer/src/bfgdealer/dealer_bidding.py changed, reloading.", "timestamp": "2026-07-30T14:43:21.312373Z", "level": "info", "logger": "django.utils.autoreload"}
{"event": "Watching for file changes with StatReloader", "timestamp": "2026-07-30T14:43:21.568492Z", "level": "info", "logger": "django.utils.autoreload"}
{"event": "\"OPTIONS /conventions-selected/ HTTP/1.1\" 200 0", "timestamp": "2026-07-30T14:43:23.121124Z", "level": "info", "logger": "django.server"}
{"event": "\"POST /conventions-selected/ HTTP/1.1\" 200 4965", "timestamp": "2026-07-30T14:43:23.126726Z", "level": "info", "logger": "django.server"}
{"event": "/home/jeff/projects/bfg/bfgdealer/src/bfgdealer/dealer_bidding.py changed, reloading.", "timestamp": "2026-07-30T14:48:49.037388Z", "level": "info", "logger": "django.utils.autoreload"}
{"event": "Watching for file changes with StatReloader", "timestamp": "2026-07-30T14:48:49.285606Z", "level": "info", "logger": "django.utils.autoreload"}
{"event": "\"OPTIONS /conventions-selected/ HTTP/1.1\" 200 0", "timestamp": "2026-07-30T14:48:51.601612Z", "level": "info", "logger": "django.server"}
{"event": "\"POST /conventions-selected/ HTTP/1.1\" 200 4963", "timestamp": "2026-07-30T14:48:51.605721Z", "level": "info", "logger": "django.server"}
{"event": "\"OPTIONS /conventions-selected/ HTTP/1.1\" 200 0", "timestamp": "2026-07-30T14:48:53.343222Z", "level": "info", "logger": "django.server"}
{"event": "\"POST /conventions-selected/ HTTP/1.1\" 200 4967", "timestamp": "2026-07-30T14:48:53.346198Z", "level": "info", "logger": "django.server"}
{"event": "\"OPTIONS /conventions-selected/ HTTP/1.1\" 200 0", "timestamp": "2026-07-30T14:48:54.471117Z", "level": "info", "logger": "django.server"}
{"event": "\"POST /conventions-selected/ HTTP/1.1\" 200 4965", "timestamp": "2026-07-30T14:48:54.474668Z", "level": "info", "logger": "django.server"}
{"event": "\"OPTIONS /conventions-selected/ HTTP/1.1\" 200 0", "timestamp": "2026-07-30T14:48:55.476676Z", "level": "info", "logger": "django.server"}
{"event": "\"POST /conventions-selected/ HTTP/1.1\" 200 4965", "timestamp": "2026-07-30T14:48:55.479474Z", "level": "info", "logger": "django.server"}
{"event": "\"OPTIONS /conventions-selected/ HTTP/1.1\" 200 0", "timestamp": "2026-07-30T14:48:56.370015Z", "level": "info", "logger": "django.server"}
{"event": "\"POST /conventions-selected/ HTTP/1.1\" 200 4966", "timestamp": "2026-07-30T14:48:56.372965Z", "level": "info", "logger": "django.server"}
{"event": "\"OPTIONS /conventions-selected/ HTTP/1.1\" 200 0", "timestamp": "2026-07-30T14:48:57.225478Z", "level": "info", "logger": "django.server"}
{"event": "\"POST /conventions-selected/ HTTP/1.1\" 200 4920", "timestamp": "2026-07-30T14:48:57.228387Z", "level": "info", "logger": "django.server"}
{"event": "\"OPTIONS /conventions-selected/ HTTP/1.1\" 200 0", "timestamp": "2026-07-30T14:48:57.918243Z", "level": "info", "logger": "django.server"}
{"event": "\"POST /conventions-selected/ HTTP/1.1\" 200 4965", "timestamp": "2026-07-30T14:48:57.921204Z", "level": "info", "logger": "django.server"}
{"event": "\"OPTIONS /conventions-selected/ HTTP/1.1\" 200 0", "timestamp": "2026-07-30T14:48:58.627009Z", "level": "info", "logger": "django.server"}
{"event": "\"POST /conventions-selected/ HTTP/1.1\" 200 4966", "timestamp": "2026-07-30T14:48:58.630174Z", "level": "info", "logger": "django.server"}
{"event": "\"OPTIONS /conventions-selected/ HTTP/1.1\" 200 0", "timestamp": "2026-07-30T14:48:59.360160Z", "level": "info", "logger": "django.server"}
{"event": "\"POST /conventions-selected/ HTTP/1.1\" 200 4965", "timestamp": "2026-07-30T14:48:59.363789Z", "level": "info", "logger": "django.server"}
{"event": "/home/jeff/projects/bfg/bfgdealer/src/bfgdealer/dealer_bidding.py changed, reloading.", "timestamp": "2026-07-30T14:51:59.379110Z", "level": "info", "logger": "django.utils.autoreload"}
{"event": "Watching for file changes with StatReloader", "timestamp": "2026-07-30T14:51:59.625985Z", "level": "info", "logger": "django.utils.autoreload"}
{"event": "/home/jeff/projects/bfg/bfgdealer/src/bfgdealer/dealer_bidding.py changed, reloading.", "timestamp": "2026-07-30T15:51:00.670313Z", "level": "info", "logger": "django.utils.autoreload"}
{"event": "Watching for file changes with StatReloader", "timestamp": "2026-07-30T15:51:00.907389Z", "level": "info", "logger": "django.utils.autoreload"}
{"event": "\"OPTIONS /conventions-selected/ HTTP/1.1\" 200 0", "timestamp": "2026-07-30T15:51:05.361725Z", "level": "info", "logger": "django.server"}
{"event": "Internal Server Error: /conventions-selected/", "exc_info": ["<class 'IndexError'>", "IndexError('Cannot choose from an empty sequence')", "<traceback object at 0x7f77a2ec19c0>"], "timestamp": "2026-07-30T15:51:05.376879Z", "level": "error", "logger": "django.request"}
{"event": "\"POST /conventions-selected/ HTTP/1.1\" 500 129996", "timestamp": "2026-07-30T15:51:05.379688Z", "level": "error", "logger": "django.server"}
{"event": "/home/jeff/projects/bfg/bfgdealer/src/bfgdealer/dealer_bidding.py changed, reloading.", "timestamp": "2026-07-30T15:52:15.610304Z", "level": "info", "logger": "django.utils.autoreload"}
{"event": "Watching for file changes with StatReloader", "timestamp": "2026-07-30T15:52:15.855840Z", "level": "info", "logger": "django.utils.autoreload"}
{"event": "/home/jeff/projects/bfg/bfgdealer/src/bfgdealer/dealer_bidding.py changed, reloading.", "timestamp": "2026-07-30T15:53:47.427133Z", "level": "info", "logger": "django.utils.autoreload"}
{"event": "Watching for file changes with StatReloader", "timestamp": "2026-07-30T15:53:47.668407Z", "level": "info", "logger": "django.utils.autoreload"}
{"event": "/home/jeff/projects/bfg/bfgdealer/src/bfgdealer/dealer_bidding.py changed, reloading.", "timestamp": "2026-07-30T15:55:07.353699Z", "level": "info", "logger": "django.utils.autoreload"}
{"event": "Watching for file changes with StatReloader", "timestamp": "2026-07-30T15:55:07.598888Z", "level": "info", "logger": "django.utils.autoreload"}
{"event": "\"OPTIONS /conventions-selected/ HTTP/1.1\" 200 0", "timestamp": "2026-07-30T15:55:10.251845Z", "level": "info", "logger": "django.server"}
{"event": "Internal Server Error: /conventions-selected/", "exc_info": ["<class 'IndexError'>", "IndexError('Cannot choose from an empty sequence')", "<traceback object at 0x7f7dc7ba96c0>"], "timestamp": "2026-07-30T15:55:10.278095Z", "level": "error", "logger": "django.request"}
{"event": "\"POST /conventions-selected/ HTTP/1.1\" 500 130039", "timestamp": "2026-07-30T15:55:10.280315Z", "level": "error", "logger": "django.server"}
{"event": "/home/jeff/projects/bfg/bfgdealer/src/bfgdealer/dealer_bidding.py changed, reloading.", "timestamp": "2026-07-30T15:55:42.217999Z", "level": "info", "logger": "django.utils.autoreload"}
{"event": "Watching for file changes with StatReloader", "timestamp": "2026-07-30T15:55:42.455095Z", "level": "info", "logger": "django.utils.autoreload"}
{"event": "\"OPTIONS /conventions-selected/ HTTP/1.1\" 200 0", "timestamp": "2026-07-30T15:55:43.451610Z", "level": "info", "logger": "django.server"}
{"event": "Internal Server Error: /conventions-selected/", "exc_info": ["<class 'IndexError'>", "IndexError('Cannot choose from an empty sequence')", "<traceback object at 0x7fb113e24640>"], "timestamp": "2026-07-30T15:55:43.467645Z", "level": "error", "logger": "django.request"}
{"event": "\"POST /conventions-selected/ HTTP/1.1\" 500 130013", "timestamp": "2026-07-30T15:55:43.469005Z", "level": "error", "logger": "django.server"}
{"event": "/home/jeff/projects/bfg/bfgdealer/src/bfgdealer/dealer_bidding.py changed, reloading.", "timestamp": "2026-07-30T15:56:11.982091Z", "level": "info", "logger": "django.utils.autoreload"}
{"event": "Watching for file changes with StatReloader", "timestamp": "2026-07-30T15:56:12.219929Z", "level": "info", "logger": "django.utils.autoreload"}
{"event": "\"OPTIONS /conventions-selected/ HTTP/1.1\" 200 0", "timestamp": "2026-07-30T15:56:16.193149Z", "level": "info", "logger": "django.server"}
{"event": "Internal Server Error: /conventions-selected/", "exc_info": ["<class 'IndexError'>", "IndexError('Cannot choose from an empty sequence')", "<traceback object at 0x7f04fa6c1880>"], "timestamp": "2026-07-30T15:56:16.208003Z", "level": "error", "logger": "django.request"}
{"event": "\"POST /conventions-selected/ HTTP/1.1\" 500 130020", "timestamp": "2026-07-30T15:56:16.209342Z", "level": "error", "logger": "django.server"}
{"event": "/home/jeff/projects/bfg/bfgdealer/src/bfgdealer/dealer_bidding.py changed, reloading.", "timestamp": "2026-07-30T15:58:20.074849Z", "level": "info", "logger": "django.utils.autoreload"}
{"event": "Watching for file changes with StatReloader", "timestamp": "2026-07-30T15:58:20.315709Z", "level": "info", "logger": "django.utils.autoreload"}
{"event": "\"OPTIONS /conventions-selected/ HTTP/1.1\" 200 0", "timestamp": "2026-07-30T15:58:25.681441Z", "level": "info", "logger": "django.server"}
{"event": "Internal Server Error: /conventions-selected/", "exc_info": ["<class 'IndexError'>", "IndexError('Cannot choose from an empty sequence')", "<traceback object at 0x7f034e411980>"], "timestamp": "2026-07-30T15:58:25.704067Z", "level": "error", "logger": "django.request"}
{"event": "\"POST /conventions-selected/ HTTP/1.1\" 500 130043", "timestamp": "2026-07-30T15:58:25.705454Z", "level": "error", "logger": "django.server"}
{"event": "/home/jeff/projects/bfg/bfgdealer/src/bfgdealer/dealer_bidding.py changed, reloading.", "timestamp": "2026-07-30T16:00:02.105313Z", "level": "info", "logger": "django.utils.autoreload"}
{"event": "Watching for file changes with StatReloader", "timestamp": "2026-07-30T16:00:02.343893Z", "level": "info", "logger": "django.utils.autoreload"}
{"event": "\"OPTIONS /conventions-selected/ HTTP/1.1\" 200 0", "timestamp": "2026-07-30T16:00:05.158337Z", "level": "info", "logger": "django.server"}
{"event": "Internal Server Error: /conventions-selected/", "exc_info": ["<class 'IndexError'>", "IndexError('Cannot choose from an empty sequence')", "<traceback object at 0x7f7f064d1f00>"], "timestamp": "2026-07-30T16:00:05.173369Z", "level": "error", "logger": "django.request"}
{"event": "\"POST /conventions-selected/ HTTP/1.1\" 500 130016", "timestamp": "2026-07-30T16:00:05.174725Z", "level": "error", "logger": "django.server"}
{"event": "/home/jeff/projects/bfg/bfgdealer/src/bfgdealer/dealer_bidding.py changed, reloading.", "timestamp": "2026-07-30T16:02:42.320114Z", "level": "info", "logger": "django.utils.autoreload"}
{"event": "Watching for file changes with StatReloader", "timestamp": "2026-07-30T16:02:42.554085Z", "level": "info", "logger": "django.utils.autoreload"}
{"event": "/home/jeff/projects/bfg/bfgdealer/src/bfgdealer/dealer_bidding.py changed, reloading.", "timestamp": "2026-07-30T16:04:04.222549Z", "level": "info", "logger": "django.utils.autoreload"}
{"event": "Watching for file changes with StatReloader", "timestamp": "2026-07-30T16:04:04.450989Z", "level": "info", "logger": "django.utils.autoreload"}
{"event": "\"OPTIONS /conventions-selected/ HTTP/1.1\" 200 0", "timestamp": "2026-07-30T16:04:09.900461Z", "level": "info", "logger": "django.server"}
{"event": "\"POST /conventions-selected/ HTTP/1.1\" 200 4966", "timestamp": "2026-07-30T16:04:09.905080Z", "level": "info", "logger": "django.server"}
{"event": "/home/jeff/projects/bfg/bfgdealer/src/bfgdealer/dealer_bidding.py changed, reloading.", "timestamp": "2026-07-30T16:05:23.170539Z", "level": "info", "logger": "django.utils.autoreload"}
{"event": "Watching for file changes with StatReloader", "timestamp": "2026-07-30T16:05:23.398410Z", "level": "info", "logger": "django.utils.autoreload"}
{"event": "\"OPTIONS /conventions-selected/ HTTP/1.1\" 200 0", "timestamp": "2026-07-30T16:05:25.004873Z", "level": "info", "logger": "django.server"}
{"event": "\"POST /conventions-selected/ HTTP/1.1\" 200 4965", "timestamp": "2026-07-30T16:05:25.009675Z", "level": "info", "logger": "django.server"}
{"event": "/home/jeff/projects/bfg/bfgdealer/src/bfgdealer/dealer_bidding.py changed, reloading.", "timestamp": "2026-07-30T16:06:01.973384Z", "level": "info", "logger": "django.utils.autoreload"}
{"event": "Watching for file changes with StatReloader", "timestamp": "2026-07-30T16:06:02.221778Z", "level": "info", "logger": "django.utils.autoreload"}
{"event": "\"OPTIONS /conventions-selected/ HTTP/1.1\" 200 0", "timestamp": "2026-07-30T16:06:03.994921Z", "level": "info", "logger": "django.server"}
{"event": "\"POST /conventions-selected/ HTTP/1.1\" 200 4966", "timestamp": "2026-07-30T16:06:04.000360Z", "level": "info", "logger": "django.server"}
{"event": "/home/jeff/projects/bfg/bfgdealer/src/bfgdealer/dealer_bidding.py changed, reloading.", "timestamp": "2026-07-30T16:07:13.917837Z", "level": "info", "logger": "django.utils.autoreload"}
{"event": "Watching for file changes with StatReloader", "timestamp": "2026-07-30T16:07:14.148172Z", "level": "info", "logger": "django.utils.autoreload"}
{"event": "\"OPTIONS /conventions-selected/ HTTP/1.1\" 200 0", "timestamp": "2026-07-30T16:07:21.439517Z", "level": "info", "logger": "django.server"}
{"event": "\"POST /conventions-selected/ HTTP/1.1\" 200 4918", "timestamp": "2026-07-30T16:07:21.444456Z", "level": "info", "logger": "django.server"}
{"event": "/home/jeff/projects/bfg/bfgdealer/src/bfgdealer/dealer_bidding.py changed, reloading.", "timestamp": "2026-07-30T16:08:21.832393Z", "level": "info", "logger": "django.utils.autoreload"}
{"event": "Watching for file changes with StatReloader", "timestamp": "2026-07-30T16:08:22.055476Z", "level": "info", "logger": "django.utils.autoreload"}
{"event": "\"OPTIONS /conventions-selected/ HTTP/1.1\" 200 0", "timestamp": "2026-07-30T16:08:30.030095Z", "level": "info", "logger": "django.server"}
{"event": "\"POST /conventions-selected/ HTTP/1.1\" 200 4918", "timestamp": "2026-07-30T16:08:30.035519Z", "level": "info", "logger": "django.server"}
{"event": "/home/jeff/projects/bfg/bfgdealer/src/bfgdealer/dealer_bidding.py changed, reloading.", "timestamp": "2026-07-30T16:09:31.720682Z", "level": "info", "logger": "django.utils.autoreload"}
{"event": "Watching for file changes with StatReloader", "timestamp": "2026-07-30T16:09:31.975164Z", "level": "info", "logger": "django.utils.autoreload"}
{"event": "\"OPTIONS /conventions-selected/ HTTP/1.1\" 200 0", "timestamp": "2026-07-30T16:09:33.888572Z", "level": "info", "logger": "django.server"}
{"event": "\"POST /conventions-selected/ HTTP/1.1\" 200 4966", "timestamp": "2026-07-30T16:09:33.892858Z", "level": "info", "logger": "django.server"}
{"event": "\"OPTIONS /conventions-selected/ HTTP/1.1\" 200 0", "timestamp": "2026-07-30T16:09:35.563155Z", "level": "info", "logger": "django.server"}
{"event": "\"POST /conventions-selected/ HTTP/1.1\" 200 4965", "timestamp": "2026-07-30T16:09:35.565799Z", "level": "info", "logger": "django.server"}
{"event": "\"OPTIONS /conventions-selected/ HTTP/1.1\" 200 0", "timestamp": "2026-07-30T16:09:36.667755Z", "level": "info", "logger": "django.server"}
{"event": "\"POST /conventions-selected/ HTTP/1.1\" 200 4965", "timestamp": "2026-07-30T16:09:36.670753Z", "level": "info", "logger": "django.server"}
{"event": "\"OPTIONS /conventions-selected/ HTTP/1.1\" 200 0", "timestamp": "2026-07-30T16:09:37.263506Z", "level": "info", "logger": "django.server"}
{"event": "\"POST /conventions-selected/ HTTP/1.1\" 200 4966", "timestamp": "2026-07-30T16:09:37.266069Z", "level": "info", "logger": "django.server"}
{"event": "\"OPTIONS /conventions-selected/ HTTP/1.1\" 200 0", "timestamp": "2026-07-30T16:09:37.763179Z", "level": "info", "logger": "django.server"}
{"event": "\"POST /conventions-selected/ HTTP/1.1\" 200 4966", "timestamp": "2026-07-30T16:09:37.766422Z", "level": "info", "logger": "django.server"}
{"event": "\"OPTIONS /conventions-selected/ HTTP/1.1\" 200 0", "timestamp": "2026-07-30T16:09:38.183133Z", "level": "info", "logger": "django.server"}
{"event": "\"POST /conventions-selected/ HTTP/1.1\" 200 4965", "timestamp": "2026-07-30T16:09:38.187117Z", "level": "info", "logger": "django.server"}
{"event": "\"OPTIONS /conventions-selected/ HTTP/1.1\" 200 0", "timestamp": "2026-07-30T16:09:38.416823Z", "level": "info", "logger": "django.server"}
{"event": "\"POST /conventions-selected/ HTTP/1.1\" 200 4918", "timestamp": "2026-07-30T16:09:38.420922Z", "level": "info", "logger": "django.server"}
{"event": "\"OPTIONS /conventions-selected/ HTTP/1.1\" 200 0", "timestamp": "2026-07-30T16:09:38.608495Z", "level": "info", "logger": "django.server"}
{"event": "\"POST /conventions-selected/ HTTP/1.1\" 200 4963", "timestamp": "2026-07-30T16:09:38.612699Z", "level": "info", "logger": "django.server"}
{"event": "\"OPTIONS /conventions-selected/ HTTP/1.1\" 200 0", "timestamp": "2026-07-30T16:09:38.794647Z", "level": "info", "logger": "django.server"}
{"event": "\"POST /conventions-selected/ HTTP/1.1\" 200 4965", "timestamp": "2026-07-30T16:09:38.799078Z", "level": "info", "logger": "django.server"}
{"event": "\"OPTIONS /conventions-selected/ HTTP/1.1\" 200 0", "timestamp": "2026-07-30T16:09:38.979829Z", "level": "info", "logger": "django.server"}
{"event": "\"POST /conventions-selected/ HTTP/1.1\" 200 4965", "timestamp": "2026-07-30T16:09:38.983955Z", "level": "info", "logger": "django.server"}
{"event": "\"OPTIONS /conventions-selected/ HTTP/1.1\" 200 0", "timestamp": "2026-07-30T16:09:39.180564Z", "level": "info", "logger": "django.server"}
{"event": "\"POST /conventions-selected/ HTTP/1.1\" 200 4966", "timestamp": "2026-07-30T16:09:39.184501Z", "level": "info", "logger": "django.server"}
{"event": "\"OPTIONS /conventions-selected/ HTTP/1.1\" 200 0", "timestamp": "2026-07-30T16:09:39.366081Z", "level": "info", "logger": "django.server"}
{"event": "\"POST /conventions-selected/ HTTP/1.1\" 200 4966", "timestamp": "2026-07-30T16:09:39.369825Z", "level": "info", "logger": "django.server"}
{"event": "\"OPTIONS /conventions-selected/ HTTP/1.1\" 200 0", "timestamp": "2026-07-30T16:09:39.567210Z", "level": "info", "logger": "django.server"}
{"event": "\"POST /conventions-selected/ HTTP/1.1\" 200 4965", "timestamp": "2026-07-30T16:09:39.570784Z", "level": "info", "logger": "django.server"}
{"event": "\"OPTIONS /conventions-selected/ HTTP/1.1\" 200 0", "timestamp": "2026-07-30T16:09:39.791574Z", "level": "info", "logger": "django.server"}
{"event": "\"POST /conventions-selected/ HTTP/1.1\" 200 4966", "timestamp": "2026-07-30T16:09:39.794425Z", "level": "info", "logger": "django.server"}
{"event": "\"OPTIONS /conventions-selected/ HTTP/1.1\" 200 0", "timestamp": "2026-07-30T16:09:39.978072Z", "level": "info", "logger": "django.server"}
{"event": "\"POST /conventions-selected/ HTTP/1.1\" 200 4967", "timestamp": "2026-07-30T16:09:39.981922Z", "level": "info", "logger": "django.server"}
{"event": "\"OPTIONS /conventions-selected/ HTTP/1.1\" 200 0", "timestamp": "2026-07-30T16:09:40.187479Z", "level": "info", "logger": "django.server"}
{"event": "\"POST /conventions-selected/ HTTP/1.1\" 200 4965", "timestamp": "2026-07-30T16:09:40.190347Z", "level": "info", "logger": "django.server"}
{"event": "\"OPTIONS /conventions-selected/ HTTP/1.1\" 200 0", "timestamp": "2026-07-30T16:09:40.389184Z", "level": "info", "logger": "django.server"}
{"event": "\"POST /conventions-selected/ HTTP/1.1\" 200 4918", "timestamp": "2026-07-30T16:09:40.392510Z", "level": "info", "logger": "django.server"}
{"event": "\"OPTIONS /conventions-selected/ HTTP/1.1\" 200 0", "timestamp": "2026-07-30T16:09:40.597253Z", "level": "info", "logger": "django.server"}
{"event": "\"POST /conventions-selected/ HTTP/1.1\" 200 4966", "timestamp": "2026-07-30T16:09:40.599982Z", "level": "info", "logger": "django.server"}
{"event": "\"OPTIONS /conventions-selected/ HTTP/1.1\" 200 0", "timestamp": "2026-07-30T16:09:40.799518Z", "level": "info", "logger": "django.server"}
{"event": "\"POST /conventions-selected/ HTTP/1.1\" 200 4965", "timestamp": "2026-07-30T16:09:40.802441Z", "level": "info", "logger": "django.server"}
{"event": "\"OPTIONS /conventions-selected/ HTTP/1.1\" 200 0", "timestamp": "2026-07-30T16:09:41.009340Z", "level": "info", "logger": "django.server"}
{"event": "\"POST /conventions-selected/ HTTP/1.1\" 200 4920", "timestamp": "2026-07-30T16:09:41.012198Z", "level": "info", "logger": "django.server"}
{"event": "\"OPTIONS /conventions-selected/ HTTP/1.1\" 200 0", "timestamp": "2026-07-30T16:09:41.211503Z", "level": "info", "logger": "django.server"}
{"event": "\"POST /conventions-selected/ HTTP/1.1\" 200 4966", "timestamp": "2026-07-30T16:09:41.215375Z", "level": "info", "logger": "django.server"}
{"event": "\"OPTIONS /conventions-selected/ HTTP/1.1\" 200 0", "timestamp": "2026-07-30T16:09:41.428654Z", "level": "info", "logger": "django.server"}
{"event": "\"POST /conventions-selected/ HTTP/1.1\" 200 4965", "timestamp": "2026-07-30T16:09:41.431456Z", "level": "info", "logger": "django.server"}
{"event": "\"OPTIONS /conventions-selected/ HTTP/1.1\" 200 0", "timestamp": "2026-07-30T16:09:41.638502Z", "level": "info", "logger": "django.server"}
{"event": "\"POST /conventions-selected/ HTTP/1.1\" 200 4966", "timestamp": "2026-07-30T16:09:41.641456Z", "level": "info", "logger": "django.server"}
{"event": "\"OPTIONS /conventions-selected/ HTTP/1.1\" 200 0", "timestamp": "2026-07-30T16:09:41.837626Z", "level": "info", "logger": "django.server"}
{"event": "\"POST /conventions-selected/ HTTP/1.1\" 200 4966", "timestamp": "2026-07-30T16:09:41.842677Z", "level": "info", "logger": "django.server"}
{"event": "\"OPTIONS /conventions-selected/ HTTP/1.1\" 200 0", "timestamp": "2026-07-30T16:09:42.042824Z", "level": "info", "logger": "django.server"}
{"event": "\"POST /conventions-selected/ HTTP/1.1\" 200 4966", "timestamp": "2026-07-30T16:09:42.043724Z", "level": "info", "logger": "django.server"}
{"event": "\"OPTIONS /conventions-selected/ HTTP/1.1\" 200 0", "timestamp": "2026-07-30T16:09:42.242607Z", "level": "info", "logger": "django.server"}
{"event": "\"POST /conventions-selected/ HTTP/1.1\" 200 4966", "timestamp": "2026-07-30T16:09:42.245199Z", "level": "info", "logger": "django.server"}
{"event": "\"OPTIONS /conventions-selected/ HTTP/1.1\" 200 0", "timestamp": "2026-07-30T16:09:42.451740Z", "level": "info", "logger": "django.server"}
{"event": "\"POST /conventions-selected/ HTTP/1.1\" 200 4965", "timestamp": "2026-07-30T16:09:42.455680Z", "level": "info", "logger": "django.server"}
{"event": "\"OPTIONS /conventions-selected/ HTTP/1.1\" 200 0", "timestamp": "2026-07-30T16:09:42.644397Z", "level": "info", "logger": "django.server"}
{"event": "\"POST /conventions-selected/ HTTP/1.1\" 200 4965", "timestamp": "2026-07-30T16:09:42.648218Z", "level": "info", "logger": "django.server"}
{"event": "\"OPTIONS /conventions-selected/ HTTP/1.1\" 200 0", "timestamp": "2026-07-30T16:09:42.838244Z", "level": "info", "logger": "django.server"}
{"event": "\"POST /conventions-selected/ HTTP/1.1\" 200 4961", "timestamp": "2026-07-30T16:09:42.841904Z", "level": "info", "logger": "django.server"}
{"event": "\"OPTIONS /conventions-selected/ HTTP/1.1\" 200 0", "timestamp": "2026-07-30T16:09:43.041904Z", "level": "info", "logger": "django.server"}
{"event": "\"POST /conventions-selected/ HTTP/1.1\" 200 4920", "timestamp": "2026-07-30T16:09:43.045613Z", "level": "info", "logger": "django.server"}
{"event": "/home/jeff/projects/bfg/bfgdealer/src/bfgdealer/dealer_bidding.py changed, reloading.", "timestamp": "2026-07-30T16:10:27.626016Z", "level": "info", "logger": "django.utils.autoreload"}
{"event": "Watching for file changes with StatReloader", "timestamp": "2026-07-30T16:10:27.865895Z", "level": "info", "logger": "django.utils.autoreload"}
{"event": "/home/jeff/projects/bfg/bfgdealer/src/bfgdealer/dealer_bidding.py changed, reloading.", "timestamp": "2026-07-30T16:16:28.393663Z", "level": "info", "logger": "django.utils.autoreload"}
{"event": "Watching for file changes with StatReloader", "timestamp": "2026-07-30T16:16:28.626083Z", "level": "info", "logger": "django.utils.autoreload"}
{"event": "/home/jeff/projects/bfg/bfgdealer/src/bfgdealer/dealer_bidding.py changed, reloading.", "timestamp": "2026-07-30T16:17:38.289132Z", "level": "info", "logger": "django.utils.autoreload"}
{"event": "Watching for file changes with StatReloader", "timestamp": "2026-07-30T16:17:38.512091Z", "level": "info", "logger": "django.utils.autoreload"}
{"event": "\"OPTIONS /conventions-selected/ HTTP/1.1\" 200 0", "timestamp": "2026-07-30T16:17:42.736700Z", "level": "info", "logger": "django.server"}
{"event": "\"POST /conventions-selected/ HTTP/1.1\" 200 4965", "timestamp": "2026-07-30T16:17:42.741869Z", "level": "info", "logger": "django.server"}
{"event": "\"OPTIONS /conventions-selected/ HTTP/1.1\" 200 0", "timestamp": "2026-07-30T16:17:44.185589Z", "level": "info", "logger": "django.server"}
{"event": "\"POST /conventions-selected/ HTTP/1.1\" 200 4965", "timestamp": "2026-07-30T16:17:44.188674Z", "level": "info", "logger": "django.server"}
{"event": "\"OPTIONS /conventions-selected/ HTTP/1.1\" 200 0", "timestamp": "2026-07-30T16:17:44.675790Z", "level": "info", "logger": "django.server"}
{"event": "\"POST /conventions-selected/ HTTP/1.1\" 200 4916", "timestamp": "2026-07-30T16:17:44.679316Z", "level": "info", "logger": "django.server"}
{"event": "\"OPTIONS /conventions-selected/ HTTP/1.1\" 200 0", "timestamp": "2026-07-30T16:17:44.869839Z", "level": "info", "logger": "django.server"}
{"event": "\"POST /conventions-selected/ HTTP/1.1\" 200 4920", "timestamp": "2026-07-30T16:17:44.873167Z", "level": "info", "logger": "django.server"}
{"event": "\"OPTIONS /conventions-selected/ HTTP/1.1\" 200 0", "timestamp": "2026-07-30T16:17:45.068758Z", "level": "info", "logger": "django.server"}
{"event": "\"POST /conventions-selected/ HTTP/1.1\" 200 4966", "timestamp": "2026-07-30T16:17:45.072603Z", "level": "info", "logger": "django.server"}
{"event": "\"OPTIONS /conventions-selected/ HTTP/1.1\" 200 0", "timestamp": "2026-07-30T16:17:45.261369Z", "level": "info", "logger": "django.server"}
{"event": "\"POST /conventions-selected/ HTTP/1.1\" 200 4963", "timestamp": "2026-07-30T16:17:45.265054Z", "level": "info", "logger": "django.server"}
{"event": "\"OPTIONS /conventions-selected/ HTTP/1.1\" 200 0", "timestamp": "2026-07-30T16:17:45.449515Z", "level": "info", "logger": "django.server"}
{"event": "\"POST /conventions-selected/ HTTP/1.1\" 200 4965", "timestamp": "2026-07-30T16:17:45.452528Z", "level": "info", "logger": "django.server"}
{"event": "\"OPTIONS /conventions-selected/ HTTP/1.1\" 200 0", "timestamp": "2026-07-30T16:17:45.659270Z", "level": "info", "logger": "django.server"}
{"event": "\"POST /conventions-selected/ HTTP/1.1\" 200 4963", "timestamp": "2026-07-30T16:17:45.662984Z", "level": "info", "logger": "django.server"}
{"event": "\"OPTIONS /conventions-selected/ HTTP/1.1\" 200 0", "timestamp": "2026-07-30T16:17:45.835808Z", "level": "info", "logger": "django.server"}
{"event": "\"POST /conventions-selected/ HTTP/1.1\" 200 4965", "timestamp": "2026-07-30T16:17:45.839977Z", "level": "info", "logger": "django.server"}
{"event": "\"OPTIONS /conventions-selected/ HTTP/1.1\" 200 0", "timestamp": "2026-07-30T16:17:46.021778Z", "level": "info", "logger": "django.server"}
{"event": "\"POST /conventions-selected/ HTTP/1.1\" 200 4963", "timestamp": "2026-07-30T16:17:46.025835Z", "level": "info", "logger": "django.server"}
{"event": "\"OPTIONS /conventions-selected/ HTTP/1.1\" 200 0", "timestamp": "2026-07-30T16:17:46.216488Z", "level": "info", "logger": "django.server"}
{"event": "\"POST /conventions-selected/ HTTP/1.1\" 200 4966", "timestamp": "2026-07-30T16:17:46.220393Z", "level": "info", "logger": "django.server"}
{"event": "\"OPTIONS /conventions-selected/ HTTP/1.1\" 200 0", "timestamp": "2026-07-30T16:17:46.402123Z", "level": "info", "logger": "django.server"}
{"event": "\"POST /conventions-selected/ HTTP/1.1\" 200 4966", "timestamp": "2026-07-30T16:17:46.404892Z", "level": "info", "logger": "django.server"}
{"event": "\"OPTIONS /conventions-selected/ HTTP/1.1\" 200 0", "timestamp": "2026-07-30T16:17:46.618521Z", "level": "info", "logger": "django.server"}
{"event": "\"POST /conventions-selected/ HTTP/1.1\" 200 4965", "timestamp": "2026-07-30T16:17:46.621575Z", "level": "info", "logger": "django.server"}
{"event": "\"OPTIONS /conventions-selected/ HTTP/1.1\" 200 0", "timestamp": "2026-07-30T16:17:46.812463Z", "level": "info", "logger": "django.server"}
{"event": "\"POST /conventions-selected/ HTTP/1.1\" 200 4966", "timestamp": "2026-07-30T16:17:46.815513Z", "level": "info", "logger": "django.server"}
{"event": "\"OPTIONS /conventions-selected/ HTTP/1.1\" 200 0", "timestamp": "2026-07-30T16:17:47.032982Z", "level": "info", "logger": "django.server"}
{"event": "\"POST /conventions-selected/ HTTP/1.1\" 200 4964", "timestamp": "2026-07-30T16:17:47.036322Z", "level": "info", "logger": "django.server"}
{"event": "\"OPTIONS /conventions-selected/ HTTP/1.1\" 200 0", "timestamp": "2026-07-30T16:17:47.268068Z", "level": "info", "logger": "django.server"}
{"event": "\"POST /conventions-selected/ HTTP/1.1\" 200 4918", "timestamp": "2026-07-30T16:17:47.270662Z", "level": "info", "logger": "django.server"}
{"event": "/home/jeff/projects/bfg/bfgdealer/src/bfgdealer/dealer_bidding.py changed, reloading.", "timestamp": "2026-07-30T16:18:34.183055Z", "level": "info", "logger": "django.utils.autoreload"}
{"event": "Watching for file changes with StatReloader", "timestamp": "2026-07-30T16:18:34.415748Z", "level": "info", "logger": "django.utils.autoreload"}
{"event": "\"OPTIONS /conventions-selected/ HTTP/1.1\" 200 0", "timestamp": "2026-07-30T16:18:37.132559Z", "level": "info", "logger": "django.server"}
{"event": "\"POST /conventions-selected/ HTTP/1.1\" 200 4918", "timestamp": "2026-07-30T16:18:37.136308Z", "level": "info", "logger": "django.server"}
{"event": "\"OPTIONS /conventions-selected/ HTTP/1.1\" 200 0", "timestamp": "2026-07-30T16:18:39.680889Z", "level": "info", "logger": "django.server"}
{"event": "\"POST /conventions-selected/ HTTP/1.1\" 200 4963", "timestamp": "2026-07-30T16:18:39.683576Z", "level": "info", "logger": "django.server"}
{"event": "\"OPTIONS /conventions-selected/ HTTP/1.1\" 200 0", "timestamp": "2026-07-30T16:18:40.051353Z", "level": "info", "logger": "django.server"}
{"event": "\"POST /conventions-selected/ HTTP/1.1\" 200 4965", "timestamp": "2026-07-30T16:18:40.054061Z", "level": "info", "logger": "django.server"}
{"event": "\"OPTIONS /conventions-selected/ HTTP/1.1\" 200 0", "timestamp": "2026-07-30T16:18:40.231176Z", "level": "info", "logger": "django.server"}
{"event": "\"POST /conventions-selected/ HTTP/1.1\" 200 4966", "timestamp": "2026-07-30T16:18:40.233888Z", "level": "info", "logger": "django.server"}
{"event": "\"OPTIONS /conventions-selected/ HTTP/1.1\" 200 0", "timestamp": "2026-07-30T16:18:40.432790Z", "level": "info", "logger": "django.server"}
{"event": "\"POST /conventions-selected/ HTTP/1.1\" 200 4966", "timestamp": "2026-07-30T16:18:40.436206Z", "level": "info", "logger": "django.server"}
{"event": "\"OPTIONS /conventions-selected/ HTTP/1.1\" 200 0", "timestamp": "2026-07-30T16:18:40.599471Z", "level": "info", "logger": "django.server"}
{"event": "\"POST /conventions-selected/ HTTP/1.1\" 200 4965", "timestamp": "2026-07-30T16:18:40.602606Z", "level": "info", "logger": "django.server"}
{"event": "\"OPTIONS /conventions-selected/ HTTP/1.1\" 200 0", "timestamp": "2026-07-30T16:18:40.797567Z", "level": "info", "logger": "django.server"}
{"event": "\"POST /conventions-selected/ HTTP/1.1\" 200 4966", "timestamp": "2026-07-30T16:18:40.800996Z", "level": "info", "logger": "django.server"}
{"event": "\"OPTIONS /conventions-selected/ HTTP/1.1\" 200 0", "timestamp": "2026-07-30T16:18:40.975892Z", "level": "info", "logger": "django.server"}
{"event": "\"POST /conventions-selected/ HTTP/1.1\" 200 4965", "timestamp": "2026-07-30T16:18:40.979192Z", "level": "info", "logger": "django.server"}
{"event": "\"OPTIONS /conventions-selected/ HTTP/1.1\" 200 0", "timestamp": "2026-07-30T16:18:41.170887Z", "level": "info", "logger": "django.server"}
{"event": "\"POST /conventions-selected/ HTTP/1.1\" 200 4967", "timestamp": "2026-07-30T16:18:41.174821Z", "level": "info", "logger": "django.server"}
{"event": "\"OPTIONS /conventions-selected/ HTTP/1.1\" 200 0", "timestamp": "2026-07-30T16:18:41.368807Z", "level": "info", "logger": "django.server"}
{"event": "\"POST /conventions-selected/ HTTP/1.1\" 200 4964", "timestamp": "2026-07-30T16:18:41.372308Z", "level": "info", "logger": "django.server"}
{"event": "\"OPTIONS /conventions-selected/ HTTP/1.1\" 200 0", "timestamp": "2026-07-30T16:18:41.545142Z", "level": "info", "logger": "django.server"}
{"event": "\"POST /conventions-selected/ HTTP/1.1\" 200 4965", "timestamp": "2026-07-30T16:18:41.548784Z", "level": "info", "logger": "django.server"}
{"event": "\"OPTIONS /conventions-selected/ HTTP/1.1\" 200 0", "timestamp": "2026-07-30T16:18:41.759872Z", "level": "info", "logger": "django.server"}
{"event": "\"POST /conventions-selected/ HTTP/1.1\" 200 4966", "timestamp": "2026-07-30T16:18:41.763898Z", "level": "info", "logger": "django.server"}
{"event": "/home/jeff/projects/bfg/bfgdealer/src/bfgdealer/dealer_bidding.py changed, reloading.", "timestamp": "2026-07-30T16:19:27.063179Z", "level": "info", "logger": "django.utils.autoreload"}
{"event": "Watching for file changes with StatReloader", "timestamp": "2026-07-30T16:19:27.294646Z", "level": "info", "logger": "django.utils.autoreload"}
{"event": "/home/jeff/projects/bfg/bfgdealer/src/bfgdealer/dealer_bidding.py changed, reloading.", "timestamp": "2026-07-30T16:25:09.809948Z", "level": "info", "logger": "django.utils.autoreload"}
{"event": "Watching for file changes with StatReloader", "timestamp": "2026-07-30T16:25:10.032361Z", "level": "info", "logger": "django.utils.autoreload"}
{"event": "/home/jeff/projects/bfg/bfgdealer/src/bfgdealer/dealer_bidding.py changed, reloading.", "timestamp": "2026-07-30T16:25:20.379625Z", "level": "info", "logger": "django.utils.autoreload"}
{"event": "Watching for file changes with StatReloader", "timestamp": "2026-07-30T16:25:20.620408Z", "level": "info", "logger": "django.utils.autoreload"}
{"event": "\"GET //ensure-csrf/?_=1785428748153 HTTP/1.1\" 200 97", "timestamp": "2026-07-30T16:25:48.163080Z", "level": "info", "logger": "django.server"}
{"event": "\"OPTIONS /get-conventions/ HTTP/1.1\" 200 0", "timestamp": "2026-07-30T16:25:48.184761Z", "level": "info", "logger": "django.server"}
{"event": "\"POST /get-conventions/ HTTP/1.1\" 200 423", "timestamp": "2026-07-30T16:25:48.189157Z", "level": "info", "logger": "django.server"}
{"event": "\"OPTIONS /conventions-selected/ HTTP/1.1\" 200 0", "timestamp": "2026-07-30T16:25:51.097554Z", "level": "info", "logger": "django.server"}
{"event": "/home/jeff/projects/bfg/bfgdealer/src/bfgdealer/dealer_bidding.py changed, reloading.", "timestamp": "2026-07-30T16:26:47.787226Z", "level": "info", "logger": "django.utils.autoreload"}
{"event": "Watching for file changes with StatReloader", "timestamp": "2026-07-30T16:26:48.033755Z", "level": "info", "logger": "django.utils.autoreload"}
{"event": "Watching for file changes with StatReloader", "timestamp": "2026-07-30T16:28:34.986811Z", "level": "info", "logger": "django.utils.autoreload"}
{"event": "/home/jeff/projects/bfg/bfgdealer/src/bfgdealer/dealer_bidding.py changed, reloading.", "timestamp": "2026-07-30T16:29:12.435932Z", "level": "info", "logger": "django.utils.autoreload"}
{"event": "Watching for file changes with StatReloader", "timestamp": "2026-07-30T16:29:12.664980Z", "level": "info", "logger": "django.utils.autoreload"}
{"event": "Watching for file changes with StatReloader", "timestamp": "2026-07-30T16:29:51.942088Z", "level": "info", "logger": "django.utils.autoreload"}
{"event": "\"GET /static-data/ HTTP/1.1\" 200 909456", "timestamp": "2026-07-30T16:29:56.825611Z", "level": "info", "logger": "django.server"}
{"event": "\"GET //ensure-csrf/?_=1785428996821 HTTP/1.1\" 200 97", "timestamp": "2026-07-30T16:29:56.826416Z", "level": "info", "logger": "django.server"}
{"event": "\"OPTIONS /get-conventions/ HTTP/1.1\" 200 0", "timestamp": "2026-07-30T16:29:56.863596Z", "level": "info", "logger": "django.server"}
{"event": "\"POST /get-conventions/ HTTP/1.1\" 200 423", "timestamp": "2026-07-30T16:29:56.866808Z", "level": "info", "logger": "django.server"}
{"event": "\"OPTIONS /conventions-selected/ HTTP/1.1\" 200 0", "timestamp": "2026-07-30T16:30:43.595304Z", "level": "info", "logger": "django.server"}
{"event": "\"OPTIONS /conventions-selected/ HTTP/1.1\" 200 0", "timestamp": "2026-07-30T16:30:45.141574Z", "level": "info", "logger": "django.server"}
{"event": "\"OPTIONS /conventions-selected/ HTTP/1.1\" 200 0", "timestamp": "2026-07-30T16:30:45.976981Z", "level": "info", "logger": "django.server"}
{"event": "\"OPTIONS /conventions-selected/ HTTP/1.1\" 200 0", "timestamp": "2026-07-30T16:30:46.442386Z", "level": "info", "logger": "django.server"}
{"event": "\"OPTIONS /conventions-selected/ HTTP/1.1\" 200 0", "timestamp": "2026-07-30T16:30:46.944582Z", "level": "info", "logger": "django.server"}
{"event": "\"OPTIONS /conventions-selected/ HTTP/1.1\" 200 0", "timestamp": "2026-07-30T16:30:47.096997Z", "level": "info", "logger": "django.server"}
{"event": "\"OPTIONS /conventions-selected/ HTTP/1.1\" 200 0", "timestamp": "2026-07-30T16:31:05.899889Z", "level": "info", "logger": "django.server"}
{"event": "/home/jeff/projects/bridge/bidding-conventions-api/src/bidding_conventions/asptro.py changed, reloading.", "timestamp": "2026-07-30T16:31:12.917923Z", "level": "info", "logger": "django.utils.autoreload"}
{"event": "Watching for file changes with StatReloader", "timestamp": "2026-07-30T16:31:13.161694Z", "level": "info", "logger": "django.utils.autoreload"}
{"event": "\"OPTIONS /conventions-selected/ HTTP/1.1\" 200 0", "timestamp": "2026-07-30T16:31:18.100557Z", "level": "info", "logger": "django.server"}
{"event": "/home/jeff/projects/bfg/bfgdealer/src/bfgdealer/dealer_bidding.py changed, reloading.", "timestamp": "2026-07-30T16:31:53.318019Z", "level": "info", "logger": "django.utils.autoreload"}
{"event": "Watching for file changes with StatReloader", "timestamp": "2026-07-30T16:31:53.553947Z", "level": "info", "logger": "django.utils.autoreload"}
{"event": "\"OPTIONS /conventions-selected/ HTTP/1.1\" 200 0", "timestamp": "2026-07-30T16:31:56.358938Z", "level": "info", "logger": "django.server"}
{"event": "\"OPTIONS /conventions-selected/ HTTP/1.1\" 200 0", "timestamp": "2026-07-30T16:31:58.613252Z", "level": "info", "logger": "django.server"}
{"event": "\"OPTIONS /conventions-selected/ HTTP/1.1\" 200 0", "timestamp": "2026-07-30T16:31:59.418676Z", "level": "info", "logger": "django.server"}
{"event": "\"OPTIONS /conventions-selected/ HTTP/1.1\" 200 0", "timestamp": "2026-07-30T16:32:00.331051Z", "level": "info", "logger": "django.server"}
{"event": "\"OPTIONS /conventions-selected/ HTTP/1.1\" 200 0", "timestamp": "2026-07-30T16:32:14.931242Z", "level": "info", "logger": "django.server"}
{"event": "\"OPTIONS /conventions-selected/ HTTP/1.1\" 200 0", "timestamp": "2026-07-30T16:32:15.528182Z", "level": "info", "logger": "django.server"}
{"event": "\"OPTIONS /conventions-selected/ HTTP/1.1\" 200 0", "timestamp": "2026-07-30T16:32:47.024300Z", "level": "info", "logger": "django.server"}
{"event": "\"GET /static-data/ HTTP/1.1\" 200 909456", "timestamp": "2026-07-30T16:32:54.834353Z", "level": "info", "logger": "django.server"}
{"event": "\"GET //ensure-csrf/?_=1785429174490 HTTP/1.1\" 200 97", "timestamp": "2026-07-30T16:32:56.087264Z", "level": "info", "logger": "django.server"}
{"event": "\"OPTIONS /get-conventions/ HTTP/1.1\" 200 0", "timestamp": "2026-07-30T16:32:56.179632Z", "level": "info", "logger": "django.server"}
{"event": "\"POST /get-conventions/ HTTP/1.1\" 200 423", "timestamp": "2026-07-30T16:32:56.267251Z", "level": "info", "logger": "django.server"}
{"event": "\"OPTIONS /conventions-selected/ HTTP/1.1\" 200 0", "timestamp": "2026-07-30T16:32:58.876284Z", "level": "info", "logger": "django.server"}
{"event": "\"OPTIONS /conventions-selected/ HTTP/1.1\" 200 0", "timestamp": "2026-07-30T16:33:41.134458Z", "level": "info", "logger": "django.server"}
{"event": "\"OPTIONS /conventions-selected/ HTTP/1.1\" 200 0", "timestamp": "2026-07-30T16:33:42.272171Z", "level": "info", "logger": "django.server"}
{"event": "\"OPTIONS /conventions-selected/ HTTP/1.1\" 200 0", "timestamp": "2026-07-30T16:33:43.517176Z", "level": "info", "logger": "django.server"}
{"event": "\"OPTIONS /conventions-selected/ HTTP/1.1\" 200 0", "timestamp": "2026-07-30T16:33:55.717371Z", "level": "info", "logger": "django.server"}
{"event": "\"OPTIONS /conventions-selected/ HTTP/1.1\" 200 0", "timestamp": "2026-07-30T16:33:57.235764Z", "level": "info", "logger": "django.server"}
{"event": "\"OPTIONS /conventions-selected/ HTTP/1.1\" 200 0", "timestamp": "2026-07-30T16:33:57.627482Z", "level": "info", "logger": "django.server"}
{"event": "Watching for file changes with StatReloader", "timestamp": "2026-07-30T16:34:54.657965Z", "level": "info", "logger": "django.utils.autoreload"}
{"event": "\"GET /static-data/ HTTP/1.1\" 200 909456", "timestamp": "2026-07-30T16:35:05.758184Z", "level": "info", "logger": "django.server"}
{"event": "\"GET //ensure-csrf/?_=1785429305759 HTTP/1.1\" 200 97", "timestamp": "2026-07-30T16:35:05.763242Z", "level": "info", "logger": "django.server"}
{"event": "\"OPTIONS /get-conventions/ HTTP/1.1\" 200 0", "timestamp": "2026-07-30T16:35:05.813246Z", "level": "info", "logger": "django.server"}
{"event": "\"POST /get-conventions/ HTTP/1.1\" 200 423", "timestamp": "2026-07-30T16:35:05.815068Z", "level": "info", "logger": "django.server"}
{"event": "\"OPTIONS /conventions-selected/ HTTP/1.1\" 200 0", "timestamp": "2026-07-30T16:35:06.930720Z", "level": "info", "logger": "django.server"}
{"event": "\"POST /conventions-selected/ HTTP/1.1\" 200 4967", "timestamp": "2026-07-30T16:35:06.933472Z", "level": "info", "logger": "django.server"}
{"event": "/home/jeff/projects/bfg/bfgdealer/src/bfgdealer/dealer_bidding.py changed, reloading.", "timestamp": "2026-07-30T16:35:35.250885Z", "level": "info", "logger": "django.utils.autoreload"}
{"event": "Watching for file changes with StatReloader", "timestamp": "2026-07-30T16:35:35.506987Z", "level": "info", "logger": "django.utils.autoreload"}
{"event": "\"OPTIONS /conventions-selected/ HTTP/1.1\" 200 0", "timestamp": "2026-07-30T16:35:39.161147Z", "level": "info", "logger": "django.server"}
{"event": "\"OPTIONS /conventions-selected/ HTTP/1.1\" 200 0", "timestamp": "2026-07-30T16:35:41.715032Z", "level": "info", "logger": "django.server"}
{"event": "\"OPTIONS /conventions-selected/ HTTP/1.1\" 200 0", "timestamp": "2026-07-30T16:35:42.425250Z", "level": "info", "logger": "django.server"}
{"event": "\"OPTIONS /conventions-selected/ HTTP/1.1\" 200 0", "timestamp": "2026-07-30T16:35:43.010649Z", "level": "info", "logger": "django.server"}
{"event": "\"OPTIONS /conventions-selected/ HTTP/1.1\" 200 0", "timestamp": "2026-07-30T16:35:57.676148Z", "level": "info", "logger": "django.server"}
{"event": "\"OPTIONS /conventions-selected/ HTTP/1.1\" 200 0", "timestamp": "2026-07-30T16:35:58.554498Z", "level": "info", "logger": "django.server"}
{"event": "Watching for file changes with StatReloader", "timestamp": "2026-07-30T16:38:54.420229Z", "level": "info", "logger": "django.utils.autoreload"}
{"event": "/home/jeff/projects/bfg/bfgdealer/src/bfgdealer/dealer_bidding.py changed, reloading.", "timestamp": "2026-07-30T16:39:47.856781Z", "level": "info", "logger": "django.utils.autoreload"}
{"event": "Watching for file changes with StatReloader", "timestamp": "2026-07-30T16:39:48.084888Z", "level": "info", "logger": "django.utils.autoreload"}
{"event": "/home/jeff/projects/bfg/bfgdealer/src/bfgdealer/dealer_bidding.py changed, reloading.", "timestamp": "2026-07-30T16:40:24.506398Z", "level": "info", "logger": "django.utils.autoreload"}
{"event": "Watching for file changes with StatReloader", "timestamp": "2026-07-30T16:40:24.721923Z", "level": "info", "logger": "django.utils.autoreload"}
{"event": "\"GET /static-data/ HTTP/1.1\" 200 909456", "timestamp": "2026-07-30T16:40:28.373522Z", "level": "info", "logger": "django.server"}
{"event": "\"GET //ensure-csrf/?_=1785429628373 HTTP/1.1\" 200 97", "timestamp": "2026-07-30T16:40:28.379007Z", "level": "info", "logger": "django.server"}
{"event": "\"OPTIONS /get-conventions/ HTTP/1.1\" 200 0", "timestamp": "2026-07-30T16:40:28.416493Z", "level": "info", "logger": "django.server"}
{"event": "\"POST /get-conventions/ HTTP/1.1\" 200 423", "timestamp": "2026-07-30T16:40:28.425794Z", "level": "info", "logger": "django.server"}
{"event": "\"OPTIONS /conventions-selected/ HTTP/1.1\" 200 0", "timestamp": "2026-07-30T16:40:30.457787Z", "level": "info", "logger": "django.server"}
{"event": "Watching for file changes with StatReloader", "timestamp": "2026-07-30T16:41:58.007485Z", "level": "info", "logger": "django.utils.autoreload"}
{"event": "\"OPTIONS /conventions-selected/ HTTP/1.1\" 200 0", "timestamp": "2026-07-30T16:42:03.235105Z", "level": "info", "logger": "django.server"}
{"event": "Internal Server Error: /conventions-selected/", "exc_info": ["<class 'UnboundLocalError'>", "UnboundLocalError(\"cannot access local variable 'total' where it is not associated with a value\")", "<traceback object at 0x7fbb173c0e80>"], "timestamp": "2026-07-30T16:42:03.251933Z", "level": "error", "logger": "django.request"}
{"event": "\"POST /conventions-selected/ HTTP/1.1\" 500 120997", "timestamp": "2026-07-30T16:42:03.253236Z", "level": "error", "logger": "django.server"}
{"event": "/home/jeff/projects/bfg/bfgdealer/src/bfgdealer/dealer_bidding.py changed, reloading.", "timestamp": "2026-07-30T16:42:38.569444Z", "level": "info", "logger": "django.utils.autoreload"}
{"event": "Watching for file changes with StatReloader", "timestamp": "2026-07-30T16:42:38.802440Z", "level": "info", "logger": "django.utils.autoreload"}
{"event": "\"OPTIONS /conventions-selected/ HTTP/1.1\" 200 0", "timestamp": "2026-07-30T16:42:40.009231Z", "level": "info", "logger": "django.server"}
{"event": "Watching for file changes with StatReloader", "timestamp": "2026-07-30T16:44:13.814056Z", "level": "info", "logger": "django.utils.autoreload"}
{"event": "\"OPTIONS /conventions-selected/ HTTP/1.1\" 200 0", "timestamp": "2026-07-30T16:44:18.413492Z", "level": "info", "logger": "django.server"}
{"event": "Watching for file changes with StatReloader", "timestamp": "2026-07-30T16:44:51.675653Z", "level": "info", "logger": "django.utils.autoreload"}
{"event": "\"OPTIONS /conventions-selected/ HTTP/1.1\" 200 0", "timestamp": "2026-07-30T16:44:55.387857Z", "level": "info", "logger": "django.server"}
{"event": "\"POST /conventions-selected/ HTTP/1.1\" 200 4967", "timestamp": "2026-07-30T16:44:55.392883Z", "level": "info", "logger": "django.server"}
{"event": "\"OPTIONS /conventions-selected/ HTTP/1.1\" 200 0", "timestamp": "2026-07-30T16:45:01.944072Z", "level": "info", "logger": "django.server"}
{"event": "\"POST /conventions-selected/ HTTP/1.1\" 200 4965", "timestamp": "2026-07-30T16:45:01.947771Z", "level": "info", "logger": "django.server"}
{"event": "\"OPTIONS /conventions-selected/ HTTP/1.1\" 200 0", "timestamp": "2026-07-30T16:45:03.462124Z", "level": "info", "logger": "django.server"}
{"event": "\"POST /conventions-selected/ HTTP/1.1\" 200 4966", "timestamp": "2026-07-30T16:45:03.465708Z", "level": "info", "logger": "django.server"}
{"event": "\"OPTIONS /conventions-selected/ HTTP/1.1\" 200 0", "timestamp": "2026-07-30T16:45:04.434641Z", "level": "info", "logger": "django.server"}
{"event": "\"POST /conventions-selected/ HTTP/1.1\" 200 4965", "timestamp": "2026-07-30T16:45:04.437180Z", "level": "info", "logger": "django.server"}
{"event": "\"OPTIONS /conventions-selected/ HTTP/1.1\" 200 0", "timestamp": "2026-07-30T16:45:05.118582Z", "level": "info", "logger": "django.server"}
{"event": "\"POST /conventions-selected/ HTTP/1.1\" 200 4965", "timestamp": "2026-07-30T16:45:05.122210Z", "level": "info", "logger": "django.server"}
{"event": "\"OPTIONS /conventions-selected/ HTTP/1.1\" 200 0", "timestamp": "2026-07-30T16:45:05.622548Z", "level": "info", "logger": "django.server"}
{"event": "\"POST /conventions-selected/ HTTP/1.1\" 200 4962", "timestamp": "2026-07-30T16:45:05.625376Z", "level": "info", "logger": "django.server"}
{"event": "\"OPTIONS /conventions-selected/ HTTP/1.1\" 200 0", "timestamp": "2026-07-30T16:45:07.006418Z", "level": "info", "logger": "django.server"}
{"event": "\"POST /conventions-selected/ HTTP/1.1\" 200 4964", "timestamp": "2026-07-30T16:45:07.009216Z", "level": "info", "logger": "django.server"}
{"event": "/home/jeff/projects/bfg/bfgdealer/src/bfgdealer/dealer_bidding.py changed, reloading.", "timestamp": "2026-07-30T16:46:44.501814Z", "level": "info", "logger": "django.utils.autoreload"}
{"event": "Watching for file changes with StatReloader", "timestamp": "2026-07-30T16:46:44.732113Z", "level": "info", "logger": "django.utils.autoreload"}
{"event": "/home/jeff/projects/bfg/bfgdealer/src/bfgdealer/dealer_bidding.py changed, reloading.", "timestamp": "2026-07-30T16:47:40.360048Z", "level": "info", "logger": "django.utils.autoreload"}
{"event": "Watching for file changes with StatReloader", "timestamp": "2026-07-30T16:47:40.601734Z", "level": "info", "logger": "django.utils.autoreload"}
{"event": "/home/jeff/projects/bfg/bfgdealer/src/bfgdealer/dealer_bidding.py changed, reloading.", "timestamp": "2026-07-30T16:47:57.987044Z", "level": "info", "logger": "django.utils.autoreload"}
{"event": "Watching for file changes with StatReloader", "timestamp": "2026-07-30T16:47:58.208180Z", "level": "info", "logger": "django.utils.autoreload"}
{"event": "\"OPTIONS /conventions-selected/ HTTP/1.1\" 200 0", "timestamp": "2026-07-30T16:48:00.770283Z", "level": "info", "logger": "django.server"}
{"event": "Internal Server Error: /conventions-selected/", "exc_info": ["<class 'AttributeError'>", "AttributeError(\"'Hand' object has no attribute 'HCP'\")", "<traceback object at 0x7f250e9b9100>"], "timestamp": "2026-07-30T16:48:00.784375Z", "level": "error", "logger": "django.request"}
{"event": "\"POST /conventions-selected/ HTTP/1.1\" 500 114014", "timestamp": "2026-07-30T16:48:00.785626Z", "level": "error", "logger": "django.server"}
{"event": "/home/jeff/projects/bfg/bfgdealer/src/bfgdealer/dealer_bidding.py changed, reloading.", "timestamp": "2026-07-30T16:48:17.743457Z", "level": "info", "logger": "django.utils.autoreload"}
{"event": "Watching for file changes with StatReloader", "timestamp": "2026-07-30T16:48:17.967097Z", "level": "info", "logger": "django.utils.autoreload"}
{"event": "\"OPTIONS /conventions-selected/ HTTP/1.1\" 200 0", "timestamp": "2026-07-30T16:48:19.461795Z", "level": "info", "logger": "django.server"}
{"event": "\"POST /conventions-selected/ HTTP/1.1\" 200 4965", "timestamp": "2026-07-30T16:48:19.466617Z", "level": "info", "logger": "django.server"}
{"event": "\"OPTIONS /conventions-selected/ HTTP/1.1\" 200 0", "timestamp": "2026-07-30T16:48:21.410119Z", "level": "info", "logger": "django.server"}
{"event": "\"POST /conventions-selected/ HTTP/1.1\" 200 4964", "timestamp": "2026-07-30T16:48:21.413710Z", "level": "info", "logger": "django.server"}
{"event": "\"OPTIONS /conventions-selected/ HTTP/1.1\" 200 0", "timestamp": "2026-07-30T16:48:22.127771Z", "level": "info", "logger": "django.server"}
{"event": "\"POST /conventions-selected/ HTTP/1.1\" 200 4964", "timestamp": "2026-07-30T16:48:22.130857Z", "level": "info", "logger": "django.server"}
{"event": "\"OPTIONS /conventions-selected/ HTTP/1.1\" 200 0", "timestamp": "2026-07-30T16:48:22.659798Z", "level": "info", "logger": "django.server"}
{"event": "\"POST /conventions-selected/ HTTP/1.1\" 200 4918", "timestamp": "2026-07-30T16:48:22.663129Z", "level": "info", "logger": "django.server"}
{"event": "\"OPTIONS /conventions-selected/ HTTP/1.1\" 200 0", "timestamp": "2026-07-30T16:48:23.046298Z", "level": "info", "logger": "django.server"}
{"event": "\"POST /conventions-selected/ HTTP/1.1\" 200 4966", "timestamp": "2026-07-30T16:48:23.049816Z", "level": "info", "logger": "django.server"}
{"event": "\"OPTIONS /conventions-selected/ HTTP/1.1\" 200 0", "timestamp": "2026-07-30T16:48:23.304326Z", "level": "info", "logger": "django.server"}
{"event": "\"POST /conventions-selected/ HTTP/1.1\" 200 4965", "timestamp": "2026-07-30T16:48:23.309213Z", "level": "info", "logger": "django.server"}
{"event": "\"OPTIONS /conventions-selected/ HTTP/1.1\" 200 0", "timestamp": "2026-07-30T16:48:23.529706Z", "level": "info", "logger": "django.server"}
{"event": "\"POST /conventions-selected/ HTTP/1.1\" 200 4964", "timestamp": "2026-07-30T16:48:23.533355Z", "level": "info", "logger": "django.server"}
{"event": "\"OPTIONS /conventions-selected/ HTTP/1.1\" 200 0", "timestamp": "2026-07-30T16:48:23.749486Z", "level": "info", "logger": "django.server"}
{"event": "\"POST /conventions-selected/ HTTP/1.1\" 200 4966", "timestamp": "2026-07-30T16:48:23.752502Z", "level": "info", "logger": "django.server"}
{"event": "\"OPTIONS /conventions-selected/ HTTP/1.1\" 200 0", "timestamp": "2026-07-30T16:48:23.940564Z", "level": "info", "logger": "django.server"}
{"event": "\"POST /conventions-selected/ HTTP/1.1\" 200 4966", "timestamp": "2026-07-30T16:48:23.943566Z", "level": "info", "logger": "django.server"}
{"event": "\"OPTIONS /conventions-selected/ HTTP/1.1\" 200 0", "timestamp": "2026-07-30T16:48:24.140383Z", "level": "info", "logger": "django.server"}
{"event": "\"POST /conventions-selected/ HTTP/1.1\" 200 4965", "timestamp": "2026-07-30T16:48:24.142970Z", "level": "info", "logger": "django.server"}
{"event": "\"OPTIONS /conventions-selected/ HTTP/1.1\" 200 0", "timestamp": "2026-07-30T16:48:24.334271Z", "level": "info", "logger": "django.server"}
{"event": "\"POST /conventions-selected/ HTTP/1.1\" 200 4965", "timestamp": "2026-07-30T16:48:24.337069Z", "level": "info", "logger": "django.server"}
{"event": "\"OPTIONS /conventions-selected/ HTTP/1.1\" 200 0", "timestamp": "2026-07-30T16:48:24.530479Z", "level": "info", "logger": "django.server"}
{"event": "\"POST /conventions-selected/ HTTP/1.1\" 200 4918", "timestamp": "2026-07-30T16:48:24.533729Z", "level": "info", "logger": "django.server"}
{"event": "\"OPTIONS /conventions-selected/ HTTP/1.1\" 200 0", "timestamp": "2026-07-30T16:48:24.704710Z", "level": "info", "logger": "django.server"}
{"event": "\"POST /conventions-selected/ HTTP/1.1\" 200 4920", "timestamp": "2026-07-30T16:48:24.707495Z", "level": "info", "logger": "django.server"}
{"event": "\"OPTIONS /conventions-selected/ HTTP/1.1\" 200 0", "timestamp": "2026-07-30T16:48:24.882082Z", "level": "info", "logger": "django.server"}
{"event": "\"POST /conventions-selected/ HTTP/1.1\" 200 4966", "timestamp": "2026-07-30T16:48:24.884561Z", "level": "info", "logger": "django.server"}
{"event": "\"OPTIONS /conventions-selected/ HTTP/1.1\" 200 0", "timestamp": "2026-07-30T16:48:25.068238Z", "level": "info", "logger": "django.server"}
{"event": "\"POST /conventions-selected/ HTTP/1.1\" 200 4965", "timestamp": "2026-07-30T16:48:25.070872Z", "level": "info", "logger": "django.server"}
{"event": "\"OPTIONS /conventions-selected/ HTTP/1.1\" 200 0", "timestamp": "2026-07-30T16:48:25.268836Z", "level": "info", "logger": "django.server"}
{"event": "\"POST /conventions-selected/ HTTP/1.1\" 200 4965", "timestamp": "2026-07-30T16:48:25.271897Z", "level": "info", "logger": "django.server"}
{"event": "\"OPTIONS /conventions-selected/ HTTP/1.1\" 200 0", "timestamp": "2026-07-30T16:48:25.463255Z", "level": "info", "logger": "django.server"}
{"event": "\"POST /conventions-selected/ HTTP/1.1\" 200 4963", "timestamp": "2026-07-30T16:48:25.467621Z", "level": "info", "logger": "django.server"}
{"event": "\"OPTIONS /conventions-selected/ HTTP/1.1\" 200 0", "timestamp": "2026-07-30T16:48:25.657717Z", "level": "info", "logger": "django.server"}
{"event": "\"POST /conventions-selected/ HTTP/1.1\" 200 4966", "timestamp": "2026-07-30T16:48:25.661761Z", "level": "info", "logger": "django.server"}
{"event": "\"OPTIONS /conventions-selected/ HTTP/1.1\" 200 0", "timestamp": "2026-07-30T16:48:25.848781Z", "level": "info", "logger": "django.server"}
{"event": "\"POST /conventions-selected/ HTTP/1.1\" 200 4965", "timestamp": "2026-07-30T16:48:25.852362Z", "level": "info", "logger": "django.server"}
{"event": "\"OPTIONS /conventions-selected/ HTTP/1.1\" 200 0", "timestamp": "2026-07-30T16:48:26.042615Z", "level": "info", "logger": "django.server"}
{"event": "\"POST /conventions-selected/ HTTP/1.1\" 200 4966", "timestamp": "2026-07-30T16:48:26.046443Z", "level": "info", "logger": "django.server"}
{"event": "\"OPTIONS /conventions-selected/ HTTP/1.1\" 200 0", "timestamp": "2026-07-30T16:48:26.254660Z", "level": "info", "logger": "django.server"}
{"event": "\"POST /conventions-selected/ HTTP/1.1\" 200 4965", "timestamp": "2026-07-30T16:48:26.258631Z", "level": "info", "logger": "django.server"}
{"event": "\"OPTIONS /conventions-selected/ HTTP/1.1\" 200 0", "timestamp": "2026-07-30T16:48:26.452848Z", "level": "info", "logger": "django.server"}
{"event": "\"POST /conventions-selected/ HTTP/1.1\" 200 4964", "timestamp": "2026-07-30T16:48:26.455856Z", "level": "info", "logger": "django.server"}
{"event": "\"OPTIONS /conventions-selected/ HTTP/1.1\" 200 0", "timestamp": "2026-07-30T16:48:26.662776Z", "level": "info", "logger": "django.server"}
{"event": "\"POST /conventions-selected/ HTTP/1.1\" 200 4965", "timestamp": "2026-07-30T16:48:26.665974Z", "level": "info", "logger": "django.server"}
{"event": "\"OPTIONS /conventions-selected/ HTTP/1.1\" 200 0", "timestamp": "2026-07-30T16:49:30.659591Z", "level": "info", "logger": "django.server"}
{"event": "\"POST /conventions-selected/ HTTP/1.1\" 200 4966", "timestamp": "2026-07-30T16:49:30.665285Z", "level": "info", "logger": "django.server"}
{"event": "\"OPTIONS /conventions-selected/ HTTP/1.1\" 200 0", "timestamp": "2026-07-30T16:49:31.712228Z", "level": "info", "logger": "django.server"}
{"event": "\"POST /conventions-selected/ HTTP/1.1\" 200 4966", "timestamp": "2026-07-30T16:49:31.714654Z", "level": "info", "logger": "django.server"}
{"event": "/home/jeff/projects/bridge/bidding-conventions-api/src/bidding_conventions/asptro.py changed, reloading.", "timestamp": "2026-07-30T16:50:46.845456Z", "level": "info", "logger": "django.utils.autoreload"}
{"event": "Watching for file changes with StatReloader", "timestamp": "2026-07-30T16:50:47.103743Z", "level": "info", "logger": "django.utils.autoreload"}
{"event": "/home/jeff/projects/bfg/bfgdealer/src/bfgdealer/dealer_bidding.py changed, reloading.", "timestamp": "2026-07-30T16:53:24.985271Z", "level": "info", "logger": "django.utils.autoreload"}
{"event": "Watching for file changes with StatReloader", "timestamp": "2026-07-30T16:53:25.240038Z", "level": "info", "logger": "django.utils.autoreload"}
{"event": "/home/jeff/projects/bridge/bidding-conventions-api/src/bidding_conventions/asptro.py changed, reloading.", "timestamp": "2026-07-30T16:56:39.246899Z", "level": "info", "logger": "django.utils.autoreload"}
{"event": "Watching for file changes with StatReloader", "timestamp": "2026-07-30T16:56:39.509220Z", "level": "info", "logger": "django.utils.autoreload"}
{"event": "/home/jeff/projects/bridge/bidding-conventions-api/src/bidding_conventions/asptro.py changed, reloading.", "timestamp": "2026-07-30T17:01:45.826073Z", "level": "info", "logger": "django.utils.autoreload"}
{"event": "Watching for file changes with StatReloader", "timestamp": "2026-07-30T17:01:46.072388Z", "level": "info", "logger": "django.utils.autoreload"}
{"event": "/home/jeff/projects/bridge/bidding-conventions-api/src/bidding_conventions/asptro.py changed, reloading.", "timestamp": "2026-07-30T18:02:36.295421Z", "level": "info", "logger": "django.utils.autoreload"}
{"event": "Watching for file changes with StatReloader", "timestamp": "2026-07-30T18:02:36.532889Z", "level": "info", "logger": "django.utils.autoreload"}
{"event": "/home/jeff/projects/bridge/bidding-conventions-api/src/bidding_conventions/asptro.py changed, reloading.", "timestamp": "2026-07-30T18:04:44.369232Z", "level": "info", "logger": "django.utils.autoreload"}
{"event": "Watching for file changes with StatReloader", "timestamp": "2026-07-30T18:04:44.611861Z", "level": "info", "logger": "django.utils.autoreload"}
{"event": "/home/jeff/projects/bridge/bidding-conventions-api/src/bidding_conventions/asptro.py changed, reloading.", "timestamp": "2026-07-30T18:10:11.056454Z", "level": "info", "logger": "django.utils.autoreload"}
{"event": "Watching for file changes with StatReloader", "timestamp": "2026-07-30T18:10:11.313777Z", "level": "info", "logger": "django.utils.autoreload"}
{"event": "\"OPTIONS /conventions-selected/ HTTP/1.1\" 200 0", "timestamp": "2026-07-30T18:10:16.371452Z", "level": "info", "logger": "django.server"}
{"event": "Internal Server Error: /conventions-selected/", "exc_info": ["<class 'TypeError'>", "TypeError(\"'<' not supported between instances of 'tuple' and 'int'\")", "<traceback object at 0x7fc751ed5f40>"], "timestamp": "2026-07-30T18:10:16.395726Z", "level": "error", "logger": "django.request"}
{"event": "\"POST /conventions-selected/ HTTP/1.1\" 500 112734", "timestamp": "2026-07-30T18:10:16.397965Z", "level": "error", "logger": "django.server"}
{"event": "/home/jeff/projects/bridge/bidding-conventions-api/src/bidding_conventions/asptro.py changed, reloading.", "timestamp": "2026-07-30T18:11:27.007625Z", "level": "info", "logger": "django.utils.autoreload"}
{"event": "Watching for file changes with StatReloader", "timestamp": "2026-07-30T18:11:27.249611Z", "level": "info", "logger": "django.utils.autoreload"}
{"event": "\"OPTIONS /conventions-selected/ HTTP/1.1\" 200 0", "timestamp": "2026-07-30T18:11:29.110274Z", "level": "info", "logger": "django.server"}
{"event": "\"POST /conventions-selected/ HTTP/1.1\" 200 4897", "timestamp": "2026-07-30T18:11:29.114733Z", "level": "info", "logger": "django.server"}
{"event": "\"OPTIONS /conventions-selected/ HTTP/1.1\" 200 0", "timestamp": "2026-07-30T18:11:31.459552Z", "level": "info", "logger": "django.server"}
{"event": "\"POST /conventions-selected/ HTTP/1.1\" 200 4897", "timestamp": "2026-07-30T18:11:31.462290Z", "level": "info", "logger": "django.server"}
{"event": "\"OPTIONS /conventions-selected/ HTTP/1.1\" 200 0", "timestamp": "2026-07-30T18:11:36.043841Z", "level": "info", "logger": "django.server"}
{"event": "\"POST /conventions-selected/ HTTP/1.1\" 200 4897", "timestamp": "2026-07-30T18:11:36.046476Z", "level": "info", "logger": "django.server"}
{"event": "\"OPTIONS /conventions-selected/ HTTP/1.1\" 200 0", "timestamp": "2026-07-30T18:11:40.508095Z", "level": "info", "logger": "django.server"}
{"event": "\"POST /conventions-selected/ HTTP/1.1\" 200 4897", "timestamp": "2026-07-30T18:11:40.511514Z", "level": "info", "logger": "django.server"}
{"event": "Watching for file changes with StatReloader", "timestamp": "2026-07-30T18:13:25.959673Z", "level": "info", "logger": "django.utils.autoreload"}
{"event": "\"OPTIONS /conventions-selected/ HTTP/1.1\" 200 0", "timestamp": "2026-07-30T18:13:28.567406Z", "level": "info", "logger": "django.server"}
{"event": "\"POST /conventions-selected/ HTTP/1.1\" 200 4897", "timestamp": "2026-07-30T18:13:28.572077Z", "level": "info", "logger": "django.server"}
{"event": "\"OPTIONS /conventions-selected/ HTTP/1.1\" 200 0", "timestamp": "2026-07-30T18:13:31.708549Z", "level": "info", "logger": "django.server"}
{"event": "\"POST /conventions-selected/ HTTP/1.1\" 200 4897", "timestamp": "2026-07-30T18:13:31.712042Z", "level": "info", "logger": "django.server"}
{"event": "\"OPTIONS /conventions-selected/ HTTP/1.1\" 200 0", "timestamp": "2026-07-30T18:13:37.639922Z", "level": "info", "logger": "django.server"}
{"event": "\"POST /conventions-selected/ HTTP/1.1\" 200 4897", "timestamp": "2026-07-30T18:13:37.643196Z", "level": "info", "logger": "django.server"}
{"event": "\"OPTIONS /conventions-selected/ HTTP/1.1\" 200 0", "timestamp": "2026-07-30T18:13:41.690958Z", "level": "info", "logger": "django.server"}
{"event": "\"POST /conventions-selected/ HTTP/1.1\" 200 4897", "timestamp": "2026-07-30T18:13:41.693789Z", "level": "info", "logger": "django.server"}
{"event": "/home/jeff/projects/bridge/bidding-conventions-api/src/bidding_conventions/asptro.py changed, reloading.", "timestamp": "2026-07-31T06:35:38.715330Z", "level": "info", "logger": "django.utils.autoreload"}
{"event": "Watching for file changes with StatReloader", "timestamp": "2026-07-31T06:35:38.935018Z", "level": "info", "logger": "django.utils.autoreload"}
{"event": "\"OPTIONS /conventions-selected/ HTTP/1.1\" 200 0", "timestamp": "2026-07-31T06:35:41.163545Z", "level": "info", "logger": "django.server"}
{"event": "\"POST /conventions-selected/ HTTP/1.1\" 200 4905", "timestamp": "2026-07-31T06:35:41.167680Z", "level": "info", "logger": "django.server"}
{"event": "/home/jeff/projects/bridge/bidding-conventions-api/src/bidding_conventions/asptro.py changed, reloading.", "timestamp": "2026-07-31T06:36:06.465763Z", "level": "info", "logger": "django.utils.autoreload"}
{"event": "Watching for file changes with StatReloader", "timestamp": "2026-07-31T06:36:06.683117Z", "level": "info", "logger": "django.utils.autoreload"}
{"event": "/home/jeff/projects/bridge/bidding-conventions-api/src/bidding_conventions/asptro.py changed, reloading.", "timestamp": "2026-07-31T06:36:51.249537Z", "level": "info", "logger": "django.utils.autoreload"}
{"event": "Watching for file changes with StatReloader", "timestamp": "2026-07-31T06:36:51.468850Z", "level": "info", "logger": "django.utils.autoreload"}
{"event": "\"OPTIONS /conventions-selected/ HTTP/1.1\" 200 0", "timestamp": "2026-07-31T06:36:52.263979Z", "level": "info", "logger": "django.server"}
{"event": "Internal Server Error: /conventions-selected/", "exc_info": ["<class 'AttributeError'>", "AttributeError(\"'Hand' object has no attribute 'sorted_card_names'\")", "<traceback object at 0x7f1dc37c5400>"], "timestamp": "2026-07-31T06:36:52.278855Z", "level": "error", "logger": "django.request"}
{"event": "\"POST /conventions-selected/ HTTP/1.1\" 500 109066", "timestamp": "2026-07-31T06:36:52.280079Z", "level": "error", "logger": "django.server"}
{"event": "/home/jeff/projects/bridge/bidding-conventions-api/src/bidding_conventions/hand.py changed, reloading.", "timestamp": "2026-07-31T06:40:02.517230Z", "level": "info", "logger": "django.utils.autoreload"}
{"event": "Watching for file changes with StatReloader", "timestamp": "2026-07-31T06:40:02.785463Z", "level": "info", "logger": "django.utils.autoreload"}
{"event": "/home/jeff/projects/bridge/bidding-conventions-api/src/bidding_conventions/asptro.py changed, reloading.", "timestamp": "2026-07-31T06:40:36.338094Z", "level": "info", "logger": "django.utils.autoreload"}
{"event": "Watching for file changes with StatReloader", "timestamp": "2026-07-31T06:40:36.580731Z", "level": "info", "logger": "django.utils.autoreload"}
{"event": "/home/jeff/projects/bridge/bidding-conventions-api/src/bidding_conventions/asptro.py changed, reloading.", "timestamp": "2026-07-31T06:41:32.177411Z", "level": "info", "logger": "django.utils.autoreload"}
{"event": "Watching for file changes with StatReloader", "timestamp": "2026-07-31T06:41:32.414612Z", "level": "info", "logger": "django.utils.autoreload"}
{"event": "\"OPTIONS /conventions-selected/ HTTP/1.1\" 200 0", "timestamp": "2026-07-31T06:41:40.412373Z", "level": "info", "logger": "django.server"}
{"event": "\"POST /conventions-selected/ HTTP/1.1\" 200 4979", "timestamp": "2026-07-31T06:41:40.417268Z", "level": "info", "logger": "django.server"}
{"event": "\"OPTIONS /conventions-selected/ HTTP/1.1\" 200 0", "timestamp": "2026-07-31T06:41:43.980904Z", "level": "info", "logger": "django.server"}
{"event": "\"POST /conventions-selected/ HTTP/1.1\" 200 4979", "timestamp": "2026-07-31T06:41:43.984755Z", "level": "info", "logger": "django.server"}
{"event": "\"OPTIONS /conventions-selected/ HTTP/1.1\" 200 0", "timestamp": "2026-07-31T06:41:44.784537Z", "level": "info", "logger": "django.server"}
{"event": "\"POST /conventions-selected/ HTTP/1.1\" 200 4979", "timestamp": "2026-07-31T06:41:44.787713Z", "level": "info", "logger": "django.server"}
{"event": "\"OPTIONS /conventions-selected/ HTTP/1.1\" 200 0", "timestamp": "2026-07-31T06:41:45.411640Z", "level": "info", "logger": "django.server"}
{"event": "\"POST /conventions-selected/ HTTP/1.1\" 200 4979", "timestamp": "2026-07-31T06:41:45.415194Z", "level": "info", "logger": "django.server"}
{"event": "\"OPTIONS /conventions-selected/ HTTP/1.1\" 200 0", "timestamp": "2026-07-31T06:41:45.916270Z", "level": "info", "logger": "django.server"}
{"event": "\"POST /conventions-selected/ HTTP/1.1\" 200 4979", "timestamp": "2026-07-31T06:41:45.920539Z", "level": "info", "logger": "django.server"}
{"event": "\"OPTIONS /conventions-selected/ HTTP/1.1\" 200 0", "timestamp": "2026-07-31T06:41:46.444327Z", "level": "info", "logger": "django.server"}
{"event": "\"POST /conventions-selected/ HTTP/1.1\" 200 4979", "timestamp": "2026-07-31T06:41:46.447018Z", "level": "info", "logger": "django.server"}
{"event": "\"OPTIONS /conventions-selected/ HTTP/1.1\" 200 0", "timestamp": "2026-07-31T06:41:46.694075Z", "level": "info", "logger": "django.server"}
{"event": "\"POST /conventions-selected/ HTTP/1.1\" 200 4979", "timestamp": "2026-07-31T06:41:46.697032Z", "level": "info", "logger": "django.server"}
{"event": "/home/jeff/projects/bridge/bidding-conventions-api/src/bidding_conventions/asptro.py changed, reloading.", "timestamp": "2026-07-31T07:52:41.712318Z", "level": "info", "logger": "django.utils.autoreload"}
{"event": "Watching for file changes with StatReloader", "timestamp": "2026-07-31T07:52:41.945942Z", "level": "info", "logger": "django.utils.autoreload"}
{"event": "\"GET /static-data/ HTTP/1.1\" 200 909456", "timestamp": "2026-07-31T07:55:10.284122Z", "level": "info", "logger": "django.server"}
{"event": "- Broken pipe from ('127.0.0.1', 49000)", "timestamp": "2026-07-31T07:55:10.285262Z", "level": "info", "logger": "django.server"}
{"event": "\"GET //ensure-csrf/?_=1785484510284 HTTP/1.1\" 200 97", "timestamp": "2026-07-31T07:55:10.289043Z", "level": "info", "logger": "django.server"}
{"event": "\"GET /static-data/ HTTP/1.1\" 200 909456", "timestamp": "2026-07-31T09:21:16.949465Z", "level": "info", "logger": "django.server"}
{"event": "\"GET //ensure-csrf/?_=1785489676947 HTTP/1.1\" 200 97", "timestamp": "2026-07-31T09:21:16.954718Z", "level": "info", "logger": "django.server"}
{"event": "\"OPTIONS /get-conventions/ HTTP/1.1\" 200 0", "timestamp": "2026-07-31T09:21:16.991370Z", "level": "info", "logger": "django.server"}
{"event": "\"POST /get-conventions/ HTTP/1.1\" 200 423", "timestamp": "2026-07-31T09:21:16.996040Z", "level": "info", "logger": "django.server"}
{"event": "\"OPTIONS /conventions-selected/ HTTP/1.1\" 200 0", "timestamp": "2026-07-31T09:21:26.359552Z", "level": "info", "logger": "django.server"}
{"event": "\"POST /conventions-selected/ HTTP/1.1\" 200 4978", "timestamp": "2026-07-31T09:21:26.362917Z", "level": "info", "logger": "django.server"}
{"event": "/home/jeff/projects/bridge/bidding-conventions-api/src/bidding_conventions/asptro.py changed, reloading.", "timestamp": "2026-07-31T09:31:09.108568Z", "level": "info", "logger": "django.utils.autoreload"}
{"event": "Watching for file changes with StatReloader", "timestamp": "2026-07-31T09:31:09.342195Z", "level": "info", "logger": "django.utils.autoreload"}
{"event": "\"OPTIONS /conventions-selected/ HTTP/1.1\" 200 0", "timestamp": "2026-07-31T09:31:10.838974Z", "level": "info", "logger": "django.server"}
{"event": "Internal Server Error: /conventions-selected/", "exc_info": ["<class 'TypeError'>", "TypeError(\"Question.__init__() missing 1 required positional argument: 'question'\")", "<traceback object at 0x7f3fc82d9200>"], "timestamp": "2026-07-31T09:31:10.854813Z", "level": "error", "logger": "django.request"}
{"event": "\"POST /conventions-selected/ HTTP/1.1\" 500 109031", "timestamp": "2026-07-31T09:31:10.856094Z", "level": "error", "logger": "django.server"}
{"event": "/home/jeff/projects/bridge/bidding-conventions-api/src/bidding_conventions/asptro.py changed, reloading.", "timestamp": "2026-07-31T09:31:41.906039Z", "level": "info", "logger": "django.utils.autoreload"}
{"event": "Watching for file changes with StatReloader", "timestamp": "2026-07-31T09:31:42.154330Z", "level": "info", "logger": "django.utils.autoreload"}
{"event": "\"OPTIONS /conventions-selected/ HTTP/1.1\" 200 0", "timestamp": "2026-07-31T09:31:47.167187Z", "level": "info", "logger": "django.server"}
{"event": "\"POST /conventions-selected/ HTTP/1.1\" 200 4933", "timestamp": "2026-07-31T09:31:47.171191Z", "level": "info", "logger": "django.server"}
{"event": "\"OPTIONS /conventions-selected/ HTTP/1.1\" 200 0", "timestamp": "2026-07-31T09:32:00.641962Z", "level": "info", "logger": "django.server"}
{"event": "\"POST /conventions-selected/ HTTP/1.1\" 200 4933", "timestamp": "2026-07-31T09:32:00.645077Z", "level": "info", "logger": "django.server"}
{"event": "\"OPTIONS /conventions-selected/ HTTP/1.1\" 200 0", "timestamp": "2026-07-31T09:32:01.575198Z", "level": "info", "logger": "django.server"}
{"event": "\"POST /conventions-selected/ HTTP/1.1\" 200 4933", "timestamp": "2026-07-31T09:32:01.577939Z", "level": "info", "logger": "django.server"}
{"event": "\"OPTIONS /conventions-selected/ HTTP/1.1\" 200 0", "timestamp": "2026-07-31T09:32:02.423348Z", "level": "info", "logger": "django.server"}
{"event": "\"POST /conventions-selected/ HTTP/1.1\" 200 4933", "timestamp": "2026-07-31T09:32:02.427195Z", "level": "info", "logger": "django.server"}
{"event": "\"OPTIONS /conventions-selected/ HTTP/1.1\" 200 0", "timestamp": "2026-07-31T09:32:03.243088Z", "level": "info", "logger": "django.server"}
{"event": "\"POST /conventions-selected/ HTTP/1.1\" 200 4933", "timestamp": "2026-07-31T09:32:03.246380Z", "level": "info", "logger": "django.server"}
{"event": "\"OPTIONS /conventions-selected/ HTTP/1.1\" 200 0", "timestamp": "2026-07-31T09:32:04.219310Z", "level": "info", "logger": "django.server"}
{"event": "\"POST /conventions-selected/ HTTP/1.1\" 200 4933", "timestamp": "2026-07-31T09:32:04.223478Z", "level": "info", "logger": "django.server"}
{"event": "\"OPTIONS /conventions-selected/ HTTP/1.1\" 200 0", "timestamp": "2026-07-31T09:32:05.507042Z", "level": "info", "logger": "django.server"}
{"event": "\"POST /conventions-selected/ HTTP/1.1\" 200 4933", "timestamp": "2026-07-31T09:32:05.510529Z", "level": "info", "logger": "django.server"}
{"event": "\"OPTIONS /conventions-selected/ HTTP/1.1\" 200 0", "timestamp": "2026-07-31T09:32:06.664838Z", "level": "info", "logger": "django.server"}
{"event": "\"POST /conventions-selected/ HTTP/1.1\" 200 4933", "timestamp": "2026-07-31T09:32:06.669086Z", "level": "info", "logger": "django.server"}
{"event": "\"OPTIONS /conventions-selected/ HTTP/1.1\" 200 0", "timestamp": "2026-07-31T09:32:07.349337Z", "level": "info", "logger": "django.server"}
{"event": "\"POST /conventions-selected/ HTTP/1.1\" 200 4933", "timestamp": "2026-07-31T09:32:07.352923Z", "level": "info", "logger": "django.server"}
{"event": "\"OPTIONS /conventions-selected/ HTTP/1.1\" 200 0", "timestamp": "2026-07-31T09:32:08.028079Z", "level": "info", "logger": "django.server"}
{"event": "\"POST /conventions-selected/ HTTP/1.1\" 200 4933", "timestamp": "2026-07-31T09:32:08.031549Z", "level": "info", "logger": "django.server"}
{"event": "/home/jeff/projects/bridge/bidding-conventions-api/src/bidding_conventions/hand.py changed, reloading.", "timestamp": "2026-07-31T09:33:54.989098Z", "level": "info", "logger": "django.utils.autoreload"}
{"event": "Watching for file changes with StatReloader", "timestamp": "2026-07-31T09:33:55.239667Z", "level": "info", "logger": "django.utils.autoreload"}
{"event": "/home/jeff/projects/bridge/bidding-conventions-api/src/bidding_conventions/hand.py changed, reloading.", "timestamp": "2026-07-31T09:34:56.902732Z", "level": "info", "logger": "django.utils.autoreload"}
{"event": "Watching for file changes with StatReloader", "timestamp": "2026-07-31T09:34:57.146244Z", "level": "info", "logger": "django.utils.autoreload"}
{"event": "/home/jeff/projects/bridge/bidding-conventions-api/src/bidding_conventions/hand.py changed, reloading.", "timestamp": "2026-07-31T09:36:47.942492Z", "level": "info", "logger": "django.utils.autoreload"}
{"event": "Watching for file changes with StatReloader", "timestamp": "2026-07-31T09:36:48.196417Z", "level": "info", "logger": "django.utils.autoreload"}
{"event": "/home/jeff/projects/bridge/bidding-conventions-api/src/bidding_conventions/asptro.py changed, reloading.", "timestamp": "2026-07-31T09:40:01.245697Z", "level": "info", "logger": "django.utils.autoreload"}
{"event": "Watching for file changes with StatReloader", "timestamp": "2026-07-31T09:40:01.481090Z", "level": "info", "logger": "django.utils.autoreload"}
{"event": "/home/jeff/projects/bridge/bidding-conventions-api/src/bidding_conventions/hand.py changed, reloading.", "timestamp": "2026-07-31T09:40:54.064453Z", "level": "info", "logger": "django.utils.autoreload"}
{"event": "Watching for file changes with StatReloader", "timestamp": "2026-07-31T09:40:54.298146Z", "level": "info", "logger": "django.utils.autoreload"}
{"event": "\"OPTIONS /conventions-selected/ HTTP/1.1\" 200 0", "timestamp": "2026-07-31T09:40:56.328507Z", "level": "info", "logger": "django.server"}
{"event": "Internal Server Error: /conventions-selected/", "exc_info": ["<class 'AttributeError'>", "AttributeError(\"'Dealer' object has no attribute 'asptro_overcaller'\")", "<traceback object at 0x7f8f1a7a3dc0>"], "timestamp": "2026-07-31T09:40:56.343313Z", "level": "error", "logger": "django.request"}
{"event": "\"POST /conventions-selected/ HTTP/1.1\" 500 112644", "timestamp": "2026-07-31T09:40:56.344586Z", "level": "error", "logger": "django.server"}
{"event": "/home/jeff/projects/bridge/bidding-conventions-api/src/bidding_conventions/asptro.py changed, reloading.", "timestamp": "2026-07-31T09:41:50.932928Z", "level": "info", "logger": "django.utils.autoreload"}
{"event": "Watching for file changes with StatReloader", "timestamp": "2026-07-31T09:41:51.200295Z", "level": "info", "logger": "django.utils.autoreload"}
{"event": "/home/jeff/projects/bridge/bidding-conventions-api/src/bidding_conventions/hand.py changed, reloading.", "timestamp": "2026-07-31T09:42:02.691110Z", "level": "info", "logger": "django.utils.autoreload"}
{"event": "Watching for file changes with StatReloader", "timestamp": "2026-07-31T09:42:02.921361Z", "level": "info", "logger": "django.utils.autoreload"}
{"event": "/home/jeff/projects/bridge/bidding-conventions-api/src/bidding_conventions/asptro.py changed, reloading.", "timestamp": "2026-07-31T09:42:28.467194Z", "level": "info", "logger": "django.utils.autoreload"}
{"event": "Watching for file changes with StatReloader", "timestamp": "2026-07-31T09:42:28.708291Z", "level": "info", "logger": "django.utils.autoreload"}
{"event": "\"OPTIONS /conventions-selected/ HTTP/1.1\" 200 0", "timestamp": "2026-07-31T09:42:31.668249Z", "level": "info", "logger": "django.server"}
{"event": "Internal Server Error: /conventions-selected/", "exc_info": ["<class 'AttributeError'>", "AttributeError(\"'Dealer' object has no attribute 'asptro_overcaller'\")", "<traceback object at 0x7f5ec73bc240>"], "timestamp": "2026-07-31T09:42:31.682789Z", "level": "error", "logger": "django.request"}
{"event": "\"POST /conventions-selected/ HTTP/1.1\" 500 112651", "timestamp": "2026-07-31T09:42:31.684146Z", "level": "error", "logger": "django.server"}
{"event": "/home/jeff/projects/bridge/bidding-conventions-api/src/bidding_conventions/hand.py changed, reloading.", "timestamp": "2026-07-31T09:43:15.337132Z", "level": "info", "logger": "django.utils.autoreload"}
{"event": "Watching for file changes with StatReloader", "timestamp": "2026-07-31T09:43:15.590844Z", "level": "info", "logger": "django.utils.autoreload"}
{"event": "\"OPTIONS /conventions-selected/ HTTP/1.1\" 200 0", "timestamp": "2026-07-31T09:43:19.970256Z", "level": "info", "logger": "django.server"}
{"event": "Internal Server Error: /conventions-selected/", "exc_info": ["<class 'AttributeError'>", "AttributeError(\"'Dealer' object has no attribute 'asptro_overcaller'\")", "<traceback object at 0x7f6d19a6c180>"], "timestamp": "2026-07-31T09:43:19.986596Z", "level": "error", "logger": "django.request"}
{"event": "\"POST /conventions-selected/ HTTP/1.1\" 500 112651", "timestamp": "2026-07-31T09:43:19.987874Z", "level": "error", "logger": "django.server"}
{"event": "/home/jeff/projects/bridge/bidding-conventions-api/src/bidding_conventions/hand.py changed, reloading.", "timestamp": "2026-07-31T09:45:39.489755Z", "level": "info", "logger": "django.utils.autoreload"}
{"event": "Watching for file changes with StatReloader", "timestamp": "2026-07-31T09:45:39.735050Z", "level": "info", "logger": "django.utils.autoreload"}
{"event": "/home/jeff/projects/bridge/bidding-conventions-api/src/bidding_conventions/hand.py changed, reloading.", "timestamp": "2026-07-31T09:46:03.150058Z", "level": "info", "logger": "django.utils.autoreload"}
{"event": "Watching for file changes with StatReloader", "timestamp": "2026-07-31T09:46:03.389462Z", "level": "info", "logger": "django.utils.autoreload"}
{"event": "\"OPTIONS /conventions-selected/ HTTP/1.1\" 200 0", "timestamp": "2026-07-31T09:46:08.205350Z", "level": "info", "logger": "django.server"}
{"event": "Internal Server Error: /conventions-selected/", "exc_info": ["<class 'NameError'>", "NameError(\"name 'handyyy' is not defined\")", "<traceback object at 0x7fc82213e300>"], "timestamp": "2026-07-31T09:46:08.219336Z", "level": "error", "logger": "django.request"}
{"event": "\"POST /conventions-selected/ HTTP/1.1\" 500 108618", "timestamp": "2026-07-31T09:46:08.220565Z", "level": "error", "logger": "django.server"}
{"event": "/home/jeff/projects/bridge/bidding-conventions-api/src/bidding_conventions/asptro.py changed, reloading.", "timestamp": "2026-07-31T09:46:27.951100Z", "level": "info", "logger": "django.utils.autoreload"}
{"event": "Watching for file changes with StatReloader", "timestamp": "2026-07-31T09:46:28.205945Z", "level": "info", "logger": "django.utils.autoreload"}
{"event": "\"OPTIONS /conventions-selected/ HTTP/1.1\" 200 0", "timestamp": "2026-07-31T09:46:30.064829Z", "level": "info", "logger": "django.server"}
{"event": "\"POST /conventions-selected/ HTTP/1.1\" 200 4933", "timestamp": "2026-07-31T09:46:30.069387Z", "level": "info", "logger": "django.server"}
{"event": "\"OPTIONS /conventions-selected/ HTTP/1.1\" 200 0", "timestamp": "2026-07-31T09:46:33.720660Z", "level": "info", "logger": "django.server"}
{"event": "\"POST /conventions-selected/ HTTP/1.1\" 200 4933", "timestamp": "2026-07-31T09:46:33.723399Z", "level": "info", "logger": "django.server"}
{"event": "\"OPTIONS /conventions-selected/ HTTP/1.1\" 200 0", "timestamp": "2026-07-31T09:46:35.253490Z", "level": "info", "logger": "django.server"}
{"event": "\"POST /conventions-selected/ HTTP/1.1\" 200 4933", "timestamp": "2026-07-31T09:46:35.257701Z", "level": "info", "logger": "django.server"}
{"event": "/home/jeff/projects/bridge/bidding-conventions-api/src/bidding_conventions/hand.py changed, reloading.", "timestamp": "2026-07-31T09:47:12.803429Z", "level": "info", "logger": "django.utils.autoreload"}
{"event": "Watching for file changes with StatReloader", "timestamp": "2026-07-31T09:47:13.049334Z", "level": "info", "logger": "django.utils.autoreload"}
{"event": "\"OPTIONS /conventions-selected/ HTTP/1.1\" 200 0", "timestamp": "2026-07-31T09:47:14.440261Z", "level": "info", "logger": "django.server"}
{"event": "\"POST /conventions-selected/ HTTP/1.1\" 200 4933", "timestamp": "2026-07-31T09:47:14.444847Z", "level": "info", "logger": "django.server"}
{"event": "\"OPTIONS /conventions-selected/ HTTP/1.1\" 200 0", "timestamp": "2026-07-31T09:47:15.320619Z", "level": "info", "logger": "django.server"}
{"event": "\"POST /conventions-selected/ HTTP/1.1\" 200 4933", "timestamp": "2026-07-31T09:47:15.324375Z", "level": "info", "logger": "django.server"}
{"event": "\"OPTIONS /conventions-selected/ HTTP/1.1\" 200 0", "timestamp": "2026-07-31T09:47:16.939117Z", "level": "info", "logger": "django.server"}
{"event": "\"POST /conventions-selected/ HTTP/1.1\" 200 4933", "timestamp": "2026-07-31T09:47:16.943176Z", "level": "info", "logger": "django.server"}
{"event": "\"OPTIONS /conventions-selected/ HTTP/1.1\" 200 0", "timestamp": "2026-07-31T09:47:18.123417Z", "level": "info", "logger": "django.server"}
{"event": "\"POST /conventions-selected/ HTTP/1.1\" 200 4933", "timestamp": "2026-07-31T09:47:18.126792Z", "level": "info", "logger": "django.server"}
{"event": "\"OPTIONS /conventions-selected/ HTTP/1.1\" 200 0", "timestamp": "2026-07-31T09:47:19.021086Z", "level": "info", "logger": "django.server"}
{"event": "\"POST /conventions-selected/ HTTP/1.1\" 200 4933", "timestamp": "2026-07-31T09:47:19.024286Z", "level": "info", "logger": "django.server"}
{"event": "\"OPTIONS /conventions-selected/ HTTP/1.1\" 200 0", "timestamp": "2026-07-31T09:47:19.598341Z", "level": "info", "logger": "django.server"}
{"event": "\"POST /conventions-selected/ HTTP/1.1\" 200 4933", "timestamp": "2026-07-31T09:47:19.600969Z", "level": "info", "logger": "django.server"}
{"event": "\"OPTIONS /conventions-selected/ HTTP/1.1\" 200 0", "timestamp": "2026-07-31T09:47:20.127294Z", "level": "info", "logger": "django.server"}
{"event": "\"POST /conventions-selected/ HTTP/1.1\" 200 4933", "timestamp": "2026-07-31T09:47:20.130439Z", "level": "info", "logger": "django.server"}
{"event": "\"OPTIONS /conventions-selected/ HTTP/1.1\" 200 0", "timestamp": "2026-07-31T09:47:20.681410Z", "level": "info", "logger": "django.server"}
{"event": "\"POST /conventions-selected/ HTTP/1.1\" 200 4933", "timestamp": "2026-07-31T09:47:20.684757Z", "level": "info", "logger": "django.server"}
{"event": "\"OPTIONS /conventions-selected/ HTTP/1.1\" 200 0", "timestamp": "2026-07-31T09:47:22.155433Z", "level": "info", "logger": "django.server"}
{"event": "\"POST /conventions-selected/ HTTP/1.1\" 200 4933", "timestamp": "2026-07-31T09:47:22.158399Z", "level": "info", "logger": "django.server"}
{"event": "\"OPTIONS /conventions-selected/ HTTP/1.1\" 200 0", "timestamp": "2026-07-31T09:47:22.739661Z", "level": "info", "logger": "django.server"}
{"event": "\"POST /conventions-selected/ HTTP/1.1\" 200 4933", "timestamp": "2026-07-31T09:47:22.742929Z", "level": "info", "logger": "django.server"}
{"event": "/home/jeff/projects/bridge/bidding-conventions-api/src/bidding_conventions/hand.py changed, reloading.", "timestamp": "2026-07-31T09:49:38.920256Z", "level": "info", "logger": "django.utils.autoreload"}
{"event": "Watching for file changes with StatReloader", "timestamp": "2026-07-31T09:49:39.160124Z", "level": "info", "logger": "django.utils.autoreload"}
{"event": "\"OPTIONS /conventions-selected/ HTTP/1.1\" 200 0", "timestamp": "2026-07-31T09:49:41.157938Z", "level": "info", "logger": "django.server"}
{"event": "\"POST /conventions-selected/ HTTP/1.1\" 200 4933", "timestamp": "2026-07-31T09:49:41.163270Z", "level": "info", "logger": "django.server"}
{"event": "\"OPTIONS /conventions-selected/ HTTP/1.1\" 200 0", "timestamp": "2026-07-31T09:49:41.906674Z", "level": "info", "logger": "django.server"}
{"event": "\"POST /conventions-selected/ HTTP/1.1\" 200 4933", "timestamp": "2026-07-31T09:49:41.910360Z", "level": "info", "logger": "django.server"}
{"event": "\"OPTIONS /conventions-selected/ HTTP/1.1\" 200 0", "timestamp": "2026-07-31T09:49:42.428797Z", "level": "info", "logger": "django.server"}
{"event": "\"POST /conventions-selected/ HTTP/1.1\" 200 4933", "timestamp": "2026-07-31T09:49:42.432217Z", "level": "info", "logger": "django.server"}
{"event": "\"OPTIONS /conventions-selected/ HTTP/1.1\" 200 0", "timestamp": "2026-07-31T09:49:43.059819Z", "level": "info", "logger": "django.server"}
{"event": "\"POST /conventions-selected/ HTTP/1.1\" 200 4933", "timestamp": "2026-07-31T09:49:43.063698Z", "level": "info", "logger": "django.server"}
{"event": "\"OPTIONS /conventions-selected/ HTTP/1.1\" 200 0", "timestamp": "2026-07-31T09:49:43.532875Z", "level": "info", "logger": "django.server"}
{"event": "\"POST /conventions-selected/ HTTP/1.1\" 200 4933", "timestamp": "2026-07-31T09:49:43.536426Z", "level": "info", "logger": "django.server"}
{"event": "/home/jeff/projects/bridge/bidding-conventions-api/src/bidding_conventions/hand.py changed, reloading.", "timestamp": "2026-07-31T09:50:31.794141Z", "level": "info", "logger": "django.utils.autoreload"}
{"event": "Watching for file changes with StatReloader", "timestamp": "2026-07-31T09:50:32.029708Z", "level": "info", "logger": "django.utils.autoreload"}
{"event": "/home/jeff/projects/bridge/bidding-conventions-api/src/bidding_conventions/asptro.py changed, reloading.", "timestamp": "2026-07-31T09:50:44.516183Z", "level": "info", "logger": "django.utils.autoreload"}
{"event": "Watching for file changes with StatReloader", "timestamp": "2026-07-31T09:50:44.763857Z", "level": "info", "logger": "django.utils.autoreload"}
{"event": "\"OPTIONS /conventions-selected/ HTTP/1.1\" 200 0", "timestamp": "2026-07-31T09:50:46.101370Z", "level": "info", "logger": "django.server"}
{"event": "Internal Server Error: /conventions-selected/", "exc_info": ["<class 'AttributeError'>", "AttributeError(\"'Hand' object has no attribute 'hand_number'\")", "<traceback object at 0x7f29b01e07c0>"], "timestamp": "2026-07-31T09:50:46.116261Z", "level": "error", "logger": "django.request"}
{"event": "\"POST /conventions-selected/ HTTP/1.1\" 500 112600", "timestamp": "2026-07-31T09:50:46.117617Z", "level": "error", "logger": "django.server"}
{"event": "/home/jeff/projects/bridge/bidding-conventions-api/src/bidding_conventions/hand.py changed, reloading.", "timestamp": "2026-07-31T09:51:36.383222Z", "level": "info", "logger": "django.utils.autoreload"}
{"event": "Watching for file changes with StatReloader", "timestamp": "2026-07-31T09:51:36.629619Z", "level": "info", "logger": "django.utils.autoreload"}
{"event": "\"OPTIONS /conventions-selected/ HTTP/1.1\" 200 0", "timestamp": "2026-07-31T09:51:51.371031Z", "level": "info", "logger": "django.server"}
{"event": "\"POST /conventions-selected/ HTTP/1.1\" 200 4935", "timestamp": "2026-07-31T09:51:51.375703Z", "level": "info", "logger": "django.server"}
{"event": "\"OPTIONS /conventions-selected/ HTTP/1.1\" 200 0", "timestamp": "2026-07-31T09:51:52.523340Z", "level": "info", "logger": "django.server"}
{"event": "\"POST /conventions-selected/ HTTP/1.1\" 200 4933", "timestamp": "2026-07-31T09:51:52.526687Z", "level": "info", "logger": "django.server"}
{"event": "\"OPTIONS /conventions-selected/ HTTP/1.1\" 200 0", "timestamp": "2026-07-31T09:51:53.287581Z", "level": "info", "logger": "django.server"}
{"event": "\"POST /conventions-selected/ HTTP/1.1\" 200 4933", "timestamp": "2026-07-31T09:51:53.292445Z", "level": "info", "logger": "django.server"}
{"event": "\"OPTIONS /conventions-selected/ HTTP/1.1\" 200 0", "timestamp": "2026-07-31T09:51:54.374234Z", "level": "info", "logger": "django.server"}
{"event": "\"POST /conventions-selected/ HTTP/1.1\" 200 4935", "timestamp": "2026-07-31T09:51:54.377374Z", "level": "info", "logger": "django.server"}
{"event": "\"OPTIONS /conventions-selected/ HTTP/1.1\" 200 0", "timestamp": "2026-07-31T09:51:55.767859Z", "level": "info", "logger": "django.server"}
{"event": "\"POST /conventions-selected/ HTTP/1.1\" 200 4933", "timestamp": "2026-07-31T09:51:55.770647Z", "level": "info", "logger": "django.server"}
{"event": "\"OPTIONS /conventions-selected/ HTTP/1.1\" 200 0", "timestamp": "2026-07-31T09:51:56.388389Z", "level": "info", "logger": "django.server"}
{"event": "\"POST /conventions-selected/ HTTP/1.1\" 200 4933", "timestamp": "2026-07-31T09:51:56.391066Z", "level": "info", "logger": "django.server"}
{"event": "\"OPTIONS /conventions-selected/ HTTP/1.1\" 200 0", "timestamp": "2026-07-31T09:52:05.979628Z", "level": "info", "logger": "django.server"}
{"event": "\"POST /conventions-selected/ HTTP/1.1\" 200 4935", "timestamp": "2026-07-31T09:52:05.982650Z", "level": "info", "logger": "django.server"}
{"event": "\"OPTIONS /conventions-selected/ HTTP/1.1\" 200 0", "timestamp": "2026-07-31T09:52:38.093322Z", "level": "info", "logger": "django.server"}
{"event": "\"POST /conventions-selected/ HTTP/1.1\" 200 4935", "timestamp": "2026-07-31T09:52:38.097120Z", "level": "info", "logger": "django.server"}
{"event": "\"OPTIONS /conventions-selected/ HTTP/1.1\" 200 0", "timestamp": "2026-07-31T09:53:11.219618Z", "level": "info", "logger": "django.server"}
{"event": "\"POST /conventions-selected/ HTTP/1.1\" 200 4933", "timestamp": "2026-07-31T09:53:11.224403Z", "level": "info", "logger": "django.server"}
{"event": "/home/jeff/projects/bfg/bfgdealer/src/bfgdealer/dealer_bidding.py changed, reloading.", "timestamp": "2026-07-31T09:55:10.782119Z", "level": "info", "logger": "django.utils.autoreload"}
{"event": "Watching for file changes with StatReloader", "timestamp": "2026-07-31T09:55:11.026420Z", "level": "info", "logger": "django.utils.autoreload"}
{"event": "\"OPTIONS /conventions-selected/ HTTP/1.1\" 200 0", "timestamp": "2026-07-31T09:55:13.172027Z", "level": "info", "logger": "django.server"}
{"event": "\"POST /conventions-selected/ HTTP/1.1\" 200 4935", "timestamp": "2026-07-31T09:55:13.178799Z", "level": "info", "logger": "django.server"}
{"event": "\"OPTIONS /conventions-selected/ HTTP/1.1\" 200 0", "timestamp": "2026-07-31T09:55:17.834997Z", "level": "info", "logger": "django.server"}
{"event": "\"POST /conventions-selected/ HTTP/1.1\" 200 4933", "timestamp": "2026-07-31T09:55:17.837652Z", "level": "info", "logger": "django.server"}
{"event": "\"OPTIONS /conventions-selected/ HTTP/1.1\" 200 0", "timestamp": "2026-07-31T09:55:19.968901Z", "level": "info", "logger": "django.server"}
{"event": "\"POST /conventions-selected/ HTTP/1.1\" 200 4933", "timestamp": "2026-07-31T09:55:19.972498Z", "level": "info", "logger": "django.server"}
{"event": "\"OPTIONS /conventions-selected/ HTTP/1.1\" 200 0", "timestamp": "2026-07-31T09:55:25.762372Z", "level": "info", "logger": "django.server"}
{"event": "\"POST /conventions-selected/ HTTP/1.1\" 200 4935", "timestamp": "2026-07-31T09:55:25.766529Z", "level": "info", "logger": "django.server"}
{"event": "\"OPTIONS /conventions-selected/ HTTP/1.1\" 200 0", "timestamp": "2026-07-31T09:55:27.365693Z", "level": "info", "logger": "django.server"}
{"event": "\"POST /conventions-selected/ HTTP/1.1\" 200 4933", "timestamp": "2026-07-31T09:55:27.368987Z", "level": "info", "logger": "django.server"}
{"event": "\"OPTIONS /conventions-selected/ HTTP/1.1\" 200 0", "timestamp": "2026-07-31T09:55:28.029329Z", "level": "info", "logger": "django.server"}
{"event": "\"POST /conventions-selected/ HTTP/1.1\" 200 4933", "timestamp": "2026-07-31T09:55:28.033123Z", "level": "info", "logger": "django.server"}
{"event": "\"OPTIONS /conventions-selected/ HTTP/1.1\" 200 0", "timestamp": "2026-07-31T09:55:28.598337Z", "level": "info", "logger": "django.server"}
{"event": "\"POST /conventions-selected/ HTTP/1.1\" 200 4935", "timestamp": "2026-07-31T09:55:28.601871Z", "level": "info", "logger": "django.server"}
{"event": "\"OPTIONS /conventions-selected/ HTTP/1.1\" 200 0", "timestamp": "2026-07-31T09:55:29.218373Z", "level": "info", "logger": "django.server"}
{"event": "\"POST /conventions-selected/ HTTP/1.1\" 200 4935", "timestamp": "2026-07-31T09:55:29.221172Z", "level": "info", "logger": "django.server"}
{"event": "\"OPTIONS /conventions-selected/ HTTP/1.1\" 200 0", "timestamp": "2026-07-31T09:55:29.757188Z", "level": "info", "logger": "django.server"}
{"event": "\"POST /conventions-selected/ HTTP/1.1\" 200 4933", "timestamp": "2026-07-31T09:55:29.763203Z", "level": "info", "logger": "django.server"}
{"event": "\"OPTIONS /conventions-selected/ HTTP/1.1\" 200 0", "timestamp": "2026-07-31T09:55:31.530211Z", "level": "info", "logger": "django.server"}
{"event": "\"POST /conventions-selected/ HTTP/1.1\" 200 4935", "timestamp": "2026-07-31T09:55:31.533550Z", "level": "info", "logger": "django.server"}
{"event": "\"OPTIONS /conventions-selected/ HTTP/1.1\" 200 0", "timestamp": "2026-07-31T09:55:32.114307Z", "level": "info", "logger": "django.server"}
{"event": "\"POST /conventions-selected/ HTTP/1.1\" 200 4935", "timestamp": "2026-07-31T09:55:32.117455Z", "level": "info", "logger": "django.server"}
{"event": "\"OPTIONS /conventions-selected/ HTTP/1.1\" 200 0", "timestamp": "2026-07-31T09:55:32.674460Z", "level": "info", "logger": "django.server"}
{"event": "\"POST /conventions-selected/ HTTP/1.1\" 200 4933", "timestamp": "2026-07-31T09:55:32.677551Z", "level": "info", "logger": "django.server"}
{"event": "\"OPTIONS /conventions-selected/ HTTP/1.1\" 200 0", "timestamp": "2026-07-31T09:55:33.166353Z", "level": "info", "logger": "django.server"}
{"event": "\"POST /conventions-selected/ HTTP/1.1\" 200 4935", "timestamp": "2026-07-31T09:55:33.169256Z", "level": "info", "logger": "django.server"}
{"event": "\"OPTIONS /conventions-selected/ HTTP/1.1\" 200 0", "timestamp": "2026-07-31T09:55:33.712023Z", "level": "info", "logger": "django.server"}
{"event": "\"POST /conventions-selected/ HTTP/1.1\" 200 4935", "timestamp": "2026-07-31T09:55:33.715767Z", "level": "info", "logger": "django.server"}
{"event": "\"OPTIONS /conventions-selected/ HTTP/1.1\" 200 0", "timestamp": "2026-07-31T09:55:34.862992Z", "level": "info", "logger": "django.server"}
{"event": "\"POST /conventions-selected/ HTTP/1.1\" 200 4933", "timestamp": "2026-07-31T09:55:34.866585Z", "level": "info", "logger": "django.server"}
{"event": "\"OPTIONS /conventions-selected/ HTTP/1.1\" 200 0", "timestamp": "2026-07-31T09:55:35.336196Z", "level": "info", "logger": "django.server"}
{"event": "\"POST /conventions-selected/ HTTP/1.1\" 200 4933", "timestamp": "2026-07-31T09:55:35.340454Z", "level": "info", "logger": "django.server"}
{"event": "\"OPTIONS /conventions-selected/ HTTP/1.1\" 200 0", "timestamp": "2026-07-31T09:55:35.895092Z", "level": "info", "logger": "django.server"}
{"event": "\"POST /conventions-selected/ HTTP/1.1\" 200 4935", "timestamp": "2026-07-31T09:55:35.898822Z", "level": "info", "logger": "django.server"}
{"event": "\"OPTIONS /conventions-selected/ HTTP/1.1\" 200 0", "timestamp": "2026-07-31T09:55:36.701221Z", "level": "info", "logger": "django.server"}
{"event": "\"POST /conventions-selected/ HTTP/1.1\" 200 4933", "timestamp": "2026-07-31T09:55:36.704489Z", "level": "info", "logger": "django.server"}
{"event": "\"OPTIONS /conventions-selected/ HTTP/1.1\" 200 0", "timestamp": "2026-07-31T09:55:37.199275Z", "level": "info", "logger": "django.server"}
{"event": "\"POST /conventions-selected/ HTTP/1.1\" 200 4933", "timestamp": "2026-07-31T09:55:37.202229Z", "level": "info", "logger": "django.server"}
{"event": "/home/jeff/projects/bfg/bfgdealer/src/bfgdealer/dealer_bidding.py changed, reloading.", "timestamp": "2026-07-31T09:56:03.652235Z", "level": "info", "logger": "django.utils.autoreload"}
{"event": "Watching for file changes with StatReloader", "timestamp": "2026-07-31T09:56:03.920677Z", "level": "info", "logger": "django.utils.autoreload"}
{"event": "\"OPTIONS /conventions-selected/ HTTP/1.1\" 200 0", "timestamp": "2026-07-31T09:56:08.174288Z", "level": "info", "logger": "django.server"}
{"event": "\"POST /conventions-selected/ HTTP/1.1\" 200 4935", "timestamp": "2026-07-31T09:56:08.180381Z", "level": "info", "logger": "django.server"}
{"event": "\"OPTIONS /conventions-selected/ HTTP/1.1\" 200 0", "timestamp": "2026-07-31T09:56:09.752370Z", "level": "info", "logger": "django.server"}
{"event": "\"POST /conventions-selected/ HTTP/1.1\" 200 4933", "timestamp": "2026-07-31T09:56:09.755650Z", "level": "info", "logger": "django.server"}
{"event": "\"OPTIONS /conventions-selected/ HTTP/1.1\" 200 0", "timestamp": "2026-07-31T09:56:11.065771Z", "level": "info", "logger": "django.server"}
{"event": "\"POST /conventions-selected/ HTTP/1.1\" 200 4933", "timestamp": "2026-07-31T09:56:11.068797Z", "level": "info", "logger": "django.server"}
{"event": "\"OPTIONS /conventions-selected/ HTTP/1.1\" 200 0", "timestamp": "2026-07-31T09:56:11.694611Z", "level": "info", "logger": "django.server"}
{"event": "\"POST /conventions-selected/ HTTP/1.1\" 200 4935", "timestamp": "2026-07-31T09:56:11.698583Z", "level": "info", "logger": "django.server"}
{"event": "\"OPTIONS /conventions-selected/ HTTP/1.1\" 200 0", "timestamp": "2026-07-31T09:56:12.275172Z", "level": "info", "logger": "django.server"}
{"event": "\"POST /conventions-selected/ HTTP/1.1\" 200 4933", "timestamp": "2026-07-31T09:56:12.278106Z", "level": "info", "logger": "django.server"}
{"event": "\"OPTIONS /conventions-selected/ HTTP/1.1\" 200 0", "timestamp": "2026-07-31T09:56:12.677183Z", "level": "info", "logger": "django.server"}
{"event": "\"POST /conventions-selected/ HTTP/1.1\" 200 4933", "timestamp": "2026-07-31T09:56:12.679753Z", "level": "info", "logger": "django.server"}
{"event": "\"OPTIONS /conventions-selected/ HTTP/1.1\" 200 0", "timestamp": "2026-07-31T09:56:13.339953Z", "level": "info", "logger": "django.server"}
{"event": "\"POST /conventions-selected/ HTTP/1.1\" 200 4935", "timestamp": "2026-07-31T09:56:13.343221Z", "level": "info", "logger": "django.server"}
{"event": "\"OPTIONS /conventions-selected/ HTTP/1.1\" 200 0", "timestamp": "2026-07-31T09:56:13.878358Z", "level": "info", "logger": "django.server"}
{"event": "\"POST /conventions-selected/ HTTP/1.1\" 200 4935", "timestamp": "2026-07-31T09:56:13.880968Z", "level": "info", "logger": "django.server"}
{"event": "\"OPTIONS /conventions-selected/ HTTP/1.1\" 200 0", "timestamp": "2026-07-31T09:56:14.344136Z", "level": "info", "logger": "django.server"}
{"event": "\"POST /conventions-selected/ HTTP/1.1\" 200 4933", "timestamp": "2026-07-31T09:56:14.347260Z", "level": "info", "logger": "django.server"}
{"event": "\"OPTIONS /conventions-selected/ HTTP/1.1\" 200 0", "timestamp": "2026-07-31T09:56:14.797621Z", "level": "info", "logger": "django.server"}
{"event": "\"POST /conventions-selected/ HTTP/1.1\" 200 4935", "timestamp": "2026-07-31T09:56:14.800615Z", "level": "info", "logger": "django.server"}
{"event": "\"OPTIONS /conventions-selected/ HTTP/1.1\" 200 0", "timestamp": "2026-07-31T09:56:15.047237Z", "level": "info", "logger": "django.server"}
{"event": "\"POST /conventions-selected/ HTTP/1.1\" 200 4935", "timestamp": "2026-07-31T09:56:15.050727Z", "level": "info", "logger": "django.server"}
{"event": "\"OPTIONS /conventions-selected/ HTTP/1.1\" 200 0", "timestamp": "2026-07-31T09:56:15.303533Z", "level": "info", "logger": "django.server"}
{"event": "\"POST /conventions-selected/ HTTP/1.1\" 200 4933", "timestamp": "2026-07-31T09:56:15.307009Z", "level": "info", "logger": "django.server"}
{"event": "\"OPTIONS /conventions-selected/ HTTP/1.1\" 200 0", "timestamp": "2026-07-31T09:56:15.893748Z", "level": "info", "logger": "django.server"}
{"event": "\"POST /conventions-selected/ HTTP/1.1\" 200 4935", "timestamp": "2026-07-31T09:56:15.897216Z", "level": "info", "logger": "django.server"}
{"event": "\"OPTIONS /conventions-selected/ HTTP/1.1\" 200 0", "timestamp": "2026-07-31T09:56:16.415707Z", "level": "info", "logger": "django.server"}
{"event": "\"POST /conventions-selected/ HTTP/1.1\" 200 4935", "timestamp": "2026-07-31T09:56:16.419571Z", "level": "info", "logger": "django.server"}
{"event": "\"OPTIONS /conventions-selected/ HTTP/1.1\" 200 0", "timestamp": "2026-07-31T09:56:16.954758Z", "level": "info", "logger": "django.server"}
{"event": "\"POST /conventions-selected/ HTTP/1.1\" 200 4933", "timestamp": "2026-07-31T09:56:16.957894Z", "level": "info", "logger": "django.server"}
{"event": "\"OPTIONS /conventions-selected/ HTTP/1.1\" 200 0", "timestamp": "2026-07-31T09:56:17.358604Z", "level": "info", "logger": "django.server"}
{"event": "\"POST /conventions-selected/ HTTP/1.1\" 200 4933", "timestamp": "2026-07-31T09:56:17.362436Z", "level": "info", "logger": "django.server"}
{"event": "\"OPTIONS /conventions-selected/ HTTP/1.1\" 200 0", "timestamp": "2026-07-31T09:56:17.745386Z", "level": "info", "logger": "django.server"}
{"event": "\"POST /conventions-selected/ HTTP/1.1\" 200 4935", "timestamp": "2026-07-31T09:56:17.748163Z", "level": "info", "logger": "django.server"}
{"event": "\"OPTIONS /conventions-selected/ HTTP/1.1\" 200 0", "timestamp": "2026-07-31T09:56:18.172566Z", "level": "info", "logger": "django.server"}
{"event": "\"POST /conventions-selected/ HTTP/1.1\" 200 4933", "timestamp": "2026-07-31T09:56:18.175717Z", "level": "info", "logger": "django.server"}
{"event": "\"OPTIONS /conventions-selected/ HTTP/1.1\" 200 0", "timestamp": "2026-07-31T09:56:18.687685Z", "level": "info", "logger": "django.server"}
{"event": "\"POST /conventions-selected/ HTTP/1.1\" 200 4933", "timestamp": "2026-07-31T09:56:18.691403Z", "level": "info", "logger": "django.server"}
{"event": "/home/jeff/projects/bridge/bidding-conventions-api/src/bidding_conventions/asptro.py changed, reloading.", "timestamp": "2026-07-31T09:57:36.678676Z", "level": "info", "logger": "django.utils.autoreload"}
{"event": "Watching for file changes with StatReloader", "timestamp": "2026-07-31T09:57:36.914769Z", "level": "info", "logger": "django.utils.autoreload"}
{"event": "\"OPTIONS /conventions-selected/ HTTP/1.1\" 200 0", "timestamp": "2026-07-31T09:57:38.309758Z", "level": "info", "logger": "django.server"}
{"event": "\"POST /conventions-selected/ HTTP/1.1\" 200 4935", "timestamp": "2026-07-31T09:57:38.315322Z", "level": "info", "logger": "django.server"}
{"event": "\"OPTIONS /conventions-selected/ HTTP/1.1\" 200 0", "timestamp": "2026-07-31T09:57:50.457322Z", "level": "info", "logger": "django.server"}
{"event": "\"POST /conventions-selected/ HTTP/1.1\" 200 4933", "timestamp": "2026-07-31T09:57:50.460944Z", "level": "info", "logger": "django.server"}
{"event": "\"OPTIONS /conventions-selected/ HTTP/1.1\" 200 0", "timestamp": "2026-07-31T09:58:10.821507Z", "level": "info", "logger": "django.server"}
{"event": "\"POST /conventions-selected/ HTTP/1.1\" 200 4933", "timestamp": "2026-07-31T09:58:10.825798Z", "level": "info", "logger": "django.server"}
{"event": "\"OPTIONS /conventions-selected/ HTTP/1.1\" 200 0", "timestamp": "2026-07-31T09:58:50.609170Z", "level": "info", "logger": "django.server"}
{"event": "\"POST /conventions-selected/ HTTP/1.1\" 200 4935", "timestamp": "2026-07-31T09:58:50.613276Z", "level": "info", "logger": "django.server"}
{"event": "\"OPTIONS /conventions-selected/ HTTP/1.1\" 200 0", "timestamp": "2026-07-31T09:58:54.820231Z", "level": "info", "logger": "django.server"}
{"event": "\"POST /conventions-selected/ HTTP/1.1\" 200 4933", "timestamp": "2026-07-31T09:58:54.823905Z", "level": "info", "logger": "django.server"}
{"event": "\"OPTIONS /conventions-selected/ HTTP/1.1\" 200 0", "timestamp": "2026-07-31T09:58:55.546385Z", "level": "info", "logger": "django.server"}
{"event": "\"POST /conventions-selected/ HTTP/1.1\" 200 4933", "timestamp": "2026-07-31T09:58:55.550020Z", "level": "info", "logger": "django.server"}
{"event": "\"OPTIONS /conventions-selected/ HTTP/1.1\" 200 0", "timestamp": "2026-07-31T09:59:26.336517Z", "level": "info", "logger": "django.server"}
{"event": "\"POST /conventions-selected/ HTTP/1.1\" 200 4935", "timestamp": "2026-07-31T09:59:26.340027Z", "level": "info", "logger": "django.server"}
{"event": "\"OPTIONS /conventions-selected/ HTTP/1.1\" 200 0", "timestamp": "2026-07-31T09:59:27.046847Z", "level": "info", "logger": "django.server"}
{"event": "\"POST /conventions-selected/ HTTP/1.1\" 200 4935", "timestamp": "2026-07-31T09:59:27.050507Z", "level": "info", "logger": "django.server"}
{"event": "\"OPTIONS /conventions-selected/ HTTP/1.1\" 200 0", "timestamp": "2026-07-31T09:59:58.547966Z", "level": "info", "logger": "django.server"}
{"event": "\"POST /conventions-selected/ HTTP/1.1\" 200 4933", "timestamp": "2026-07-31T09:59:58.552346Z", "level": "info", "logger": "django.server"}
{"event": "\"OPTIONS /conventions-selected/ HTTP/1.1\" 200 0", "timestamp": "2026-07-31T09:59:59.700835Z", "level": "info", "logger": "django.server"}
{"event": "\"POST /conventions-selected/ HTTP/1.1\" 200 4935", "timestamp": "2026-07-31T09:59:59.704784Z", "level": "info", "logger": "django.server"}
{"event": "\"OPTIONS /conventions-selected/ HTTP/1.1\" 200 0", "timestamp": "2026-07-31T10:01:46.556477Z", "level": "info", "logger": "django.server"}
{"event": "\"POST /conventions-selected/ HTTP/1.1\" 200 4935", "timestamp": "2026-07-31T10:01:46.560373Z", "level": "info", "logger": "django.server"}
{"event": "\"OPTIONS /conventions-selected/ HTTP/1.1\" 200 0", "timestamp": "2026-07-31T10:01:47.981324Z", "level": "info", "logger": "django.server"}
{"event": "\"POST /conventions-selected/ HTTP/1.1\" 200 4933", "timestamp": "2026-07-31T10:01:47.984850Z", "level": "info", "logger": "django.server"}
{"event": "/home/jeff/projects/bridge/bidding-conventions-api/src/bidding_conventions/asptro.py changed, reloading.", "timestamp": "2026-07-31T10:07:40.205269Z", "level": "info", "logger": "django.utils.autoreload"}
{"event": "Watching for file changes with StatReloader", "timestamp": "2026-07-31T10:07:40.525324Z", "level": "info", "logger": "django.utils.autoreload"}
{"event": "\"OPTIONS /conventions-selected/ HTTP/1.1\" 200 0", "timestamp": "2026-07-31T10:07:43.970577Z", "level": "info", "logger": "django.server"}
{"event": "\"POST /conventions-selected/ HTTP/1.1\" 200 4935", "timestamp": "2026-07-31T10:07:43.975203Z", "level": "info", "logger": "django.server"}
{"event": "/home/jeff/projects/bridge/bidding-conventions-api/src/bidding_conventions/asptro.py changed, reloading.", "timestamp": "2026-07-31T10:08:21.131300Z", "level": "info", "logger": "django.utils.autoreload"}
{"event": "Watching for file changes with StatReloader", "timestamp": "2026-07-31T10:08:21.385559Z", "level": "info", "logger": "django.utils.autoreload"}
{"event": "\"OPTIONS /conventions-selected/ HTTP/1.1\" 200 0", "timestamp": "2026-07-31T10:08:22.155472Z", "level": "info", "logger": "django.server"}
{"event": "\"POST /conventions-selected/ HTTP/1.1\" 200 4935", "timestamp": "2026-07-31T10:08:22.159525Z", "level": "info", "logger": "django.server"}
{"event": "\"OPTIONS /conventions-selected/ HTTP/1.1\" 200 0", "timestamp": "2026-07-31T10:08:24.821306Z", "level": "info", "logger": "django.server"}
{"event": "\"POST /conventions-selected/ HTTP/1.1\" 200 4933", "timestamp": "2026-07-31T10:08:24.824234Z", "level": "info", "logger": "django.server"}
{"event": "\"OPTIONS /conventions-selected/ HTTP/1.1\" 200 0", "timestamp": "2026-07-31T10:08:26.640598Z", "level": "info", "logger": "django.server"}
{"event": "\"POST /conventions-selected/ HTTP/1.1\" 200 4933", "timestamp": "2026-07-31T10:08:26.644348Z", "level": "info", "logger": "django.server"}
{"event": "/home/jeff/projects/bridge/bidding-conventions-api/src/bidding_conventions/asptro.py changed, reloading.", "timestamp": "2026-07-31T10:08:43.905955Z", "level": "info", "logger": "django.utils.autoreload"}
{"event": "Watching for file changes with StatReloader", "timestamp": "2026-07-31T10:08:44.143360Z", "level": "info", "logger": "django.utils.autoreload"}
{"event": "/home/jeff/projects/bridge/bidding-conventions-api/src/bidding_conventions/asptro.py changed, reloading.", "timestamp": "2026-07-31T10:10:03.828996Z", "level": "info", "logger": "django.utils.autoreload"}
{"event": "Watching for file changes with StatReloader", "timestamp": "2026-07-31T10:10:04.068450Z", "level": "info", "logger": "django.utils.autoreload"}
{"event": "\"OPTIONS /conventions-selected/ HTTP/1.1\" 200 0", "timestamp": "2026-07-31T10:10:05.807304Z", "level": "info", "logger": "django.server"}
{"event": "\"POST /conventions-selected/ HTTP/1.1\" 200 4935", "timestamp": "2026-07-31T10:10:05.813472Z", "level": "info", "logger": "django.server"}
{"event": "\"OPTIONS /conventions-selected/ HTTP/1.1\" 200 0", "timestamp": "2026-07-31T10:10:10.994548Z", "level": "info", "logger": "django.server"}
{"event": "\"POST /conventions-selected/ HTTP/1.1\" 200 4934", "timestamp": "2026-07-31T10:10:10.998662Z", "level": "info", "logger": "django.server"}
{"event": "\"OPTIONS /conventions-selected/ HTTP/1.1\" 200 0", "timestamp": "2026-07-31T10:10:13.209201Z", "level": "info", "logger": "django.server"}
{"event": "\"POST /conventions-selected/ HTTP/1.1\" 200 4935", "timestamp": "2026-07-31T10:10:13.212820Z", "level": "info", "logger": "django.server"}
{"event": "\"OPTIONS /conventions-selected/ HTTP/1.1\" 200 0", "timestamp": "2026-07-31T10:10:14.902299Z", "level": "info", "logger": "django.server"}
{"event": "\"POST /conventions-selected/ HTTP/1.1\" 200 4936", "timestamp": "2026-07-31T10:10:14.906631Z", "level": "info", "logger": "django.server"}
{"event": "\"OPTIONS /conventions-selected/ HTTP/1.1\" 200 0", "timestamp": "2026-07-31T10:10:15.837297Z", "level": "info", "logger": "django.server"}
{"event": "\"POST /conventions-selected/ HTTP/1.1\" 200 4933", "timestamp": "2026-07-31T10:10:15.840983Z", "level": "info", "logger": "django.server"}
{"event": "\"OPTIONS /conventions-selected/ HTTP/1.1\" 200 0", "timestamp": "2026-07-31T10:10:17.615357Z", "level": "info", "logger": "django.server"}
{"event": "\"POST /conventions-selected/ HTTP/1.1\" 200 4934", "timestamp": "2026-07-31T10:10:17.618890Z", "level": "info", "logger": "django.server"}
{"event": "\"OPTIONS /conventions-selected/ HTTP/1.1\" 200 0", "timestamp": "2026-07-31T10:10:18.518250Z", "level": "info", "logger": "django.server"}
{"event": "\"POST /conventions-selected/ HTTP/1.1\" 200 4936", "timestamp": "2026-07-31T10:10:18.522100Z", "level": "info", "logger": "django.server"}
{"event": "\"OPTIONS /conventions-selected/ HTTP/1.1\" 200 0", "timestamp": "2026-07-31T10:10:19.090308Z", "level": "info", "logger": "django.server"}
{"event": "\"POST /conventions-selected/ HTTP/1.1\" 200 4936", "timestamp": "2026-07-31T10:10:19.093287Z", "level": "info", "logger": "django.server"}
{"event": "\"OPTIONS /conventions-selected/ HTTP/1.1\" 200 0", "timestamp": "2026-07-31T10:10:19.327797Z", "level": "info", "logger": "django.server"}
{"event": "\"POST /conventions-selected/ HTTP/1.1\" 200 4934", "timestamp": "2026-07-31T10:10:19.334714Z", "level": "info", "logger": "django.server"}
{"event": "\"OPTIONS /conventions-selected/ HTTP/1.1\" 200 0", "timestamp": "2026-07-31T10:10:19.536996Z", "level": "info", "logger": "django.server"}
{"event": "\"POST /conventions-selected/ HTTP/1.1\" 200 4936", "timestamp": "2026-07-31T10:10:19.540497Z", "level": "info", "logger": "django.server"}
{"event": "\"OPTIONS /conventions-selected/ HTTP/1.1\" 200 0", "timestamp": "2026-07-31T10:10:19.740458Z", "level": "info", "logger": "django.server"}
{"event": "\"POST /conventions-selected/ HTTP/1.1\" 200 4936", "timestamp": "2026-07-31T10:10:19.743546Z", "level": "info", "logger": "django.server"}
{"event": "\"OPTIONS /conventions-selected/ HTTP/1.1\" 200 0", "timestamp": "2026-07-31T10:10:19.966169Z", "level": "info", "logger": "django.server"}
{"event": "\"POST /conventions-selected/ HTTP/1.1\" 200 4933", "timestamp": "2026-07-31T10:10:19.969055Z", "level": "info", "logger": "django.server"}
{"event": "\"OPTIONS /conventions-selected/ HTTP/1.1\" 200 0", "timestamp": "2026-07-31T10:10:20.170146Z", "level": "info", "logger": "django.server"}
{"event": "\"POST /conventions-selected/ HTTP/1.1\" 200 4936", "timestamp": "2026-07-31T10:10:20.173117Z", "level": "info", "logger": "django.server"}
{"event": "\"OPTIONS /conventions-selected/ HTTP/1.1\" 200 0", "timestamp": "2026-07-31T10:10:20.376173Z", "level": "info", "logger": "django.server"}
{"event": "\"POST /conventions-selected/ HTTP/1.1\" 200 4936", "timestamp": "2026-07-31T10:10:20.379238Z", "level": "info", "logger": "django.server"}
{"event": "\"OPTIONS /conventions-selected/ HTTP/1.1\" 200 0", "timestamp": "2026-07-31T10:10:20.590714Z", "level": "info", "logger": "django.server"}
{"event": "\"POST /conventions-selected/ HTTP/1.1\" 200 4934", "timestamp": "2026-07-31T10:10:20.593849Z", "level": "info", "logger": "django.server"}
{"event": "\"OPTIONS /conventions-selected/ HTTP/1.1\" 200 0", "timestamp": "2026-07-31T10:10:20.801471Z", "level": "info", "logger": "django.server"}
{"event": "\"POST /conventions-selected/ HTTP/1.1\" 200 4934", "timestamp": "2026-07-31T10:10:20.805319Z", "level": "info", "logger": "django.server"}
{"event": "\"OPTIONS /conventions-selected/ HTTP/1.1\" 200 0", "timestamp": "2026-07-31T10:10:21.008466Z", "level": "info", "logger": "django.server"}
{"event": "\"POST /conventions-selected/ HTTP/1.1\" 200 4936", "timestamp": "2026-07-31T10:10:21.011837Z", "level": "info", "logger": "django.server"}
{"event": "\"OPTIONS /conventions-selected/ HTTP/1.1\" 200 0", "timestamp": "2026-07-31T10:10:21.217546Z", "level": "info", "logger": "django.server"}
{"event": "\"POST /conventions-selected/ HTTP/1.1\" 200 4934", "timestamp": "2026-07-31T10:10:21.220449Z", "level": "info", "logger": "django.server"}
{"event": "\"OPTIONS /conventions-selected/ HTTP/1.1\" 200 0", "timestamp": "2026-07-31T10:10:21.456373Z", "level": "info", "logger": "django.server"}
{"event": "\"POST /conventions-selected/ HTTP/1.1\" 200 4934", "timestamp": "2026-07-31T10:10:21.459825Z", "level": "info", "logger": "django.server"}
{"event": "\"OPTIONS /conventions-selected/ HTTP/1.1\" 200 0", "timestamp": "2026-07-31T10:10:21.677938Z", "level": "info", "logger": "django.server"}
{"event": "\"POST /conventions-selected/ HTTP/1.1\" 200 4936", "timestamp": "2026-07-31T10:10:21.681139Z", "level": "info", "logger": "django.server"}
{"event": "\"OPTIONS /conventions-selected/ HTTP/1.1\" 200 0", "timestamp": "2026-07-31T10:10:21.891784Z", "level": "info", "logger": "django.server"}
{"event": "\"POST /conventions-selected/ HTTP/1.1\" 200 4933", "timestamp": "2026-07-31T10:10:21.894884Z", "level": "info", "logger": "django.server"}
{"event": "\"OPTIONS /conventions-selected/ HTTP/1.1\" 200 0", "timestamp": "2026-07-31T10:10:22.083943Z", "level": "info", "logger": "django.server"}
{"event": "\"POST /conventions-selected/ HTTP/1.1\" 200 4934", "timestamp": "2026-07-31T10:10:22.087168Z", "level": "info", "logger": "django.server"}
{"event": "/home/jeff/projects/bridge/bidding-conventions-api/src/bidding_conventions/asptro.py changed, reloading.", "timestamp": "2026-07-31T10:12:23.005969Z", "level": "info", "logger": "django.utils.autoreload"}
{"event": "Watching for file changes with StatReloader", "timestamp": "2026-07-31T10:12:23.248369Z", "level": "info", "logger": "django.utils.autoreload"}
{"event": "\"OPTIONS /conventions-selected/ HTTP/1.1\" 200 0", "timestamp": "2026-07-31T10:12:24.334653Z", "level": "info", "logger": "django.server"}
{"event": "\"POST /conventions-selected/ HTTP/1.1\" 200 4918", "timestamp": "2026-07-31T10:12:24.338728Z", "level": "info", "logger": "django.server"}
{"event": "\"OPTIONS /conventions-selected/ HTTP/1.1\" 200 0", "timestamp": "2026-07-31T10:15:07.904581Z", "level": "info", "logger": "django.server"}
{"event": "\"POST /conventions-selected/ HTTP/1.1\" 200 4915", "timestamp": "2026-07-31T10:15:07.907740Z", "level": "info", "logger": "django.server"}
{"event": "\"OPTIONS /conventions-selected/ HTTP/1.1\" 200 0", "timestamp": "2026-07-31T10:17:23.462254Z", "level": "info", "logger": "django.server"}
{"event": "\"POST /conventions-selected/ HTTP/1.1\" 200 4916", "timestamp": "2026-07-31T10:17:23.465288Z", "level": "info", "logger": "django.server"}
{"event": "\"OPTIONS /conventions-selected/ HTTP/1.1\" 200 0", "timestamp": "2026-07-31T10:34:58.875868Z", "level": "info", "logger": "django.server"}
{"event": "\"POST /conventions-selected/ HTTP/1.1\" 200 4918", "timestamp": "2026-07-31T10:34:58.879569Z", "level": "info", "logger": "django.server"}
{"event": "/home/jeff/projects/bridge/bidding-conventions-api/src/bidding_conventions/asptro.py changed, reloading.", "timestamp": "2026-07-31T10:39:16.538943Z", "level": "info", "logger": "django.utils.autoreload"}
{"event": "Watching for file changes with StatReloader", "timestamp": "2026-07-31T10:39:16.782194Z", "level": "info", "logger": "django.utils.autoreload"}
{"event": "\"OPTIONS /conventions-selected/ HTTP/1.1\" 200 0", "timestamp": "2026-07-31T10:39:19.947749Z", "level": "info", "logger": "django.server"}
{"event": "Internal Server Error: /conventions-selected/", "exc_info": ["<class 'AttributeError'>", "AttributeError(\"'Dealer' object has no attribute 'get_set_hand'\")", "<traceback object at 0x7f967267f940>"], "timestamp": "2026-07-31T10:39:19.965996Z", "level": "error", "logger": "django.request"}
{"event": "\"POST /conventions-selected/ HTTP/1.1\" 500 111791", "timestamp": "2026-07-31T10:39:19.967237Z", "level": "error", "logger": "django.server"}
{"event": "/home/jeff/projects/bridge/bidding-conventions-api/src/bidding_conventions/asptro.py changed, reloading.", "timestamp": "2026-07-31T10:40:48.534880Z", "level": "info", "logger": "django.utils.autoreload"}
{"event": "Watching for file changes with StatReloader", "timestamp": "2026-07-31T10:40:48.774944Z", "level": "info", "logger": "django.utils.autoreload"}
{"event": "\"OPTIONS /conventions-selected/ HTTP/1.1\" 200 0", "timestamp": "2026-07-31T10:40:52.401918Z", "level": "info", "logger": "django.server"}
{"event": "Internal Server Error: /conventions-selected/", "exc_info": ["<class 'TypeError'>", "TypeError(\"object of type 'int' has no len()\")", "<traceback object at 0x7fc4605bca00>"], "timestamp": "2026-07-31T10:40:52.416438Z", "level": "error", "logger": "django.request"}
{"event": "\"POST /conventions-selected/ HTTP/1.1\" 500 119998", "timestamp": "2026-07-31T10:40:52.417838Z", "level": "error", "logger": "django.server"}
{"event": "/home/jeff/projects/bridge/bidding-conventions-api/src/bidding_conventions/asptro.py changed, reloading.", "timestamp": "2026-07-31T10:47:11.405653Z", "level": "info", "logger": "django.utils.autoreload"}
{"event": "Watching for file changes with StatReloader", "timestamp": "2026-07-31T10:47:11.663564Z", "level": "info", "logger": "django.utils.autoreload"}
{"event": "\"GET /static-data/ HTTP/1.1\" 200 909456", "timestamp": "2026-07-31T10:47:15.817932Z", "level": "info", "logger": "django.server"}
{"event": "\"GET //ensure-csrf/?_=1785494835812 HTTP/1.1\" 200 97", "timestamp": "2026-07-31T10:47:15.818189Z", "level": "info", "logger": "django.server"}
{"event": "\"OPTIONS /get-conventions/ HTTP/1.1\" 200 0", "timestamp": "2026-07-31T10:47:15.844075Z", "level": "info", "logger": "django.server"}
{"event": "\"POST /get-conventions/ HTTP/1.1\" 200 423", "timestamp": "2026-07-31T10:47:15.847957Z", "level": "info", "logger": "django.server"}
{"event": "\"OPTIONS /conventions-selected/ HTTP/1.1\" 200 0", "timestamp": "2026-07-31T10:47:24.134810Z", "level": "info", "logger": "django.server"}
{"event": "\"POST /conventions-selected/ HTTP/1.1\" 200 4951", "timestamp": "2026-07-31T10:47:24.148525Z", "level": "info", "logger": "django.server"}
{"event": "/home/jeff/projects/bfg/bfgdealer/src/bfgdealer/dealer_bidding.py changed, reloading.", "timestamp": "2026-07-31T10:58:55.326429Z", "level": "info", "logger": "django.utils.autoreload"}
{"event": "Watching for file changes with StatReloader", "timestamp": "2026-07-31T10:58:55.592913Z", "level": "info", "logger": "django.utils.autoreload"}
{"event": "/home/jeff/projects/bridge/bidding-conventions-api/src/bidding_conventions/asptro.py changed, reloading.", "timestamp": "2026-07-31T11:01:31.488825Z", "level": "info", "logger": "django.utils.autoreload"}
{"event": "Watching for file changes with StatReloader", "timestamp": "2026-07-31T11:01:31.728259Z", "level": "info", "logger": "django.utils.autoreload"}
{"event": "\"OPTIONS /conventions-selected/ HTTP/1.1\" 200 0", "timestamp": "2026-07-31T11:01:32.929106Z", "level": "info", "logger": "django.server"}
{"event": "Internal Server Error: /conventions-selected/", "exc_info": ["<class 'AttributeError'>", "AttributeError(\"'Hand' object has no attribute 'sorted_card_names'\")", "<traceback object at 0x7f182b0fae00>"], "timestamp": "2026-07-31T11:01:32.945737Z", "level": "error", "logger": "django.request"}
{"event": "\"POST /conventions-selected/ HTTP/1.1\" 500 109585", "timestamp": "2026-07-31T11:01:32.947120Z", "level": "error", "logger": "django.server"}
{"event": "/home/jeff/projects/bridge/bidding-conventions-api/src/bidding_conventions/hand.py changed, reloading.", "timestamp": "2026-07-31T11:04:59.791897Z", "level": "info", "logger": "django.utils.autoreload"}
{"event": "Watching for file changes with StatReloader", "timestamp": "2026-07-31T11:05:00.020246Z", "level": "info", "logger": "django.utils.autoreload"}
{"event": "/home/jeff/projects/bridge/bidding-conventions-api/src/bidding_conventions/hand.py changed, reloading.", "timestamp": "2026-07-31T11:06:06.667579Z", "level": "info", "logger": "django.utils.autoreload"}
{"event": "Watching for file changes with StatReloader", "timestamp": "2026-07-31T11:06:06.926806Z", "level": "info", "logger": "django.utils.autoreload"}
{"event": "/home/jeff/projects/bridge/bidding-conventions-api/src/bidding_conventions/hand.py changed, reloading.", "timestamp": "2026-07-31T11:07:38.717856Z", "level": "info", "logger": "django.utils.autoreload"}
{"event": "Watching for file changes with StatReloader", "timestamp": "2026-07-31T11:07:38.960302Z", "level": "info", "logger": "django.utils.autoreload"}
{"event": "/home/jeff/projects/bridge/bidding-conventions-api/src/bidding_conventions/hand.py changed, reloading.", "timestamp": "2026-07-31T11:09:04.691859Z", "level": "info", "logger": "django.utils.autoreload"}
{"event": "Watching for file changes with StatReloader", "timestamp": "2026-07-31T11:09:04.937974Z", "level": "info", "logger": "django.utils.autoreload"}
{"event": "/home/jeff/projects/bridge/bidding-conventions-api/src/bidding_conventions/asptro.py changed, reloading.", "timestamp": "2026-07-31T11:09:18.408874Z", "level": "info", "logger": "django.utils.autoreload"}
{"event": "Watching for file changes with StatReloader", "timestamp": "2026-07-31T11:09:18.647427Z", "level": "info", "logger": "django.utils.autoreload"}
{"event": "/home/jeff/projects/bridge/bidding-conventions-api/src/bidding_conventions/asptro.py changed, reloading.", "timestamp": "2026-07-31T11:10:05.252326Z", "level": "info", "logger": "django.utils.autoreload"}
{"event": "Watching for file changes with StatReloader", "timestamp": "2026-07-31T11:10:05.501168Z", "level": "info", "logger": "django.utils.autoreload"}
{"event": "\"OPTIONS /conventions-selected/ HTTP/1.1\" 200 0", "timestamp": "2026-07-31T15:44:09.574228Z", "level": "info", "logger": "django.server"}
{"event": "Internal Server Error: /conventions-selected/", "exc_info": ["<class 'TypeError'>", "TypeError(\"asptro_advancers_hand() missing 2 required positional arguments: 'holding' and 'points'\")", "<traceback object at 0x7fd07224ad00>"], "timestamp": "2026-07-31T15:44:09.595547Z", "level": "error", "logger": "django.request"}
{"event": "\"POST /conventions-selected/ HTTP/1.1\" 500 108373", "timestamp": "2026-07-31T15:44:09.596694Z", "level": "error", "logger": "django.server"}
{"event": "\"OPTIONS /conventions-selected/ HTTP/1.1\" 200 0", "timestamp": "2026-07-31T15:44:19.097492Z", "level": "info", "logger": "django.server"}
{"event": "Internal Server Error: /conventions-selected/", "exc_info": ["<class 'TypeError'>", "TypeError(\"asptro_advancers_hand() missing 2 required positional arguments: 'holding' and 'points'\")", "<traceback object at 0x7fd0720e3780>"], "timestamp": "2026-07-31T15:44:19.116449Z", "level": "error", "logger": "django.request"}
{"event": "\"POST /conventions-selected/ HTTP/1.1\" 500 108373", "timestamp": "2026-07-31T15:44:19.117886Z", "level": "error", "logger": "django.server"}
{"event": "/home/jeff/projects/bridge/bidding-conventions-api/src/bidding_conventions/asptro.py changed, reloading.", "timestamp": "2026-07-31T15:45:33.712514Z", "level": "info", "logger": "django.utils.autoreload"}
{"event": "Watching for file changes with StatReloader", "timestamp": "2026-07-31T15:45:33.965892Z", "level": "info", "logger": "django.utils.autoreload"}
{"event": "\"GET /static-data/ HTTP/1.1\" 200 909456", "timestamp": "2026-07-31T15:45:36.981841Z", "level": "info", "logger": "django.server"}
{"event": "\"GET //ensure-csrf/?_=1785512736976 HTTP/1.1\" 200 97", "timestamp": "2026-07-31T15:45:36.993672Z", "level": "info", "logger": "django.server"}
{"event": "\"OPTIONS /get-conventions/ HTTP/1.1\" 200 0", "timestamp": "2026-07-31T15:45:37.020766Z", "level": "info", "logger": "django.server"}
{"event": "\"POST /get-conventions/ HTTP/1.1\" 200 423", "timestamp": "2026-07-31T15:45:37.025444Z", "level": "info", "logger": "django.server"}
{"event": "\"OPTIONS /conventions-selected/ HTTP/1.1\" 200 0", "timestamp": "2026-07-31T15:45:40.198874Z", "level": "info", "logger": "django.server"}
{"event": "Internal Server Error: /conventions-selected/", "exc_info": ["<class 'AttributeError'>", "AttributeError(\"'AdvancersBid' object has no attribute '_random_holding'\")", "<traceback object at 0x7fc684991000>"], "timestamp": "2026-07-31T15:45:40.220841Z", "level": "error", "logger": "django.request"}
{"event": "\"POST /conventions-selected/ HTTP/1.1\" 500 108363", "timestamp": "2026-07-31T15:45:40.222049Z", "level": "error", "logger": "django.server"}
{"event": "/home/jeff/projects/bridge/bidding-conventions-api/src/bidding_conventions/asptro.py changed, reloading.", "timestamp": "2026-07-31T15:48:58.095936Z", "level": "info", "logger": "django.utils.autoreload"}
{"event": "Watching for file changes with StatReloader", "timestamp": "2026-07-31T15:48:58.327248Z", "level": "info", "logger": "django.utils.autoreload"}
{"event": "\"OPTIONS /conventions-selected/ HTTP/1.1\" 200 0", "timestamp": "2026-07-31T15:49:00.259762Z", "level": "info", "logger": "django.server"}
{"event": "Internal Server Error: /conventions-selected/", "exc_info": ["<class 'AttributeError'>", "AttributeError(\"'Hand' object has no attribute 'rotate_dealer_to'\")", "<traceback object at 0x7f24651bf580>"], "timestamp": "2026-07-31T15:49:00.279281Z", "level": "error", "logger": "django.request"}
{"event": "\"POST /conventions-selected/ HTTP/1.1\" 500 108774", "timestamp": "2026-07-31T15:49:00.280533Z", "level": "error", "logger": "django.server"}
{"event": "/home/jeff/projects/bridge/bidding-conventions-api/src/bidding_conventions/asptro.py changed, reloading.", "timestamp": "2026-07-31T15:49:39.921417Z", "level": "info", "logger": "django.utils.autoreload"}
{"event": "Watching for file changes with StatReloader", "timestamp": "2026-07-31T15:49:40.163553Z", "level": "info", "logger": "django.utils.autoreload"}
{"event": "\"OPTIONS /conventions-selected/ HTTP/1.1\" 200 0", "timestamp": "2026-07-31T15:49:45.925854Z", "level": "info", "logger": "django.server"}
{"event": "Internal Server Error: /conventions-selected/", "exc_info": ["<class 'AttributeError'>", "AttributeError(\"'Hand' object has no attribute 'hands'\")", "<traceback object at 0x7f15f3296b80>"], "timestamp": "2026-07-31T15:49:45.944042Z", "level": "error", "logger": "django.request"}
{"event": "\"POST /conventions-selected/ HTTP/1.1\" 500 108744", "timestamp": "2026-07-31T15:49:45.945276Z", "level": "error", "logger": "django.server"}
{"event": "/home/jeff/projects/bridge/bidding-conventions-api/src/bidding_conventions/asptro.py changed, reloading.", "timestamp": "2026-07-31T15:50:11.756920Z", "level": "info", "logger": "django.utils.autoreload"}
{"event": "Watching for file changes with StatReloader", "timestamp": "2026-07-31T15:50:12.005104Z", "level": "info", "logger": "django.utils.autoreload"}
{"event": "\"OPTIONS /conventions-selected/ HTTP/1.1\" 200 0", "timestamp": "2026-07-31T15:50:13.565245Z", "level": "info", "logger": "django.server"}
{"event": "Internal Server Error: /conventions-selected/", "exc_info": ["<class 'NameError'>", "NameError(\"name 'advancers_hand' is not defined\")", "<traceback object at 0x7f2fd68e48c0>"], "timestamp": "2026-07-31T15:50:13.581944Z", "level": "error", "logger": "django.request"}
{"event": "\"POST /conventions-selected/ HTTP/1.1\" 500 108758", "timestamp": "2026-07-31T15:50:13.583211Z", "level": "error", "logger": "django.server"}
{"event": "/home/jeff/projects/bridge/bidding-conventions-api/src/bidding_conventions/asptro.py changed, reloading.", "timestamp": "2026-07-31T15:50:49.599835Z", "level": "info", "logger": "django.utils.autoreload"}
{"event": "Watching for file changes with StatReloader", "timestamp": "2026-07-31T15:50:49.843017Z", "level": "info", "logger": "django.utils.autoreload"}
{"event": "\"OPTIONS /conventions-selected/ HTTP/1.1\" 200 0", "timestamp": "2026-07-31T15:50:52.277813Z", "level": "info", "logger": "django.server"}
{"event": "Internal Server Error: /conventions-selected/", "exc_info": ["<class 'NameError'>", "NameError(\"name 'advancers_hand' is not defined\")", "<traceback object at 0x7f11853ba640>"], "timestamp": "2026-07-31T15:50:52.295279Z", "level": "error", "logger": "django.request"}
{"event": "\"POST /conventions-selected/ HTTP/1.1\" 500 109667", "timestamp": "2026-07-31T15:50:52.296524Z", "level": "error", "logger": "django.server"}
{"event": "/home/jeff/projects/bridge/bidding-conventions-api/src/bidding_conventions/asptro.py changed, reloading.", "timestamp": "2026-07-31T15:51:47.499952Z", "level": "info", "logger": "django.utils.autoreload"}
{"event": "Watching for file changes with StatReloader", "timestamp": "2026-07-31T15:51:47.741156Z", "level": "info", "logger": "django.utils.autoreload"}
{"event": "\"OPTIONS /conventions-selected/ HTTP/1.1\" 200 0", "timestamp": "2026-07-31T15:51:49.158663Z", "level": "info", "logger": "django.server"}
{"event": "Internal Server Error: /conventions-selected/", "exc_info": ["<class 'NameError'>", "NameError(\"name 'hcp' is not defined\")", "<traceback object at 0x7f503c859580>"], "timestamp": "2026-07-31T15:51:49.185989Z", "level": "error", "logger": "django.request"}
{"event": "\"POST /conventions-selected/ HTTP/1.1\" 500 109755", "timestamp": "2026-07-31T15:51:49.187516Z", "level": "error", "logger": "django.server"}
{"event": "\"OPTIONS /conventions-selected/ HTTP/1.1\" 200 0", "timestamp": "2026-07-31T15:52:06.916946Z", "level": "info", "logger": "django.server"}
{"event": "Internal Server Error: /conventions-selected/", "exc_info": ["<class 'NameError'>", "NameError(\"name 'hcp' is not defined\")", "<traceback object at 0x7f503c85b3c0>"], "timestamp": "2026-07-31T15:52:06.934648Z", "level": "error", "logger": "django.request"}
{"event": "\"POST /conventions-selected/ HTTP/1.1\" 500 109769", "timestamp": "2026-07-31T15:52:06.935640Z", "level": "error", "logger": "django.server"}
{"event": "/home/jeff/projects/bridge/bidding-conventions-api/src/bidding_conventions/asptro.py changed, reloading.", "timestamp": "2026-07-31T15:52:07.287284Z", "level": "info", "logger": "django.utils.autoreload"}
{"event": "Watching for file changes with StatReloader", "timestamp": "2026-07-31T15:52:07.521889Z", "level": "info", "logger": "django.utils.autoreload"}
{"event": "\"OPTIONS /conventions-selected/ HTTP/1.1\" 200 0", "timestamp": "2026-07-31T15:52:10.664173Z", "level": "info", "logger": "django.server"}
{"event": "Internal Server Error: /conventions-selected/", "exc_info": ["<class 'NameError'>", "NameError(\"name 'advancers_hand' is not defined\")", "<traceback object at 0x7f68236c4240>"], "timestamp": "2026-07-31T15:52:10.683626Z", "level": "error", "logger": "django.request"}
{"event": "\"POST /conventions-selected/ HTTP/1.1\" 500 109945", "timestamp": "2026-07-31T15:52:10.684850Z", "level": "error", "logger": "django.server"}
{"event": "/home/jeff/projects/bridge/bidding-conventions-api/src/bidding_conventions/asptro.py changed, reloading.", "timestamp": "2026-07-31T15:52:24.062103Z", "level": "info", "logger": "django.utils.autoreload"}
{"event": "Watching for file changes with StatReloader", "timestamp": "2026-07-31T15:52:24.298063Z", "level": "info", "logger": "django.utils.autoreload"}
{"event": "\"OPTIONS /conventions-selected/ HTTP/1.1\" 200 0", "timestamp": "2026-07-31T15:52:26.274069Z", "level": "info", "logger": "django.server"}
{"event": "\"POST /conventions-selected/ HTTP/1.1\" 200 5041", "timestamp": "2026-07-31T15:52:26.287681Z", "level": "info", "logger": "django.server"}
{"event": "/home/jeff/projects/bridge/bidding-conventions-api/src/bidding_conventions/hand.py changed, reloading.", "timestamp": "2026-07-31T15:54:44.211867Z", "level": "info", "logger": "django.utils.autoreload"}
{"event": "Watching for file changes with StatReloader", "timestamp": "2026-07-31T15:54:44.454157Z", "level": "info", "logger": "django.utils.autoreload"}
{"event": "\"OPTIONS /conventions-selected/ HTTP/1.1\" 200 0", "timestamp": "2026-07-31T15:54:46.584070Z", "level": "info", "logger": "django.server"}
{"event": "Internal Server Error: /conventions-selected/", "exc_info": ["<class 'NameError'>", "NameError(\"name 'SEATS' is not defined\")", "<traceback object at 0x7f6b63e73600>"], "timestamp": "2026-07-31T15:54:46.607807Z", "level": "error", "logger": "django.request"}
{"event": "\"POST /conventions-selected/ HTTP/1.1\" 500 113196", "timestamp": "2026-07-31T15:54:46.609019Z", "level": "error", "logger": "django.server"}
{"event": "/home/jeff/projects/bridge/bidding-conventions-api/src/bidding_conventions/hand.py changed, reloading.", "timestamp": "2026-07-31T15:54:58.984687Z", "level": "info", "logger": "django.utils.autoreload"}
{"event": "Watching for file changes with StatReloader", "timestamp": "2026-07-31T15:54:59.247149Z", "level": "info", "logger": "django.utils.autoreload"}
{"event": "\"OPTIONS /conventions-selected/ HTTP/1.1\" 200 0", "timestamp": "2026-07-31T15:55:01.463014Z", "level": "info", "logger": "django.server"}
{"event": "Internal Server Error: /conventions-selected/", "exc_info": ["<class 'AttributeError'>", "AttributeError(\"'Hand' object has no attribute 'sorted_card_names'\")", "<traceback object at 0x7fe1c83771c0>"], "timestamp": "2026-07-31T15:55:01.484610Z", "level": "error", "logger": "django.request"}
{"event": "\"POST /conventions-selected/ HTTP/1.1\" 500 113644", "timestamp": "2026-07-31T15:55:01.485995Z", "level": "error", "logger": "django.server"}
{"event": "/home/jeff/projects/bridge/bidding-conventions-api/src/bidding_conventions/hand.py changed, reloading.", "timestamp": "2026-07-31T15:55:32.810322Z", "level": "info", "logger": "django.utils.autoreload"}
{"event": "Watching for file changes with StatReloader", "timestamp": "2026-07-31T15:55:33.070317Z", "level": "info", "logger": "django.utils.autoreload"}
{"event": "\"OPTIONS /conventions-selected/ HTTP/1.1\" 200 0", "timestamp": "2026-07-31T15:55:36.703799Z", "level": "info", "logger": "django.server"}
{"event": "Internal Server Error: /conventions-selected/", "exc_info": ["<class 'AttributeError'>", "AttributeError(\"'Hand' object has no attribute 'pbn'\")", "<traceback object at 0x7fca66687f40>"], "timestamp": "2026-07-31T15:55:36.734856Z", "level": "error", "logger": "django.request"}
{"event": "\"POST /conventions-selected/ HTTP/1.1\" 500 113532", "timestamp": "2026-07-31T15:55:36.736281Z", "level": "error", "logger": "django.server"}
{"event": "/home/jeff/projects/bridge/bidding-conventions-api/src/bidding_conventions/hand.py changed, reloading.", "timestamp": "2026-07-31T15:57:14.863968Z", "level": "info", "logger": "django.utils.autoreload"}
{"event": "Watching for file changes with StatReloader", "timestamp": "2026-07-31T15:57:15.119229Z", "level": "info", "logger": "django.utils.autoreload"}
{"event": "\"GET /static-data/ HTTP/1.1\" 200 909456", "timestamp": "2026-07-31T15:57:20.117494Z", "level": "info", "logger": "django.server"}
{"event": "\"GET //ensure-csrf/?_=1785513440109 HTTP/1.1\" 200 97", "timestamp": "2026-07-31T15:57:20.117741Z", "level": "info", "logger": "django.server"}
{"event": "\"OPTIONS /get-conventions/ HTTP/1.1\" 200 0", "timestamp": "2026-07-31T15:57:20.153754Z", "level": "info", "logger": "django.server"}
{"event": "\"POST /get-conventions/ HTTP/1.1\" 200 423", "timestamp": "2026-07-31T15:57:20.156836Z", "level": "info", "logger": "django.server"}
{"event": "\"OPTIONS /conventions-selected/ HTTP/1.1\" 200 0", "timestamp": "2026-07-31T15:57:22.205672Z", "level": "info", "logger": "django.server"}
{"event": "\"POST /conventions-selected/ HTTP/1.1\" 200 5039", "timestamp": "2026-07-31T15:57:22.219627Z", "level": "info", "logger": "django.server"}
{"event": "/home/jeff/projects/bridge/bidding-conventions-api/src/bidding_conventions/hand.py changed, reloading.", "timestamp": "2026-07-31T15:59:42.036516Z", "level": "info", "logger": "django.utils.autoreload"}
{"event": "Watching for file changes with StatReloader", "timestamp": "2026-07-31T15:59:42.267849Z", "level": "info", "logger": "django.utils.autoreload"}
{"event": "\"OPTIONS /conventions-selected/ HTTP/1.1\" 200 0", "timestamp": "2026-07-31T15:59:44.258023Z", "level": "info", "logger": "django.server"}
{"event": "\"POST /conventions-selected/ HTTP/1.1\" 200 5040", "timestamp": "2026-07-31T15:59:44.277392Z", "level": "info", "logger": "django.server"}
{"event": "/home/jeff/projects/bridge/bidding-conventions-api/src/bidding_conventions/hand.py changed, reloading.", "timestamp": "2026-07-31T16:02:11.183008Z", "level": "info", "logger": "django.utils.autoreload"}
{"event": "Watching for file changes with StatReloader", "timestamp": "2026-07-31T16:02:11.412230Z", "level": "info", "logger": "django.utils.autoreload"}
{"event": "\"OPTIONS /conventions-selected/ HTTP/1.1\" 200 0", "timestamp": "2026-07-31T16:02:12.814343Z", "level": "info", "logger": "django.server"}
{"event": "Internal Server Error: /conventions-selected/", "exc_info": ["<class 'AttributeError'>", "AttributeError(\"'Hand' object has no attribute 'sorted_card_names'\")", "<traceback object at 0x7f2c501273c0>"], "timestamp": "2026-07-31T16:02:12.854130Z", "level": "error", "logger": "django.request"}
{"event": "\"POST /conventions-selected/ HTTP/1.1\" 500 113319", "timestamp": "2026-07-31T16:02:12.855617Z", "level": "error", "logger": "django.server"}
{"event": "/home/jeff/projects/bridge/bidding-conventions-api/src/bidding_conventions/hand.py changed, reloading.", "timestamp": "2026-07-31T16:02:23.942271Z", "level": "info", "logger": "django.utils.autoreload"}
{"event": "Watching for file changes with StatReloader", "timestamp": "2026-07-31T16:02:24.172967Z", "level": "info", "logger": "django.utils.autoreload"}
{"event": "\"OPTIONS /conventions-selected/ HTTP/1.1\" 200 0", "timestamp": "2026-07-31T16:02:26.052833Z", "level": "info", "logger": "django.server"}
{"event": "\"POST /conventions-selected/ HTTP/1.1\" 200 5040", "timestamp": "2026-07-31T16:02:26.063648Z", "level": "info", "logger": "django.server"}
{"event": "/home/jeff/projects/bridge/bidding-conventions-api/src/bidding_conventions/hand.py changed, reloading.", "timestamp": "2026-07-31T16:06:02.305578Z", "level": "info", "logger": "django.utils.autoreload"}
{"event": "Watching for file changes with StatReloader", "timestamp": "2026-07-31T16:06:02.556837Z", "level": "info", "logger": "django.utils.autoreload"}
{"event": "/home/jeff/projects/bridge/bidding-conventions-api/src/bidding_conventions/hand.py changed, reloading.", "timestamp": "2026-07-31T16:06:39.127880Z", "level": "info", "logger": "django.utils.autoreload"}
{"event": "Watching for file changes with StatReloader", "timestamp": "2026-07-31T16:06:39.377870Z", "level": "info", "logger": "django.utils.autoreload"}
{"event": "/home/jeff/projects/bridge/bidding-conventions-api/src/bidding_conventions/asptro.py changed, reloading.", "timestamp": "2026-07-31T16:06:50.894329Z", "level": "info", "logger": "django.utils.autoreload"}
{"event": "Watching for file changes with StatReloader", "timestamp": "2026-07-31T16:06:51.137073Z", "level": "info", "logger": "django.utils.autoreload"}
{"event": "\"OPTIONS /conventions-selected/ HTTP/1.1\" 200 0", "timestamp": "2026-07-31T16:06:54.339681Z", "level": "info", "logger": "django.server"}
{"event": "\"POST /conventions-selected/ HTTP/1.1\" 200 4918", "timestamp": "2026-07-31T16:06:54.345171Z", "level": "info", "logger": "django.server"}
{"event": "\"OPTIONS /conventions-selected/ HTTP/1.1\" 200 0", "timestamp": "2026-07-31T16:07:41.852136Z", "level": "info", "logger": "django.server"}
{"event": "\"POST /conventions-selected/ HTTP/1.1\" 200 4917", "timestamp": "2026-07-31T16:07:41.856088Z", "level": "info", "logger": "django.server"}
{"event": "/home/jeff/projects/bridge/bidding-conventions-api/src/bidding_conventions/hand.py changed, reloading.", "timestamp": "2026-07-31T16:08:26.919924Z", "level": "info", "logger": "django.utils.autoreload"}
{"event": "Watching for file changes with StatReloader", "timestamp": "2026-07-31T16:08:27.179132Z", "level": "info", "logger": "django.utils.autoreload"}
{"event": "\"OPTIONS /conventions-selected/ HTTP/1.1\" 200 0", "timestamp": "2026-07-31T16:08:29.576508Z", "level": "info", "logger": "django.server"}
{"event": "\"POST /conventions-selected/ HTTP/1.1\" 200 4918", "timestamp": "2026-07-31T16:08:29.581920Z", "level": "info", "logger": "django.server"}
{"event": "/home/jeff/projects/bridge/bidding-conventions-api/src/bidding_conventions/hand.py changed, reloading.", "timestamp": "2026-07-31T16:09:13.777169Z", "level": "info", "logger": "django.utils.autoreload"}
{"event": "Watching for file changes with StatReloader", "timestamp": "2026-07-31T16:09:14.002940Z", "level": "info", "logger": "django.utils.autoreload"}
{"event": "\"OPTIONS /conventions-selected/ HTTP/1.1\" 200 0", "timestamp": "2026-07-31T16:09:16.559035Z", "level": "info", "logger": "django.server"}
{"event": "\"POST /conventions-selected/ HTTP/1.1\" 200 4918", "timestamp": "2026-07-31T16:09:16.563751Z", "level": "info", "logger": "django.server"}
{"event": "/home/jeff/projects/bridge/bidding-conventions-api/src/bidding_conventions/hand.py changed, reloading.", "timestamp": "2026-07-31T16:10:19.669968Z", "level": "info", "logger": "django.utils.autoreload"}
{"event": "Watching for file changes with StatReloader", "timestamp": "2026-07-31T16:10:19.916704Z", "level": "info", "logger": "django.utils.autoreload"}
{"event": "\"OPTIONS /conventions-selected/ HTTP/1.1\" 200 0", "timestamp": "2026-07-31T16:10:21.759463Z", "level": "info", "logger": "django.server"}
{"event": "\"POST /conventions-selected/ HTTP/1.1\" 200 4918", "timestamp": "2026-07-31T16:10:21.764946Z", "level": "info", "logger": "django.server"}
{"event": "\"OPTIONS /conventions-selected/ HTTP/1.1\" 200 0", "timestamp": "2026-07-31T16:10:27.633246Z", "level": "info", "logger": "django.server"}
{"event": "\"POST /conventions-selected/ HTTP/1.1\" 200 4916", "timestamp": "2026-07-31T16:10:27.637246Z", "level": "info", "logger": "django.server"}
{"event": "\"OPTIONS /conventions-selected/ HTTP/1.1\" 200 0", "timestamp": "2026-07-31T16:10:29.084104Z", "level": "info", "logger": "django.server"}
{"event": "\"POST /conventions-selected/ HTTP/1.1\" 200 4916", "timestamp": "2026-07-31T16:10:29.087311Z", "level": "info", "logger": "django.server"}
{"event": "\"OPTIONS /conventions-selected/ HTTP/1.1\" 200 0", "timestamp": "2026-07-31T16:10:29.694155Z", "level": "info", "logger": "django.server"}
{"event": "\"POST /conventions-selected/ HTTP/1.1\" 200 4918", "timestamp": "2026-07-31T16:10:29.697985Z", "level": "info", "logger": "django.server"}
{"event": "\"OPTIONS /conventions-selected/ HTTP/1.1\" 200 0", "timestamp": "2026-07-31T16:10:30.112923Z", "level": "info", "logger": "django.server"}
{"event": "\"POST /conventions-selected/ HTTP/1.1\" 200 4915", "timestamp": "2026-07-31T16:10:30.117621Z", "level": "info", "logger": "django.server"}
{"event": "\"OPTIONS /conventions-selected/ HTTP/1.1\" 200 0", "timestamp": "2026-07-31T16:10:30.337781Z", "level": "info", "logger": "django.server"}
{"event": "\"POST /conventions-selected/ HTTP/1.1\" 200 4916", "timestamp": "2026-07-31T16:10:30.342175Z", "level": "info", "logger": "django.server"}
{"event": "\"OPTIONS /conventions-selected/ HTTP/1.1\" 200 0", "timestamp": "2026-07-31T16:10:30.573146Z", "level": "info", "logger": "django.server"}
{"event": "\"POST /conventions-selected/ HTTP/1.1\" 200 4917", "timestamp": "2026-07-31T16:10:30.576573Z", "level": "info", "logger": "django.server"}
{"event": "\"OPTIONS /conventions-selected/ HTTP/1.1\" 200 0", "timestamp": "2026-07-31T16:10:30.769002Z", "level": "info", "logger": "django.server"}
{"event": "\"POST /conventions-selected/ HTTP/1.1\" 200 4918", "timestamp": "2026-07-31T16:10:30.773069Z", "level": "info", "logger": "django.server"}
{"event": "\"OPTIONS /conventions-selected/ HTTP/1.1\" 200 0", "timestamp": "2026-07-31T16:10:30.977819Z", "level": "info", "logger": "django.server"}
{"event": "\"POST /conventions-selected/ HTTP/1.1\" 200 4916", "timestamp": "2026-07-31T16:10:30.981043Z", "level": "info", "logger": "django.server"}
{"event": "\"OPTIONS /conventions-selected/ HTTP/1.1\" 200 0", "timestamp": "2026-07-31T16:11:30.346456Z", "level": "info", "logger": "django.server"}
{"event": "\"POST /conventions-selected/ HTTP/1.1\" 200 4918", "timestamp": "2026-07-31T16:11:30.349586Z", "level": "info", "logger": "django.server"}
{"event": "/home/jeff/projects/bridge/bidding-conventions-api/src/bidding_conventions/hand.py changed, reloading.", "timestamp": "2026-07-31T16:11:30.595113Z", "level": "info", "logger": "django.utils.autoreload"}
{"event": "Watching for file changes with StatReloader", "timestamp": "2026-07-31T16:11:30.828266Z", "level": "info", "logger": "django.utils.autoreload"}
{"event": "\"OPTIONS /conventions-selected/ HTTP/1.1\" 200 0", "timestamp": "2026-07-31T16:11:33.200154Z", "level": "info", "logger": "django.server"}
{"event": "\"POST /conventions-selected/ HTTP/1.1\" 200 4919", "timestamp": "2026-07-31T16:11:33.206557Z", "level": "info", "logger": "django.server"}
{"event": "\"OPTIONS /conventions-selected/ HTTP/1.1\" 200 0", "timestamp": "2026-07-31T16:11:39.554702Z", "level": "info", "logger": "django.server"}
{"event": "\"POST /conventions-selected/ HTTP/1.1\" 200 4916", "timestamp": "2026-07-31T16:11:39.559308Z", "level": "info", "logger": "django.server"}
{"event": "\"OPTIONS /conventions-selected/ HTTP/1.1\" 200 0", "timestamp": "2026-07-31T16:11:41.898701Z", "level": "info", "logger": "django.server"}
{"event": "\"POST /conventions-selected/ HTTP/1.1\" 200 4916", "timestamp": "2026-07-31T16:11:41.903801Z", "level": "info", "logger": "django.server"}
{"event": "/home/jeff/projects/bridge/bidding-conventions-api/src/bidding_conventions/hand.py changed, reloading.", "timestamp": "2026-07-31T16:32:49.182066Z", "level": "info", "logger": "django.utils.autoreload"}
{"event": "Watching for file changes with StatReloader", "timestamp": "2026-07-31T16:32:49.424820Z", "level": "info", "logger": "django.utils.autoreload"}
{"event": "/home/jeff/projects/bridge/bidding-conventions-api/src/bidding_conventions/hand.py changed, reloading.", "timestamp": "2026-07-31T16:34:55.269672Z", "level": "info", "logger": "django.utils.autoreload"}
{"event": "Watching for file changes with StatReloader", "timestamp": "2026-07-31T16:34:55.504126Z", "level": "info", "logger": "django.utils.autoreload"}
{"event": "/home/jeff/projects/bfg/bfgdealer/src/bfgdealer/dealer_bidding.py changed, reloading.", "timestamp": "2026-07-31T16:35:30.054912Z", "level": "info", "logger": "django.utils.autoreload"}
{"event": "Watching for file changes with StatReloader", "timestamp": "2026-07-31T16:35:30.288710Z", "level": "info", "logger": "django.utils.autoreload"}
{"event": "\"OPTIONS /conventions-selected/ HTTP/1.1\" 200 0", "timestamp": "2026-07-31T16:35:42.971502Z", "level": "info", "logger": "django.server"}
{"event": "\"POST /conventions-selected/ HTTP/1.1\" 200 4917", "timestamp": "2026-07-31T16:35:42.976672Z", "level": "info", "logger": "django.server"}
{"event": "\"OPTIONS /conventions-selected/ HTTP/1.1\" 200 0", "timestamp": "2026-07-31T16:36:07.379715Z", "level": "info", "logger": "django.server"}
{"event": "\"POST /conventions-selected/ HTTP/1.1\" 200 4915", "timestamp": "2026-07-31T16:36:07.382975Z", "level": "info", "logger": "django.server"}
{"event": "\"OPTIONS /conventions-selected/ HTTP/1.1\" 200 0", "timestamp": "2026-07-31T16:36:08.691943Z", "level": "info", "logger": "django.server"}
{"event": "\"POST /conventions-selected/ HTTP/1.1\" 200 4916", "timestamp": "2026-07-31T16:36:08.694990Z", "level": "info", "logger": "django.server"}
{"event": "\"OPTIONS /conventions-selected/ HTTP/1.1\" 200 0", "timestamp": "2026-07-31T16:36:10.137874Z", "level": "info", "logger": "django.server"}
{"event": "\"POST /conventions-selected/ HTTP/1.1\" 200 4917", "timestamp": "2026-07-31T16:36:10.141043Z", "level": "info", "logger": "django.server"}
{"event": "\"OPTIONS /conventions-selected/ HTTP/1.1\" 200 0", "timestamp": "2026-07-31T16:36:11.511994Z", "level": "info", "logger": "django.server"}
{"event": "\"POST /conventions-selected/ HTTP/1.1\" 200 4916", "timestamp": "2026-07-31T16:36:11.515163Z", "level": "info", "logger": "django.server"}
{"event": "\"OPTIONS /conventions-selected/ HTTP/1.1\" 200 0", "timestamp": "2026-07-31T16:36:14.320875Z", "level": "info", "logger": "django.server"}
{"event": "\"POST /conventions-selected/ HTTP/1.1\" 200 4916", "timestamp": "2026-07-31T16:36:14.323786Z", "level": "info", "logger": "django.server"}
{"event": "\"OPTIONS /conventions-selected/ HTTP/1.1\" 200 0", "timestamp": "2026-07-31T16:36:17.049650Z", "level": "info", "logger": "django.server"}
{"event": "\"POST /conventions-selected/ HTTP/1.1\" 200 4918", "timestamp": "2026-07-31T16:36:17.053172Z", "level": "info", "logger": "django.server"}
{"event": "\"OPTIONS /conventions-selected/ HTTP/1.1\" 200 0", "timestamp": "2026-07-31T16:36:18.449549Z", "level": "info", "logger": "django.server"}
{"event": "\"POST /conventions-selected/ HTTP/1.1\" 200 4918", "timestamp": "2026-07-31T16:36:18.452501Z", "level": "info", "logger": "django.server"}
{"event": "\"OPTIONS /conventions-selected/ HTTP/1.1\" 200 0", "timestamp": "2026-07-31T16:36:19.074436Z", "level": "info", "logger": "django.server"}
{"event": "\"POST /conventions-selected/ HTTP/1.1\" 200 4916", "timestamp": "2026-07-31T16:36:19.077361Z", "level": "info", "logger": "django.server"}
{"event": "\"OPTIONS /conventions-selected/ HTTP/1.1\" 200 0", "timestamp": "2026-07-31T16:36:20.330063Z", "level": "info", "logger": "django.server"}
{"event": "\"POST /conventions-selected/ HTTP/1.1\" 200 4918", "timestamp": "2026-07-31T16:36:20.333542Z", "level": "info", "logger": "django.server"}
{"event": "\"OPTIONS /conventions-selected/ HTTP/1.1\" 200 0", "timestamp": "2026-07-31T16:36:32.404501Z", "level": "info", "logger": "django.server"}
{"event": "\"POST /conventions-selected/ HTTP/1.1\" 200 4917", "timestamp": "2026-07-31T16:36:32.407475Z", "level": "info", "logger": "django.server"}
{"event": "\"OPTIONS /conventions-selected/ HTTP/1.1\" 200 0", "timestamp": "2026-07-31T16:36:34.732252Z", "level": "info", "logger": "django.server"}
{"event": "\"POST /conventions-selected/ HTTP/1.1\" 200 4916", "timestamp": "2026-07-31T16:36:34.735469Z", "level": "info", "logger": "django.server"}
{"event": "\"OPTIONS /conventions-selected/ HTTP/1.1\" 200 0", "timestamp": "2026-07-31T16:36:36.464384Z", "level": "info", "logger": "django.server"}
{"event": "\"POST /conventions-selected/ HTTP/1.1\" 200 4918", "timestamp": "2026-07-31T16:36:36.467587Z", "level": "info", "logger": "django.server"}
{"event": "\"OPTIONS /conventions-selected/ HTTP/1.1\" 200 0", "timestamp": "2026-07-31T16:36:38.667570Z", "level": "info", "logger": "django.server"}
{"event": "\"POST /conventions-selected/ HTTP/1.1\" 200 4918", "timestamp": "2026-07-31T16:36:38.671483Z", "level": "info", "logger": "django.server"}
{"event": "\"OPTIONS /conventions-selected/ HTTP/1.1\" 200 0", "timestamp": "2026-07-31T16:36:42.380380Z", "level": "info", "logger": "django.server"}
{"event": "\"POST /conventions-selected/ HTTP/1.1\" 200 4916", "timestamp": "2026-07-31T16:36:42.383535Z", "level": "info", "logger": "django.server"}
{"event": "\"OPTIONS /conventions-selected/ HTTP/1.1\" 200 0", "timestamp": "2026-07-31T16:36:51.284871Z", "level": "info", "logger": "django.server"}
{"event": "\"POST /conventions-selected/ HTTP/1.1\" 200 4916", "timestamp": "2026-07-31T16:36:51.288693Z", "level": "info", "logger": "django.server"}
{"event": "\"OPTIONS /conventions-selected/ HTTP/1.1\" 200 0", "timestamp": "2026-07-31T16:36:52.394320Z", "level": "info", "logger": "django.server"}
{"event": "\"POST /conventions-selected/ HTTP/1.1\" 200 4917", "timestamp": "2026-07-31T16:36:52.397878Z", "level": "info", "logger": "django.server"}
{"event": "\"OPTIONS /conventions-selected/ HTTP/1.1\" 200 0", "timestamp": "2026-07-31T16:36:55.590959Z", "level": "info", "logger": "django.server"}
{"event": "\"POST /conventions-selected/ HTTP/1.1\" 200 4916", "timestamp": "2026-07-31T16:36:55.593915Z", "level": "info", "logger": "django.server"}
{"event": "\"OPTIONS /conventions-selected/ HTTP/1.1\" 200 0", "timestamp": "2026-07-31T16:36:57.864205Z", "level": "info", "logger": "django.server"}
{"event": "\"POST /conventions-selected/ HTTP/1.1\" 200 4916", "timestamp": "2026-07-31T16:36:57.867453Z", "level": "info", "logger": "django.server"}
{"event": "\"OPTIONS /conventions-selected/ HTTP/1.1\" 200 0", "timestamp": "2026-07-31T16:37:04.462236Z", "level": "info", "logger": "django.server"}
{"event": "\"POST /conventions-selected/ HTTP/1.1\" 200 4918", "timestamp": "2026-07-31T16:37:04.466343Z", "level": "info", "logger": "django.server"}
{"event": "\"OPTIONS /conventions-selected/ HTTP/1.1\" 200 0", "timestamp": "2026-07-31T16:37:18.729161Z", "level": "info", "logger": "django.server"}
{"event": "\"POST /conventions-selected/ HTTP/1.1\" 200 4915", "timestamp": "2026-07-31T16:37:18.732547Z", "level": "info", "logger": "django.server"}
{"event": "\"OPTIONS /conventions-selected/ HTTP/1.1\" 200 0", "timestamp": "2026-07-31T16:37:30.469932Z", "level": "info", "logger": "django.server"}
{"event": "\"POST /conventions-selected/ HTTP/1.1\" 200 4916", "timestamp": "2026-07-31T16:37:30.475328Z", "level": "info", "logger": "django.server"}
{"event": "\"OPTIONS /conventions-selected/ HTTP/1.1\" 200 0", "timestamp": "2026-07-31T16:38:00.943508Z", "level": "info", "logger": "django.server"}
{"event": "\"POST /conventions-selected/ HTTP/1.1\" 200 4918", "timestamp": "2026-07-31T16:38:00.951198Z", "level": "info", "logger": "django.server"}
{"event": "\"OPTIONS /conventions-selected/ HTTP/1.1\" 200 0", "timestamp": "2026-07-31T16:38:02.432379Z", "level": "info", "logger": "django.server"}
{"event": "\"POST /conventions-selected/ HTTP/1.1\" 200 4918", "timestamp": "2026-07-31T16:38:02.435903Z", "level": "info", "logger": "django.server"}
{"event": "\"OPTIONS /conventions-selected/ HTTP/1.1\" 200 0", "timestamp": "2026-07-31T16:38:05.058270Z", "level": "info", "logger": "django.server"}
{"event": "\"POST /conventions-selected/ HTTP/1.1\" 200 4915", "timestamp": "2026-07-31T16:38:05.061418Z", "level": "info", "logger": "django.server"}
{"event": "\"OPTIONS /conventions-selected/ HTTP/1.1\" 200 0", "timestamp": "2026-07-31T16:38:07.444586Z", "level": "info", "logger": "django.server"}
{"event": "\"POST /conventions-selected/ HTTP/1.1\" 200 4918", "timestamp": "2026-07-31T16:38:07.448350Z", "level": "info", "logger": "django.server"}
{"event": "\"OPTIONS /conventions-selected/ HTTP/1.1\" 200 0", "timestamp": "2026-07-31T16:38:10.603931Z", "level": "info", "logger": "django.server"}
{"event": "\"POST /conventions-selected/ HTTP/1.1\" 200 4918", "timestamp": "2026-07-31T16:38:10.608295Z", "level": "info", "logger": "django.server"}
{"event": "\"OPTIONS /conventions-selected/ HTTP/1.1\" 200 0", "timestamp": "2026-07-31T16:38:14.218653Z", "level": "info", "logger": "django.server"}
{"event": "\"POST /conventions-selected/ HTTP/1.1\" 200 4915", "timestamp": "2026-07-31T16:38:14.222021Z", "level": "info", "logger": "django.server"}
{"event": "\"OPTIONS /conventions-selected/ HTTP/1.1\" 200 0", "timestamp": "2026-07-31T16:38:20.448549Z", "level": "info", "logger": "django.server"}
{"event": "\"POST /conventions-selected/ HTTP/1.1\" 200 4918", "timestamp": "2026-07-31T16:38:20.452900Z", "level": "info", "logger": "django.server"}
{"event": "\"OPTIONS /conventions-selected/ HTTP/1.1\" 200 0", "timestamp": "2026-07-31T16:38:26.973387Z", "level": "info", "logger": "django.server"}
{"event": "\"POST /conventions-selected/ HTTP/1.1\" 200 4918", "timestamp": "2026-07-31T16:38:26.976776Z", "level": "info", "logger": "django.server"}
{"event": "/home/jeff/projects/bridge/bidding-conventions-api/src/bidding_conventions/hand.py changed, reloading.", "timestamp": "2026-07-31T16:39:23.448279Z", "level": "info", "logger": "django.utils.autoreload"}
{"event": "Watching for file changes with StatReloader", "timestamp": "2026-07-31T16:39:23.679641Z", "level": "info", "logger": "django.utils.autoreload"}
{"event": "/home/jeff/projects/bridge/bidding-conventions-api/src/bidding_conventions/asptro.py changed, reloading.", "timestamp": "2026-07-31T16:39:28.146547Z", "level": "info", "logger": "django.utils.autoreload"}
{"event": "Watching for file changes with StatReloader", "timestamp": "2026-07-31T16:39:28.390400Z", "level": "info", "logger": "django.utils.autoreload"}
{"event": "\"OPTIONS /conventions-selected/ HTTP/1.1\" 200 0", "timestamp": "2026-07-31T16:39:30.999268Z", "level": "info", "logger": "django.server"}
{"event": "\"POST /conventions-selected/ HTTP/1.1\" 200 5041", "timestamp": "2026-07-31T16:39:31.029543Z", "level": "info", "logger": "django.server"}
{"event": "\"OPTIONS /conventions-selected/ HTTP/1.1\" 200 0", "timestamp": "2026-07-31T16:39:41.722515Z", "level": "info", "logger": "django.server"}
{"event": "\"POST /conventions-selected/ HTTP/1.1\" 200 5039", "timestamp": "2026-07-31T16:39:41.739442Z", "level": "info", "logger": "django.server"}
{"event": "\"OPTIONS /conventions-selected/ HTTP/1.1\" 200 0", "timestamp": "2026-07-31T16:39:42.830468Z", "level": "info", "logger": "django.server"}
{"event": "\"POST /conventions-selected/ HTTP/1.1\" 200 5039", "timestamp": "2026-07-31T16:39:42.840123Z", "level": "info", "logger": "django.server"}
{"event": "\"OPTIONS /conventions-selected/ HTTP/1.1\" 200 0", "timestamp": "2026-07-31T16:39:44.171197Z", "level": "info", "logger": "django.server"}
{"event": "\"POST /conventions-selected/ HTTP/1.1\" 200 5040", "timestamp": "2026-07-31T16:39:44.178172Z", "level": "info", "logger": "django.server"}
{"event": "\"OPTIONS /conventions-selected/ HTTP/1.1\" 200 0", "timestamp": "2026-07-31T16:39:45.478597Z", "level": "info", "logger": "django.server"}
{"event": "\"POST /conventions-selected/ HTTP/1.1\" 200 5039", "timestamp": "2026-07-31T16:39:45.488963Z", "level": "info", "logger": "django.server"}
{"event": "\"OPTIONS /conventions-selected/ HTTP/1.1\" 200 0", "timestamp": "2026-07-31T16:39:49.495508Z", "level": "info", "logger": "django.server"}
{"event": "\"POST /conventions-selected/ HTTP/1.1\" 200 5041", "timestamp": "2026-07-31T16:39:49.501341Z", "level": "info", "logger": "django.server"}
{"event": "\"OPTIONS /conventions-selected/ HTTP/1.1\" 200 0", "timestamp": "2026-07-31T16:39:52.918102Z", "level": "info", "logger": "django.server"}
{"event": "\"POST /conventions-selected/ HTTP/1.1\" 200 5039", "timestamp": "2026-07-31T16:39:52.926079Z", "level": "info", "logger": "django.server"}
{"event": "\"OPTIONS /conventions-selected/ HTTP/1.1\" 200 0", "timestamp": "2026-08-01T09:41:11.619705Z", "level": "info", "logger": "django.server"}
{"event": "\"POST /conventions-selected/ HTTP/1.1\" 200 5039", "timestamp": "2026-08-01T09:41:11.627104Z", "level": "info", "logger": "django.server"}
{"event": "\"OPTIONS /conventions-selected/ HTTP/1.1\" 200 0", "timestamp": "2026-08-01T09:41:12.359213Z", "level": "info", "logger": "django.server"}
{"event": "\"POST /conventions-selected/ HTTP/1.1\" 200 5040", "timestamp": "2026-08-01T09:41:12.368086Z", "level": "info", "logger": "django.server"}
{"event": "\"OPTIONS /conventions-selected/ HTTP/1.1\" 200 0", "timestamp": "2026-08-01T09:41:25.725760Z", "level": "info", "logger": "django.server"}
{"event": "\"POST /conventions-selected/ HTTP/1.1\" 200 5039", "timestamp": "2026-08-01T09:41:25.735201Z", "level": "info", "logger": "django.server"}
{"event": "\"OPTIONS /conventions-selected/ HTTP/1.1\" 200 0", "timestamp": "2026-08-01T09:41:26.434554Z", "level": "info", "logger": "django.server"}
{"event": "\"POST /conventions-selected/ HTTP/1.1\" 200 5039", "timestamp": "2026-08-01T09:41:26.440763Z", "level": "info", "logger": "django.server"}
{"event": "\"OPTIONS /conventions-selected/ HTTP/1.1\" 200 0", "timestamp": "2026-08-01T09:41:27.043466Z", "level": "info", "logger": "django.server"}
{"event": "\"POST /conventions-selected/ HTTP/1.1\" 200 5039", "timestamp": "2026-08-01T09:41:27.066430Z", "level": "info", "logger": "django.server"}
{"event": "/home/jeff/projects/bridge/bidding-conventions-api/src/bidding_conventions/asptro.py changed, reloading.", "timestamp": "2026-08-01T09:42:54.109214Z", "level": "info", "logger": "django.utils.autoreload"}
{"event": "Watching for file changes with StatReloader", "timestamp": "2026-08-01T09:42:54.332425Z", "level": "info", "logger": "django.utils.autoreload"}
{"event": "\"OPTIONS /conventions-selected/ HTTP/1.1\" 200 0", "timestamp": "2026-08-01T09:42:56.193825Z", "level": "info", "logger": "django.server"}
{"event": "\"POST /conventions-selected/ HTTP/1.1\" 200 5046", "timestamp": "2026-08-01T09:42:56.199918Z", "level": "info", "logger": "django.server"}
{"event": "\"OPTIONS /conventions-selected/ HTTP/1.1\" 200 0", "timestamp": "2026-08-01T09:42:57.046803Z", "level": "info", "logger": "django.server"}
{"event": "\"POST /conventions-selected/ HTTP/1.1\" 200 5041", "timestamp": "2026-08-01T09:42:57.051889Z", "level": "info", "logger": "django.server"}
{"event": "\"OPTIONS /conventions-selected/ HTTP/1.1\" 200 0", "timestamp": "2026-08-01T09:42:57.735707Z", "level": "info", "logger": "django.server"}
{"event": "\"POST /conventions-selected/ HTTP/1.1\" 200 5039", "timestamp": "2026-08-01T09:42:57.740119Z", "level": "info", "logger": "django.server"}
{"event": "\"OPTIONS /conventions-selected/ HTTP/1.1\" 200 0", "timestamp": "2026-08-01T09:42:58.268129Z", "level": "info", "logger": "django.server"}
{"event": "\"POST /conventions-selected/ HTTP/1.1\" 200 5043", "timestamp": "2026-08-01T09:42:58.278006Z", "level": "info", "logger": "django.server"}
{"event": "/home/jeff/projects/bridge/bidding-conventions-api/src/bidding_conventions/asptro.py changed, reloading.", "timestamp": "2026-08-01T09:44:05.004255Z", "level": "info", "logger": "django.utils.autoreload"}
{"event": "Watching for file changes with StatReloader", "timestamp": "2026-08-01T09:44:05.252188Z", "level": "info", "logger": "django.utils.autoreload"}
{"event": "\"OPTIONS /conventions-selected/ HTTP/1.1\" 200 0", "timestamp": "2026-08-01T09:44:09.215251Z", "level": "info", "logger": "django.server"}
{"event": "\"POST /conventions-selected/ HTTP/1.1\" 200 5056", "timestamp": "2026-08-01T09:44:09.234302Z", "level": "info", "logger": "django.server"}
{"event": "/home/jeff/projects/bridge/bidding-conventions-api/src/bidding_conventions/asptro.py changed, reloading.", "timestamp": "2026-08-01T09:44:27.839438Z", "level": "info", "logger": "django.utils.autoreload"}
{"event": "Watching for file changes with StatReloader", "timestamp": "2026-08-01T09:44:28.087596Z", "level": "info", "logger": "django.utils.autoreload"}
{"event": "\"OPTIONS /conventions-selected/ HTTP/1.1\" 200 0", "timestamp": "2026-08-01T09:44:31.745645Z", "level": "info", "logger": "django.server"}
{"event": "\"POST /conventions-selected/ HTTP/1.1\" 200 5056", "timestamp": "2026-08-01T09:44:31.756078Z", "level": "info", "logger": "django.server"}
{"event": "\"OPTIONS /conventions-selected/ HTTP/1.1\" 200 0", "timestamp": "2026-08-01T09:44:33.800087Z", "level": "info", "logger": "django.server"}
{"event": "\"POST /conventions-selected/ HTTP/1.1\" 200 5055", "timestamp": "2026-08-01T09:44:33.814863Z", "level": "info", "logger": "django.server"}
{"event": "\"OPTIONS /conventions-selected/ HTTP/1.1\" 200 0", "timestamp": "2026-08-01T09:44:34.766196Z", "level": "info", "logger": "django.server"}
{"event": "\"POST /conventions-selected/ HTTP/1.1\" 200 5054", "timestamp": "2026-08-01T09:44:34.772193Z", "level": "info", "logger": "django.server"}
{"event": "/home/jeff/projects/bridge/bidding-conventions-api/src/bidding_conventions/asptro.py changed, reloading.", "timestamp": "2026-08-01T09:46:05.862625Z", "level": "info", "logger": "django.utils.autoreload"}
{"event": "Watching for file changes with StatReloader", "timestamp": "2026-08-01T09:46:06.113096Z", "level": "info", "logger": "django.utils.autoreload"}
{"event": "\"OPTIONS /conventions-selected/ HTTP/1.1\" 200 0", "timestamp": "2026-08-01T09:46:08.814810Z", "level": "info", "logger": "django.server"}
{"event": "\"POST /conventions-selected/ HTTP/1.1\" 200 5066", "timestamp": "2026-08-01T09:46:08.824465Z", "level": "info", "logger": "django.server"}
{"event": "/home/jeff/projects/bridge/bidding-conventions-api/src/bidding_conventions/asptro.py changed, reloading.", "timestamp": "2026-08-01T09:46:45.739742Z", "level": "info", "logger": "django.utils.autoreload"}
{"event": "Watching for file changes with StatReloader", "timestamp": "2026-08-01T09:46:45.979945Z", "level": "info", "logger": "django.utils.autoreload"}
{"event": "\"OPTIONS /conventions-selected/ HTTP/1.1\" 200 0", "timestamp": "2026-08-01T09:46:47.684143Z", "level": "info", "logger": "django.server"}
{"event": "\"POST /conventions-selected/ HTTP/1.1\" 200 4918", "timestamp": "2026-08-01T09:46:47.688893Z", "level": "info", "logger": "django.server"}
{"event": "/home/jeff/projects/bridge/bidding-conventions-api/src/bidding_conventions/asptro.py changed, reloading.", "timestamp": "2026-08-01T09:46:59.486977Z", "level": "info", "logger": "django.utils.autoreload"}
{"event": "Watching for file changes with StatReloader", "timestamp": "2026-08-01T09:46:59.729243Z", "level": "info", "logger": "django.utils.autoreload"}
{"event": "\"OPTIONS /conventions-selected/ HTTP/1.1\" 200 0", "timestamp": "2026-08-01T09:47:02.069132Z", "level": "info", "logger": "django.server"}
{"event": "\"POST /conventions-selected/ HTTP/1.1\" 200 5067", "timestamp": "2026-08-01T09:47:02.088638Z", "level": "info", "logger": "django.server"}
{"event": "/home/jeff/projects/bridge/bidding-conventions-api/src/bidding_conventions/asptro.py changed, reloading.", "timestamp": "2026-08-01T09:48:24.476898Z", "level": "info", "logger": "django.utils.autoreload"}
{"event": "Watching for file changes with StatReloader", "timestamp": "2026-08-01T09:48:24.702522Z", "level": "info", "logger": "django.utils.autoreload"}
{"event": "\"OPTIONS /conventions-selected/ HTTP/1.1\" 200 0", "timestamp": "2026-08-01T09:48:30.489782Z", "level": "info", "logger": "django.server"}
{"event": "Internal Server Error: /conventions-selected/", "exc_info": ["<class 'AttributeError'>", "AttributeError(\"'tuple' object has no attribute 'split'\")", "<traceback object at 0x7f229882a480>"], "timestamp": "2026-08-01T09:48:30.508932Z", "level": "error", "logger": "django.request"}
{"event": "\"POST /conventions-selected/ HTTP/1.1\" 500 109225", "timestamp": "2026-08-01T09:48:30.511121Z", "level": "error", "logger": "django.server"}
{"event": "/home/jeff/projects/bridge/bidding-conventions-api/src/bidding_conventions/asptro.py changed, reloading.", "timestamp": "2026-08-01T09:48:58.291084Z", "level": "info", "logger": "django.utils.autoreload"}
{"event": "Watching for file changes with StatReloader", "timestamp": "2026-08-01T09:48:58.520346Z", "level": "info", "logger": "django.utils.autoreload"}
{"event": "\"OPTIONS /conventions-selected/ HTTP/1.1\" 200 0", "timestamp": "2026-08-01T09:49:00.706068Z", "level": "info", "logger": "django.server"}
{"event": "\"POST /conventions-selected/ HTTP/1.1\" 200 4929", "timestamp": "2026-08-01T09:49:00.724403Z", "level": "info", "logger": "django.server"}
{"event": "\"OPTIONS /conventions-selected/ HTTP/1.1\" 200 0", "timestamp": "2026-08-01T09:49:09.721621Z", "level": "info", "logger": "django.server"}
{"event": "\"POST /conventions-selected/ HTTP/1.1\" 200 4926", "timestamp": "2026-08-01T09:49:09.729207Z", "level": "info", "logger": "django.server"}
{"event": "\"OPTIONS /conventions-selected/ HTTP/1.1\" 200 0", "timestamp": "2026-08-01T09:49:11.549146Z", "level": "info", "logger": "django.server"}
{"event": "\"POST /conventions-selected/ HTTP/1.1\" 200 4928", "timestamp": "2026-08-01T09:49:11.570594Z", "level": "info", "logger": "django.server"}
{"event": "\"OPTIONS /conventions-selected/ HTTP/1.1\" 200 0", "timestamp": "2026-08-01T09:49:12.240162Z", "level": "info", "logger": "django.server"}
{"event": "\"POST /conventions-selected/ HTTP/1.1\" 200 4929", "timestamp": "2026-08-01T09:49:12.261492Z", "level": "info", "logger": "django.server"}
{"event": "\"OPTIONS /conventions-selected/ HTTP/1.1\" 200 0", "timestamp": "2026-08-01T09:49:12.803364Z", "level": "info", "logger": "django.server"}
{"event": "\"POST /conventions-selected/ HTTP/1.1\" 200 4928", "timestamp": "2026-08-01T09:49:12.818971Z", "level": "info", "logger": "django.server"}
{"event": "\"OPTIONS /conventions-selected/ HTTP/1.1\" 200 0", "timestamp": "2026-08-01T09:49:13.324174Z", "level": "info", "logger": "django.server"}
{"event": "\"POST /conventions-selected/ HTTP/1.1\" 200 4926", "timestamp": "2026-08-01T09:49:13.351831Z", "level": "info", "logger": "django.server"}
{"event": "\"OPTIONS /conventions-selected/ HTTP/1.1\" 200 0", "timestamp": "2026-08-01T09:49:13.899304Z", "level": "info", "logger": "django.server"}
{"event": "\"POST /conventions-selected/ HTTP/1.1\" 200 4928", "timestamp": "2026-08-01T09:49:13.907534Z", "level": "info", "logger": "django.server"}
{"event": "\"OPTIONS /conventions-selected/ HTTP/1.1\" 200 0", "timestamp": "2026-08-01T09:49:14.323364Z", "level": "info", "logger": "django.server"}
{"event": "\"POST /conventions-selected/ HTTP/1.1\" 200 4928", "timestamp": "2026-08-01T09:49:14.328159Z", "level": "info", "logger": "django.server"}
{"event": "\"OPTIONS /conventions-selected/ HTTP/1.1\" 200 0", "timestamp": "2026-08-01T09:49:14.995644Z", "level": "info", "logger": "django.server"}
{"event": "\"POST /conventions-selected/ HTTP/1.1\" 200 4928", "timestamp": "2026-08-01T09:49:15.007110Z", "level": "info", "logger": "django.server"}
{"event": "\"OPTIONS /conventions-selected/ HTTP/1.1\" 200 0", "timestamp": "2026-08-01T09:49:15.359622Z", "level": "info", "logger": "django.server"}
{"event": "\"POST /conventions-selected/ HTTP/1.1\" 200 4928", "timestamp": "2026-08-01T09:49:15.379762Z", "level": "info", "logger": "django.server"}
{"event": "\"OPTIONS /conventions-selected/ HTTP/1.1\" 200 0", "timestamp": "2026-08-01T09:49:15.797872Z", "level": "info", "logger": "django.server"}
{"event": "\"POST /conventions-selected/ HTTP/1.1\" 200 4929", "timestamp": "2026-08-01T09:49:15.806794Z", "level": "info", "logger": "django.server"}
{"event": "\"OPTIONS /conventions-selected/ HTTP/1.1\" 200 0", "timestamp": "2026-08-01T09:49:16.024510Z", "level": "info", "logger": "django.server"}
{"event": "\"POST /conventions-selected/ HTTP/1.1\" 200 4927", "timestamp": "2026-08-01T09:49:16.035129Z", "level": "info", "logger": "django.server"}
{"event": "\"OPTIONS /conventions-selected/ HTTP/1.1\" 200 0", "timestamp": "2026-08-01T09:49:16.293858Z", "level": "info", "logger": "django.server"}
{"event": "\"POST /conventions-selected/ HTTP/1.1\" 200 4928", "timestamp": "2026-08-01T09:49:16.299803Z", "level": "info", "logger": "django.server"}
{"event": "\"OPTIONS /conventions-selected/ HTTP/1.1\" 200 0", "timestamp": "2026-08-01T09:49:16.491574Z", "level": "info", "logger": "django.server"}
{"event": "\"POST /conventions-selected/ HTTP/1.1\" 200 4929", "timestamp": "2026-08-01T09:49:16.502150Z", "level": "info", "logger": "django.server"}
{"event": "\"OPTIONS /conventions-selected/ HTTP/1.1\" 200 0", "timestamp": "2026-08-01T09:49:16.697676Z", "level": "info", "logger": "django.server"}
{"event": "\"POST /conventions-selected/ HTTP/1.1\" 200 4927", "timestamp": "2026-08-01T09:49:16.704374Z", "level": "info", "logger": "django.server"}
{"event": "\"OPTIONS /conventions-selected/ HTTP/1.1\" 200 0", "timestamp": "2026-08-01T09:49:16.898596Z", "level": "info", "logger": "django.server"}
{"event": "\"POST /conventions-selected/ HTTP/1.1\" 200 4926", "timestamp": "2026-08-01T09:49:16.909975Z", "level": "info", "logger": "django.server"}
{"event": "\"OPTIONS /conventions-selected/ HTTP/1.1\" 200 0", "timestamp": "2026-08-01T09:49:17.103884Z", "level": "info", "logger": "django.server"}
{"event": "\"POST /conventions-selected/ HTTP/1.1\" 200 4930", "timestamp": "2026-08-01T09:49:17.107825Z", "level": "info", "logger": "django.server"}
{"event": "\"OPTIONS /conventions-selected/ HTTP/1.1\" 200 0", "timestamp": "2026-08-01T09:49:17.297546Z", "level": "info", "logger": "django.server"}
{"event": "\"POST /conventions-selected/ HTTP/1.1\" 200 4926", "timestamp": "2026-08-01T09:49:17.316596Z", "level": "info", "logger": "django.server"}
{"event": "\"OPTIONS /conventions-selected/ HTTP/1.1\" 200 0", "timestamp": "2026-08-01T09:49:17.485536Z", "level": "info", "logger": "django.server"}
{"event": "\"POST /conventions-selected/ HTTP/1.1\" 200 4928", "timestamp": "2026-08-01T09:49:17.494245Z", "level": "info", "logger": "django.server"}
{"event": "\"OPTIONS /conventions-selected/ HTTP/1.1\" 200 0", "timestamp": "2026-08-01T09:49:17.691238Z", "level": "info", "logger": "django.server"}
{"event": "\"POST /conventions-selected/ HTTP/1.1\" 200 4928", "timestamp": "2026-08-01T09:49:17.696841Z", "level": "info", "logger": "django.server"}
{"event": "\"OPTIONS /conventions-selected/ HTTP/1.1\" 200 0", "timestamp": "2026-08-01T09:49:18.748633Z", "level": "info", "logger": "django.server"}
{"event": "\"POST /conventions-selected/ HTTP/1.1\" 200 4927", "timestamp": "2026-08-01T09:49:18.753806Z", "level": "info", "logger": "django.server"}
{"event": "\"OPTIONS /conventions-selected/ HTTP/1.1\" 200 0", "timestamp": "2026-08-01T09:49:19.117356Z", "level": "info", "logger": "django.server"}
{"event": "\"POST /conventions-selected/ HTTP/1.1\" 200 4927", "timestamp": "2026-08-01T09:49:19.126223Z", "level": "info", "logger": "django.server"}
{"event": "\"OPTIONS /conventions-selected/ HTTP/1.1\" 200 0", "timestamp": "2026-08-01T09:49:19.592758Z", "level": "info", "logger": "django.server"}
{"event": "\"POST /conventions-selected/ HTTP/1.1\" 200 4929", "timestamp": "2026-08-01T09:49:19.597359Z", "level": "info", "logger": "django.server"}
{"event": "\"OPTIONS /conventions-selected/ HTTP/1.1\" 200 0", "timestamp": "2026-08-01T09:49:20.187305Z", "level": "info", "logger": "django.server"}
{"event": "\"POST /conventions-selected/ HTTP/1.1\" 200 4929", "timestamp": "2026-08-01T09:49:20.206581Z", "level": "info", "logger": "django.server"}
{"event": "/home/jeff/projects/bridge/bidding-conventions-api/src/bidding_conventions/asptro.py changed, reloading.", "timestamp": "2026-08-01T09:52:26.680737Z", "level": "info", "logger": "django.utils.autoreload"}
{"event": "Watching for file changes with StatReloader", "timestamp": "2026-08-01T09:52:26.913941Z", "level": "info", "logger": "django.utils.autoreload"}
{"event": "\"OPTIONS /conventions-selected/ HTTP/1.1\" 200 0", "timestamp": "2026-08-01T09:52:29.633733Z", "level": "info", "logger": "django.server"}
{"event": "\"POST /conventions-selected/ HTTP/1.1\" 200 4928", "timestamp": "2026-08-01T09:52:29.644890Z", "level": "info", "logger": "django.server"}
{"event": "\"OPTIONS /conventions-selected/ HTTP/1.1\" 200 0", "timestamp": "2026-08-01T09:52:54.240679Z", "level": "info", "logger": "django.server"}
{"event": "\"POST /conventions-selected/ HTTP/1.1\" 200 4928", "timestamp": "2026-08-01T09:52:54.247883Z", "level": "info", "logger": "django.server"}
{"event": "/home/jeff/projects/bridge/bidding-conventions-api/src/bidding_conventions/asptro.py changed, reloading.", "timestamp": "2026-08-01T09:54:23.733989Z", "level": "info", "logger": "django.utils.autoreload"}
{"event": "Watching for file changes with StatReloader", "timestamp": "2026-08-01T09:54:23.982895Z", "level": "info", "logger": "django.utils.autoreload"}
{"event": "\"OPTIONS /conventions-selected/ HTTP/1.1\" 200 0", "timestamp": "2026-08-01T09:54:26.762647Z", "level": "info", "logger": "django.server"}
{"event": "\"POST /conventions-selected/ HTTP/1.1\" 200 4930", "timestamp": "2026-08-01T09:54:26.774232Z", "level": "info", "logger": "django.server"}
{"event": "\"OPTIONS /conventions-selected/ HTTP/1.1\" 200 0", "timestamp": "2026-08-01T09:54:49.074693Z", "level": "info", "logger": "django.server"}
{"event": "\"POST /conventions-selected/ HTTP/1.1\" 200 4927", "timestamp": "2026-08-01T09:54:49.087689Z", "level": "info", "logger": "django.server"}
{"event": "\"OPTIONS /conventions-selected/ HTTP/1.1\" 200 0", "timestamp": "2026-08-01T09:55:04.846727Z", "level": "info", "logger": "django.server"}
{"event": "\"POST /conventions-selected/ HTTP/1.1\" 200 4928", "timestamp": "2026-08-01T09:55:04.874520Z", "level": "info", "logger": "django.server"}
{"event": "/home/jeff/projects/bridge/bidding-conventions-api/src/bidding_conventions/asptro.py changed, reloading.", "timestamp": "2026-08-01T09:56:14.834116Z", "level": "info", "logger": "django.utils.autoreload"}
{"event": "Watching for file changes with StatReloader", "timestamp": "2026-08-01T09:56:15.103993Z", "level": "info", "logger": "django.utils.autoreload"}
{"event": "\"OPTIONS /conventions-selected/ HTTP/1.1\" 200 0", "timestamp": "2026-08-01T09:56:17.971357Z", "level": "info", "logger": "django.server"}
{"event": "Internal Server Error: /conventions-selected/", "exc_info": ["<class 'NameError'>", "NameError(\"name 'overcaller_bid' is not defined\")", "<traceback object at 0x7f237d078c00>"], "timestamp": "2026-08-01T09:56:17.988501Z", "level": "error", "logger": "django.request"}
{"event": "\"POST /conventions-selected/ HTTP/1.1\" 500 108491", "timestamp": "2026-08-01T09:56:17.989766Z", "level": "error", "logger": "django.server"}
{"event": "/home/jeff/projects/bridge/bidding-conventions-api/src/bidding_conventions/asptro.py changed, reloading.", "timestamp": "2026-08-01T09:56:33.645190Z", "level": "info", "logger": "django.utils.autoreload"}
{"event": "Watching for file changes with StatReloader", "timestamp": "2026-08-01T09:56:33.883934Z", "level": "info", "logger": "django.utils.autoreload"}
{"event": "/home/jeff/projects/bridge/bidding-conventions-api/src/bidding_conventions/asptro.py changed, reloading.", "timestamp": "2026-08-01T09:59:06.780479Z", "level": "info", "logger": "django.utils.autoreload"}
{"event": "Watching for file changes with StatReloader", "timestamp": "2026-08-01T09:59:07.027003Z", "level": "info", "logger": "django.utils.autoreload"}
{"event": "/home/jeff/projects/bridge/bidding-conventions-api/src/bidding_conventions/asptro.py changed, reloading.", "timestamp": "2026-08-01T10:00:07.659038Z", "level": "info", "logger": "django.utils.autoreload"}
{"event": "Watching for file changes with StatReloader", "timestamp": "2026-08-01T10:00:07.902957Z", "level": "info", "logger": "django.utils.autoreload"}
{"event": "\"OPTIONS /conventions-selected/ HTTP/1.1\" 200 0", "timestamp": "2026-08-01T10:00:10.955147Z", "level": "info", "logger": "django.server"}
{"event": "\"POST /conventions-selected/ HTTP/1.1\" 200 4930", "timestamp": "2026-08-01T10:00:10.961396Z", "level": "info", "logger": "django.server"}
{"event": "\"OPTIONS /conventions-selected/ HTTP/1.1\" 200 0", "timestamp": "2026-08-01T10:00:12.542263Z", "level": "info", "logger": "django.server"}
{"event": "\"POST /conventions-selected/ HTTP/1.1\" 200 4926", "timestamp": "2026-08-01T10:00:12.546620Z", "level": "info", "logger": "django.server"}
{"event": "\"OPTIONS /conventions-selected/ HTTP/1.1\" 200 0", "timestamp": "2026-08-01T10:00:13.587686Z", "level": "info", "logger": "django.server"}
{"event": "\"POST /conventions-selected/ HTTP/1.1\" 200 4927", "timestamp": "2026-08-01T10:00:13.591358Z", "level": "info", "logger": "django.server"}
{"event": "\"OPTIONS /conventions-selected/ HTTP/1.1\" 200 0", "timestamp": "2026-08-01T10:00:14.306338Z", "level": "info", "logger": "django.server"}
{"event": "\"POST /conventions-selected/ HTTP/1.1\" 200 4929", "timestamp": "2026-08-01T10:00:14.309362Z", "level": "info", "logger": "django.server"}
{"event": "\"OPTIONS /conventions-selected/ HTTP/1.1\" 200 0", "timestamp": "2026-08-01T10:00:15.097013Z", "level": "info", "logger": "django.server"}
{"event": "\"POST /conventions-selected/ HTTP/1.1\" 200 4927", "timestamp": "2026-08-01T10:00:15.100428Z", "level": "info", "logger": "django.server"}
{"event": "/home/jeff/projects/bridge/bidding-conventions-api/src/bidding_conventions/asptro.py changed, reloading.", "timestamp": "2026-08-01T10:03:31.029426Z", "level": "info", "logger": "django.utils.autoreload"}
{"event": "Watching for file changes with StatReloader", "timestamp": "2026-08-01T10:03:31.268716Z", "level": "info", "logger": "django.utils.autoreload"}
{"event": "\"OPTIONS /conventions-selected/ HTTP/1.1\" 200 0", "timestamp": "2026-08-01T10:05:13.813668Z", "level": "info", "logger": "django.server"}
{"event": "\"POST /conventions-selected/ HTTP/1.1\" 200 4929", "timestamp": "2026-08-01T10:05:13.819157Z", "level": "info", "logger": "django.server"}
{"event": "\"OPTIONS /conventions-selected/ HTTP/1.1\" 200 0", "timestamp": "2026-08-01T10:05:15.084877Z", "level": "info", "logger": "django.server"}
{"event": "\"POST /conventions-selected/ HTTP/1.1\" 200 4927", "timestamp": "2026-08-01T10:05:15.088747Z", "level": "info", "logger": "django.server"}
{"event": "\"OPTIONS /conventions-selected/ HTTP/1.1\" 200 0", "timestamp": "2026-08-01T10:05:15.860070Z", "level": "info", "logger": "django.server"}
{"event": "\"POST /conventions-selected/ HTTP/1.1\" 200 4927", "timestamp": "2026-08-01T10:05:15.863959Z", "level": "info", "logger": "django.server"}
{"event": "\"OPTIONS /conventions-selected/ HTTP/1.1\" 200 0", "timestamp": "2026-08-01T10:05:16.407274Z", "level": "info", "logger": "django.server"}
{"event": "\"POST /conventions-selected/ HTTP/1.1\" 200 4929", "timestamp": "2026-08-01T10:05:16.410997Z", "level": "info", "logger": "django.server"}
{"event": "\"OPTIONS /conventions-selected/ HTTP/1.1\" 200 0", "timestamp": "2026-08-01T10:05:17.003922Z", "level": "info", "logger": "django.server"}
{"event": "\"POST /conventions-selected/ HTTP/1.1\" 200 4927", "timestamp": "2026-08-01T10:05:17.007150Z", "level": "info", "logger": "django.server"}
{"event": "\"OPTIONS /conventions-selected/ HTTP/1.1\" 200 0", "timestamp": "2026-08-01T10:05:17.848753Z", "level": "info", "logger": "django.server"}
{"event": "\"POST /conventions-selected/ HTTP/1.1\" 200 4926", "timestamp": "2026-08-01T10:05:17.852628Z", "level": "info", "logger": "django.server"}
{"event": "\"OPTIONS /conventions-selected/ HTTP/1.1\" 200 0", "timestamp": "2026-08-01T10:07:30.426132Z", "level": "info", "logger": "django.server"}
{"event": "\"POST /conventions-selected/ HTTP/1.1\" 200 4929", "timestamp": "2026-08-01T10:07:30.430001Z", "level": "info", "logger": "django.server"}
{"event": "/home/jeff/projects/bridge/bidding-conventions-api/src/bidding_conventions/asptro.py changed, reloading.", "timestamp": "2026-08-01T10:07:30.437497Z", "level": "info", "logger": "django.utils.autoreload"}
{"event": "Watching for file changes with StatReloader", "timestamp": "2026-08-01T10:07:30.679676Z", "level": "info", "logger": "django.utils.autoreload"}
{"event": "\"OPTIONS /conventions-selected/ HTTP/1.1\" 200 0", "timestamp": "2026-08-01T10:07:32.316927Z", "level": "info", "logger": "django.server"}
{"event": "\"POST /conventions-selected/ HTTP/1.1\" 200 4928", "timestamp": "2026-08-01T10:07:32.322413Z", "level": "info", "logger": "django.server"}
{"event": "\"OPTIONS /conventions-selected/ HTTP/1.1\" 200 0", "timestamp": "2026-08-01T10:07:33.412964Z", "level": "info", "logger": "django.server"}
{"event": "\"POST /conventions-selected/ HTTP/1.1\" 200 4927", "timestamp": "2026-08-01T10:07:33.416507Z", "level": "info", "logger": "django.server"}
{"event": "\"OPTIONS /conventions-selected/ HTTP/1.1\" 200 0", "timestamp": "2026-08-01T10:07:34.176050Z", "level": "info", "logger": "django.server"}
{"event": "\"POST /conventions-selected/ HTTP/1.1\" 200 4927", "timestamp": "2026-08-01T10:07:34.179195Z", "level": "info", "logger": "django.server"}
{"event": "\"OPTIONS /conventions-selected/ HTTP/1.1\" 200 0", "timestamp": "2026-08-01T10:07:34.769799Z", "level": "info", "logger": "django.server"}
{"event": "\"POST /conventions-selected/ HTTP/1.1\" 200 4928", "timestamp": "2026-08-01T10:07:34.773619Z", "level": "info", "logger": "django.server"}
{"event": "\"OPTIONS /conventions-selected/ HTTP/1.1\" 200 0", "timestamp": "2026-08-01T10:07:35.350518Z", "level": "info", "logger": "django.server"}
{"event": "\"POST /conventions-selected/ HTTP/1.1\" 200 4926", "timestamp": "2026-08-01T10:07:35.354276Z", "level": "info", "logger": "django.server"}
{"event": "\"OPTIONS /conventions-selected/ HTTP/1.1\" 200 0", "timestamp": "2026-08-01T10:07:35.897968Z", "level": "info", "logger": "django.server"}
{"event": "\"POST /conventions-selected/ HTTP/1.1\" 200 4927", "timestamp": "2026-08-01T10:07:35.901178Z", "level": "info", "logger": "django.server"}
{"event": "\"OPTIONS /conventions-selected/ HTTP/1.1\" 200 0", "timestamp": "2026-08-01T10:07:36.746688Z", "level": "info", "logger": "django.server"}
{"event": "\"POST /conventions-selected/ HTTP/1.1\" 200 4929", "timestamp": "2026-08-01T10:07:36.749994Z", "level": "info", "logger": "django.server"}
{"event": "\"OPTIONS /conventions-selected/ HTTP/1.1\" 200 0", "timestamp": "2026-08-01T10:07:37.415840Z", "level": "info", "logger": "django.server"}
{"event": "\"POST /conventions-selected/ HTTP/1.1\" 200 4929", "timestamp": "2026-08-01T10:07:37.419093Z", "level": "info", "logger": "django.server"}
{"event": "\"OPTIONS /conventions-selected/ HTTP/1.1\" 200 0", "timestamp": "2026-08-01T10:07:37.992450Z", "level": "info", "logger": "django.server"}
{"event": "\"POST /conventions-selected/ HTTP/1.1\" 200 4927", "timestamp": "2026-08-01T10:07:37.997060Z", "level": "info", "logger": "django.server"}
{"event": "\"OPTIONS /conventions-selected/ HTTP/1.1\" 200 0", "timestamp": "2026-08-01T10:07:38.517165Z", "level": "info", "logger": "django.server"}
{"event": "\"POST /conventions-selected/ HTTP/1.1\" 200 4929", "timestamp": "2026-08-01T10:07:38.521189Z", "level": "info", "logger": "django.server"}
{"event": "\"OPTIONS /conventions-selected/ HTTP/1.1\" 200 0", "timestamp": "2026-08-01T10:07:39.051242Z", "level": "info", "logger": "django.server"}
{"event": "\"POST /conventions-selected/ HTTP/1.1\" 200 4929", "timestamp": "2026-08-01T10:07:39.056183Z", "level": "info", "logger": "django.server"}
{"event": "\"OPTIONS /conventions-selected/ HTTP/1.1\" 200 0", "timestamp": "2026-08-01T10:07:39.514676Z", "level": "info", "logger": "django.server"}
{"event": "\"POST /conventions-selected/ HTTP/1.1\" 200 4926", "timestamp": "2026-08-01T10:07:39.518042Z", "level": "info", "logger": "django.server"}
{"event": "\"OPTIONS /conventions-selected/ HTTP/1.1\" 200 0", "timestamp": "2026-08-01T10:07:42.378280Z", "level": "info", "logger": "django.server"}
{"event": "\"POST /conventions-selected/ HTTP/1.1\" 200 4929", "timestamp": "2026-08-01T10:07:42.381314Z", "level": "info", "logger": "django.server"}
{"event": "\"OPTIONS /conventions-selected/ HTTP/1.1\" 200 0", "timestamp": "2026-08-01T10:07:42.864235Z", "level": "info", "logger": "django.server"}
{"event": "\"POST /conventions-selected/ HTTP/1.1\" 200 4928", "timestamp": "2026-08-01T10:07:42.868154Z", "level": "info", "logger": "django.server"}
{"event": "\"OPTIONS /conventions-selected/ HTTP/1.1\" 200 0", "timestamp": "2026-08-01T10:07:43.168370Z", "level": "info", "logger": "django.server"}
{"event": "\"POST /conventions-selected/ HTTP/1.1\" 200 4927", "timestamp": "2026-08-01T10:07:43.171270Z", "level": "info", "logger": "django.server"}
{"event": "\"OPTIONS /conventions-selected/ HTTP/1.1\" 200 0", "timestamp": "2026-08-01T10:07:43.939820Z", "level": "info", "logger": "django.server"}
{"event": "\"POST /conventions-selected/ HTTP/1.1\" 200 4927", "timestamp": "2026-08-01T10:07:43.943263Z", "level": "info", "logger": "django.server"}
{"event": "\"OPTIONS /conventions-selected/ HTTP/1.1\" 200 0", "timestamp": "2026-08-01T10:07:44.349226Z", "level": "info", "logger": "django.server"}
{"event": "\"POST /conventions-selected/ HTTP/1.1\" 200 4929", "timestamp": "2026-08-01T10:07:44.353624Z", "level": "info", "logger": "django.server"}
{"event": "\"OPTIONS /conventions-selected/ HTTP/1.1\" 200 0", "timestamp": "2026-08-01T10:07:44.595880Z", "level": "info", "logger": "django.server"}
{"event": "\"POST /conventions-selected/ HTTP/1.1\" 200 4927", "timestamp": "2026-08-01T10:07:44.598648Z", "level": "info", "logger": "django.server"}
{"event": "\"OPTIONS /conventions-selected/ HTTP/1.1\" 200 0", "timestamp": "2026-08-01T10:07:45.071584Z", "level": "info", "logger": "django.server"}
{"event": "\"POST /conventions-selected/ HTTP/1.1\" 200 4927", "timestamp": "2026-08-01T10:07:45.075371Z", "level": "info", "logger": "django.server"}
{"event": "/home/jeff/projects/bridge/bidding-conventions-api/src/bidding_conventions/asptro.py changed, reloading.", "timestamp": "2026-08-01T10:11:45.908649Z", "level": "info", "logger": "django.utils.autoreload"}
{"event": "Watching for file changes with StatReloader", "timestamp": "2026-08-01T10:11:46.137975Z", "level": "info", "logger": "django.utils.autoreload"}
{"event": "\"OPTIONS /conventions-selected/ HTTP/1.1\" 200 0", "timestamp": "2026-08-01T10:11:47.977341Z", "level": "info", "logger": "django.server"}
{"event": "Internal Server Error: /conventions-selected/", "exc_info": ["<class 'TypeError'>", "TypeError(\"Question.__init__() missing 1 required positional argument: 'options'\")", "<traceback object at 0x7f91bfbbd900>"], "timestamp": "2026-08-01T10:11:47.991072Z", "level": "error", "logger": "django.request"}
{"event": "\"POST /conventions-selected/ HTTP/1.1\" 500 108942", "timestamp": "2026-08-01T10:11:47.992345Z", "level": "error", "logger": "django.server"}
{"event": "/home/jeff/projects/bridge/bidding-conventions-api/src/bidding_conventions/asptro.py changed, reloading.", "timestamp": "2026-08-01T10:12:10.681152Z", "level": "info", "logger": "django.utils.autoreload"}
{"event": "Watching for file changes with StatReloader", "timestamp": "2026-08-01T10:12:10.918813Z", "level": "info", "logger": "django.utils.autoreload"}
{"event": "/home/jeff/projects/bridge/bidding-conventions-api/src/bidding_conventions/question.py changed, reloading.", "timestamp": "2026-08-01T10:13:51.646293Z", "level": "info", "logger": "django.utils.autoreload"}
{"event": "Watching for file changes with StatReloader", "timestamp": "2026-08-01T10:13:51.884882Z", "level": "info", "logger": "django.utils.autoreload"}
{"event": "/home/jeff/projects/bridge/bidding-conventions-api/src/bidding_conventions/question.py changed, reloading.", "timestamp": "2026-08-01T10:15:32.454664Z", "level": "info", "logger": "django.utils.autoreload"}
{"event": "Watching for file changes with StatReloader", "timestamp": "2026-08-01T10:15:32.678792Z", "level": "info", "logger": "django.utils.autoreload"}
{"event": "/home/jeff/projects/bridge/bidding-conventions-api/src/bidding_conventions/asptro.py changed, reloading.", "timestamp": "2026-08-01T10:15:49.185295Z", "level": "info", "logger": "django.utils.autoreload"}
{"event": "Watching for file changes with StatReloader", "timestamp": "2026-08-01T10:15:49.431070Z", "level": "info", "logger": "django.utils.autoreload"}
{"event": "\"OPTIONS /conventions-selected/ HTTP/1.1\" 200 0", "timestamp": "2026-08-01T10:15:51.537584Z", "level": "info", "logger": "django.server"}
{"event": "\"POST /conventions-selected/ HTTP/1.1\" 200 4929", "timestamp": "2026-08-01T10:15:51.543213Z", "level": "info", "logger": "django.server"}
{"event": "\"OPTIONS /conventions-selected/ HTTP/1.1\" 200 0", "timestamp": "2026-08-01T10:15:52.617345Z", "level": "info", "logger": "django.server"}
{"event": "\"POST /conventions-selected/ HTTP/1.1\" 200 4927", "timestamp": "2026-08-01T10:15:52.621620Z", "level": "info", "logger": "django.server"}
{"event": "/home/jeff/projects/bridge/bidding-conventions-api/src/bidding_conventions/asptro.py changed, reloading.", "timestamp": "2026-08-01T10:16:12.951674Z", "level": "info", "logger": "django.utils.autoreload"}
{"event": "Watching for file changes with StatReloader", "timestamp": "2026-08-01T10:16:13.208610Z", "level": "info", "logger": "django.utils.autoreload"}
{"event": "/home/jeff/projects/bridge/bidding-conventions-api/src/bidding_conventions/question.py changed, reloading.", "timestamp": "2026-08-01T10:16:30.744490Z", "level": "info", "logger": "django.utils.autoreload"}
{"event": "Watching for file changes with StatReloader", "timestamp": "2026-08-01T10:16:31.017021Z", "level": "info", "logger": "django.utils.autoreload"}
{"event": "/home/jeff/projects/bridge/bidding-conventions-api/src/bidding_conventions/asptro.py changed, reloading.", "timestamp": "2026-08-01T10:17:09.585706Z", "level": "info", "logger": "django.utils.autoreload"}
{"event": "Watching for file changes with StatReloader", "timestamp": "2026-08-01T10:17:09.826556Z", "level": "info", "logger": "django.utils.autoreload"}
{"event": "/home/jeff/projects/bridge/bidding-conventions-api/src/bidding_conventions/question.py changed, reloading.", "timestamp": "2026-08-01T10:17:18.328376Z", "level": "info", "logger": "django.utils.autoreload"}
{"event": "Watching for file changes with StatReloader", "timestamp": "2026-08-01T10:17:18.588423Z", "level": "info", "logger": "django.utils.autoreload"}
{"event": "\"OPTIONS /conventions-selected/ HTTP/1.1\" 200 0", "timestamp": "2026-08-01T10:17:20.307278Z", "level": "info", "logger": "django.server"}
{"event": "\"POST /conventions-selected/ HTTP/1.1\" 200 4929", "timestamp": "2026-08-01T10:17:20.311589Z", "level": "info", "logger": "django.server"}
{"event": "\"OPTIONS /conventions-selected/ HTTP/1.1\" 200 0", "timestamp": "2026-08-01T10:17:21.106821Z", "level": "info", "logger": "django.server"}
{"event": "\"POST /conventions-selected/ HTTP/1.1\" 200 4926", "timestamp": "2026-08-01T10:17:21.110567Z", "level": "info", "logger": "django.server"}
{"event": "\"OPTIONS /conventions-selected/ HTTP/1.1\" 200 0", "timestamp": "2026-08-01T10:17:21.611414Z", "level": "info", "logger": "django.server"}
{"event": "\"POST /conventions-selected/ HTTP/1.1\" 200 4927", "timestamp": "2026-08-01T10:17:21.615384Z", "level": "info", "logger": "django.server"}
{"event": "\"OPTIONS /conventions-selected/ HTTP/1.1\" 200 0", "timestamp": "2026-08-01T10:17:22.046751Z", "level": "info", "logger": "django.server"}
{"event": "\"POST /conventions-selected/ HTTP/1.1\" 200 4930", "timestamp": "2026-08-01T10:17:22.049756Z", "level": "info", "logger": "django.server"}
{"event": "\"OPTIONS /conventions-selected/ HTTP/1.1\" 200 0", "timestamp": "2026-08-01T10:17:22.264749Z", "level": "info", "logger": "django.server"}
{"event": "\"POST /conventions-selected/ HTTP/1.1\" 200 4927", "timestamp": "2026-08-01T10:17:22.268597Z", "level": "info", "logger": "django.server"}
{"event": "\"OPTIONS /conventions-selected/ HTTP/1.1\" 200 0", "timestamp": "2026-08-01T10:17:22.465317Z", "level": "info", "logger": "django.server"}
{"event": "\"POST /conventions-selected/ HTTP/1.1\" 200 4927", "timestamp": "2026-08-01T10:17:22.468807Z", "level": "info", "logger": "django.server"}
{"event": "\"OPTIONS /get-conventions/ HTTP/1.1\" 200 0", "timestamp": "2026-08-01T10:18:30.008703Z", "level": "info", "logger": "django.server"}
{"event": "\"POST /get-conventions/ HTTP/1.1\" 200 423", "timestamp": "2026-08-01T10:18:30.010940Z", "level": "info", "logger": "django.server"}
{"event": "\"OPTIONS /conventions-selected/ HTTP/1.1\" 200 0", "timestamp": "2026-08-01T10:18:36.890353Z", "level": "info", "logger": "django.server"}
{"event": "Internal Server Error: /conventions-selected/", "exc_info": ["<class 'AttributeError'>", "AttributeError(\"'Dealer' object has no attribute 'set_hands_list'\")", "<traceback object at 0x7fed9a3d3440>"], "timestamp": "2026-08-01T10:18:36.904145Z", "level": "error", "logger": "django.request"}
{"event": "\"POST /conventions-selected/ HTTP/1.1\" 500 111594", "timestamp": "2026-08-01T10:18:36.905387Z", "level": "error", "logger": "django.server"}
{"event": "/home/jeff/projects/bridge/bidding-conventions-api/src/bidding_conventions/hand.py changed, reloading.", "timestamp": "2026-08-01T10:20:01.543509Z", "level": "info", "logger": "django.utils.autoreload"}
{"event": "Watching for file changes with StatReloader", "timestamp": "2026-08-01T10:20:01.801861Z", "level": "info", "logger": "django.utils.autoreload"}
{"event": "\"OPTIONS /conventions-selected/ HTTP/1.1\" 200 0", "timestamp": "2026-08-01T10:20:04.053080Z", "level": "info", "logger": "django.server"}
{"event": "Internal Server Error: /conventions-selected/", "exc_info": ["<class 'AttributeError'>", "AttributeError(\"'Dealer' object has no attribute 'set_hands_list'\")", "<traceback object at 0x7f6238081180>"], "timestamp": "2026-08-01T10:20:04.070089Z", "level": "error", "logger": "django.request"}
{"event": "\"POST /conventions-selected/ HTTP/1.1\" 500 111592", "timestamp": "2026-08-01T10:20:04.071351Z", "level": "error", "logger": "django.server"}
{"event": "/home/jeff/projects/bridge/bidding-conventions-api/src/bidding_conventions/hand.py changed, reloading.", "timestamp": "2026-08-01T12:54:43.677136Z", "level": "info", "logger": "django.utils.autoreload"}
{"event": "Watching for file changes with StatReloader", "timestamp": "2026-08-01T12:54:43.909009Z", "level": "info", "logger": "django.utils.autoreload"}
{"event": "\"OPTIONS /conventions-selected/ HTTP/1.1\" 200 0", "timestamp": "2026-08-01T12:54:46.348122Z", "level": "info", "logger": "django.server"}
{"event": "Internal Server Error: /conventions-selected/", "exc_info": ["<class 'AttributeError'>", "AttributeError(\"'list' object has no attribute 'get'\")", "<traceback object at 0x7f03838e8b00>"], "timestamp": "2026-08-01T12:54:46.367719Z", "level": "error", "logger": "django.request"}
{"event": "\"POST /conventions-selected/ HTTP/1.1\" 500 111524", "timestamp": "2026-08-01T12:54:46.368987Z", "level": "error", "logger": "django.server"}
{"event": "/home/jeff/projects/bridge/bidding-conventions-api/src/bidding_conventions/hand.py changed, reloading.", "timestamp": "2026-08-01T12:55:51.569458Z", "level": "info", "logger": "django.utils.autoreload"}
{"event": "Watching for file changes with StatReloader", "timestamp": "2026-08-01T12:55:51.811118Z", "level": "info", "logger": "django.utils.autoreload"}
{"event": "/home/jeff/projects/bridge/bidding-conventions-api/src/bidding_conventions/hand.py changed, reloading.", "timestamp": "2026-08-01T12:56:04.314423Z", "level": "info", "logger": "django.utils.autoreload"}
{"event": "Watching for file changes with StatReloader", "timestamp": "2026-08-01T12:56:04.553252Z", "level": "info", "logger": "django.utils.autoreload"}
{"event": "\"OPTIONS /conventions-selected/ HTTP/1.1\" 200 0", "timestamp": "2026-08-01T12:56:06.464042Z", "level": "info", "logger": "django.server"}
{"event": "Internal Server Error: /conventions-selected/", "exc_info": ["<class 'ValueError'>", "ValueError(\"'' is not in list\")", "<traceback object at 0x7fa3eb8af300>"], "timestamp": "2026-08-01T12:56:06.481674Z", "level": "error", "logger": "django.request"}
{"event": "\"POST /conventions-selected/ HTTP/1.1\" 500 121465", "timestamp": "2026-08-01T12:56:06.483014Z", "level": "error", "logger": "django.server"}
{"event": "/home/jeff/projects/bfg/bfgdealer/src/bfgdealer/dealer_duo.py changed, reloading.", "timestamp": "2026-08-01T12:59:16.573717Z", "level": "info", "logger": "django.utils.autoreload"}
{"event": "Watching for file changes with StatReloader", "timestamp": "2026-08-01T12:59:16.838089Z", "level": "info", "logger": "django.utils.autoreload"}
{"event": "/home/jeff/projects/bridge/bidding-conventions-api/src/bidding_conventions/hand.py changed, reloading.", "timestamp": "2026-08-01T12:59:31.326745Z", "level": "info", "logger": "django.utils.autoreload"}
{"event": "Watching for file changes with StatReloader", "timestamp": "2026-08-01T12:59:31.591748Z", "level": "info", "logger": "django.utils.autoreload"}
{"event": "/home/jeff/projects/bridge/bidding-conventions-api/src/bidding_conventions/hand.py changed, reloading.", "timestamp": "2026-08-01T12:59:45.114029Z", "level": "info", "logger": "django.utils.autoreload"}
{"event": "Watching for file changes with StatReloader", "timestamp": "2026-08-01T12:59:45.348455Z", "level": "info", "logger": "django.utils.autoreload"}
{"event": "\"OPTIONS /conventions-selected/ HTTP/1.1\" 200 0", "timestamp": "2026-08-01T12:59:47.426108Z", "level": "info", "logger": "django.server"}
{"event": "Internal Server Error: /conventions-selected/", "exc_info": ["<class 'TypeError'>", "TypeError(\"'dict' object is not callable\")", "<traceback object at 0x7f23eff5c900>"], "timestamp": "2026-08-01T12:59:47.439831Z", "level": "error", "logger": "django.request"}
{"event": "\"POST /conventions-selected/ HTTP/1.1\" 500 111467", "timestamp": "2026-08-01T12:59:47.441075Z", "level": "error", "logger": "django.server"}
{"event": "/home/jeff/projects/bridge/bidding-conventions-api/src/bidding_conventions/hand.py changed, reloading.", "timestamp": "2026-08-01T13:00:05.867631Z", "level": "info", "logger": "django.utils.autoreload"}
{"event": "Watching for file changes with StatReloader", "timestamp": "2026-08-01T13:00:06.131553Z", "level": "info", "logger": "django.utils.autoreload"}
{"event": "\"OPTIONS /conventions-selected/ HTTP/1.1\" 200 0", "timestamp": "2026-08-01T13:00:08.114931Z", "level": "info", "logger": "django.server"}
{"event": "Internal Server Error: /conventions-selected/", "exc_info": ["<class 'AttributeError'>", "AttributeError(\"'function' object has no attribute 'hands'\")", "<traceback object at 0x7f221adb6a00>"], "timestamp": "2026-08-01T13:00:08.133126Z", "level": "error", "logger": "django.request"}
{"event": "\"POST /conventions-selected/ HTTP/1.1\" 500 111774", "timestamp": "2026-08-01T13:00:08.134992Z", "level": "error", "logger": "django.server"}
{"event": "/home/jeff/projects/bridge/bidding-conventions-api/src/bidding_conventions/hand.py changed, reloading.", "timestamp": "2026-08-01T13:00:25.651604Z", "level": "info", "logger": "django.utils.autoreload"}
{"event": "Watching for file changes with StatReloader", "timestamp": "2026-08-01T13:00:25.883777Z", "level": "info", "logger": "django.utils.autoreload"}
{"event": "\"OPTIONS /conventions-selected/ HTTP/1.1\" 200 0", "timestamp": "2026-08-01T13:00:26.404643Z", "level": "info", "logger": "django.server"}
{"event": "Internal Server Error: /conventions-selected/", "exc_info": ["<class 'AttributeError'>", "AttributeError(\"'Dealer' object has no attribute 'first_seat_index'\")", "<traceback object at 0x7fe9c5fd9a00>"], "timestamp": "2026-08-01T13:00:26.420281Z", "level": "error", "logger": "django.request"}
{"event": "\"POST /conventions-selected/ HTTP/1.1\" 500 121949", "timestamp": "2026-08-01T13:00:26.421703Z", "level": "error", "logger": "django.server"}
{"event": "\"OPTIONS /conventions-selected/ HTTP/1.1\" 200 0", "timestamp": "2026-08-01T13:00:34.709313Z", "level": "info", "logger": "django.server"}
{"event": "Internal Server Error: /conventions-selected/", "exc_info": ["<class 'ValueError'>", "ValueError(\"'' is not in list\")", "<traceback object at 0x7fe9c4ee69c0>"], "timestamp": "2026-08-01T13:00:34.720893Z", "level": "error", "logger": "django.request"}
{"event": "\"POST /conventions-selected/ HTTP/1.1\" 500 121735", "timestamp": "2026-08-01T13:00:34.721821Z", "level": "error", "logger": "django.server"}
{"event": "/home/jeff/projects/bridge/bidding-conventions-api/src/bidding_conventions/hand.py changed, reloading.", "timestamp": "2026-08-01T13:03:20.861402Z", "level": "info", "logger": "django.utils.autoreload"}
{"event": "Watching for file changes with StatReloader", "timestamp": "2026-08-01T13:03:21.093596Z", "level": "info", "logger": "django.utils.autoreload"}
{"event": "\"OPTIONS /conventions-selected/ HTTP/1.1\" 200 0", "timestamp": "2026-08-01T13:03:23.948736Z", "level": "info", "logger": "django.server"}
{"event": "Internal Server Error: /conventions-selected/", "exc_info": ["<class 'AttributeError'>", "AttributeError(\"'Dealer' object has no attribute 'first_seat_index'\")", "<traceback object at 0x7f7e5427e680>"], "timestamp": "2026-08-01T13:03:23.969185Z", "level": "error", "logger": "django.request"}
{"event": "\"POST /conventions-selected/ HTTP/1.1\" 500 121972", "timestamp": "2026-08-01T13:03:23.970658Z", "level": "error", "logger": "django.server"}
{"event": "/home/jeff/projects/bfg/bfgdealer/src/bfgdealer/dealer_duo.py changed, reloading.", "timestamp": "2026-08-01T13:06:30.137456Z", "level": "info", "logger": "django.utils.autoreload"}
{"event": "Watching for file changes with StatReloader", "timestamp": "2026-08-01T13:06:30.380810Z", "level": "info", "logger": "django.utils.autoreload"}
{"event": "\"OPTIONS /conventions-selected/ HTTP/1.1\" 200 0", "timestamp": "2026-08-01T13:06:33.383529Z", "level": "info", "logger": "django.server"}
{"event": "Internal Server Error: /conventions-selected/", "exc_info": ["<class 'ValueError'>", "ValueError(\"'' is not in list\")", "<traceback object at 0x7f9a78cfdfc0>"], "timestamp": "2026-08-01T13:06:33.405321Z", "level": "error", "logger": "django.request"}
{"event": "\"POST /conventions-selected/ HTTP/1.1\" 500 128875", "timestamp": "2026-08-01T13:06:33.407887Z", "level": "error", "logger": "django.server"}
{"event": "/home/jeff/projects/bfg/bfgdealer/src/bfgdealer/dealer_duo.py changed, reloading.", "timestamp": "2026-08-01T13:13:34.178823Z", "level": "info", "logger": "django.utils.autoreload"}
{"event": "Watching for file changes with StatReloader", "timestamp": "2026-08-01T13:13:34.433776Z", "level": "info", "logger": "django.utils.autoreload"}
{"event": "/home/jeff/projects/bridge/bidding-conventions-api/src/bidding_conventions/hand.py changed, reloading.", "timestamp": "2026-08-01T13:13:43.905127Z", "level": "info", "logger": "django.utils.autoreload"}
{"event": "Watching for file changes with StatReloader", "timestamp": "2026-08-01T13:13:44.159626Z", "level": "info", "logger": "django.utils.autoreload"}
{"event": "/home/jeff/projects/bridge/bidding-conventions-api/src/bidding_conventions/hand.py changed, reloading.", "timestamp": "2026-08-01T13:14:09.666382Z", "level": "info", "logger": "django.utils.autoreload"}
{"event": "Watching for file changes with StatReloader", "timestamp": "2026-08-01T13:14:09.900843Z", "level": "info", "logger": "django.utils.autoreload"}
{"event": "/home/jeff/projects/bridge/bidding-conventions-api/src/bidding_conventions/hand.py changed, reloading.", "timestamp": "2026-08-01T13:14:23.378763Z", "level": "info", "logger": "django.utils.autoreload"}
{"event": "Watching for file changes with StatReloader", "timestamp": "2026-08-01T13:14:23.639367Z", "level": "info", "logger": "django.utils.autoreload"}
{"event": "\"OPTIONS /conventions-selected/ HTTP/1.1\" 200 0", "timestamp": "2026-08-01T13:14:26.012005Z", "level": "info", "logger": "django.server"}
{"event": "Internal Server Error: /conventions-selected/", "exc_info": ["<class 'ValueError'>", "ValueError(\"'Opening ones' is not in list\")", "<traceback object at 0x7f0724668880>"], "timestamp": "2026-08-01T13:14:26.026930Z", "level": "error", "logger": "django.request"}
{"event": "\"POST /conventions-selected/ HTTP/1.1\" 500 111463", "timestamp": "2026-08-01T13:14:26.028180Z", "level": "error", "logger": "django.server"}
{"event": "/home/jeff/projects/bfg/bfgdealer/src/bfgdealer/dealer_duo.py changed, reloading.", "timestamp": "2026-08-01T13:14:54.186252Z", "level": "info", "logger": "django.utils.autoreload"}
{"event": "Watching for file changes with StatReloader", "timestamp": "2026-08-01T13:14:54.423227Z", "level": "info", "logger": "django.utils.autoreload"}
{"event": "\"OPTIONS /conventions-selected/ HTTP/1.1\" 200 0", "timestamp": "2026-08-01T13:14:56.075043Z", "level": "info", "logger": "django.server"}
{"event": "Internal Server Error: /conventions-selected/", "exc_info": ["<class 'ValueError'>", "ValueError(\"'Opening ones' is not in list\")", "<traceback object at 0x7f517446c980>"], "timestamp": "2026-08-01T13:14:56.091150Z", "level": "error", "logger": "django.request"}
{"event": "\"POST /conventions-selected/ HTTP/1.1\" 500 111463", "timestamp": "2026-08-01T13:14:56.093303Z", "level": "error", "logger": "django.server"}
{"event": "/home/jeff/projects/bridge/bidding-conventions-api/src/bidding_conventions/hand.py changed, reloading.", "timestamp": "2026-08-01T13:15:06.920070Z", "level": "info", "logger": "django.utils.autoreload"}
{"event": "Watching for file changes with StatReloader", "timestamp": "2026-08-01T13:15:07.155699Z", "level": "info", "logger": "django.utils.autoreload"}
{"event": "\"OPTIONS /conventions-selected/ HTTP/1.1\" 200 0", "timestamp": "2026-08-01T13:15:09.105398Z", "level": "info", "logger": "django.server"}
{"event": "Internal Server Error: /conventions-selected/", "exc_info": ["<class 'TypeError'>", "TypeError(\"'method' object is not subscriptable\")", "<traceback object at 0x7f9fdc754f00>"], "timestamp": "2026-08-01T13:15:09.122104Z", "level": "error", "logger": "django.request"}
{"event": "\"POST /conventions-selected/ HTTP/1.1\" 500 111592", "timestamp": "2026-08-01T13:15:09.123318Z", "level": "error", "logger": "django.server"}
{"event": "/home/jeff/projects/bridge/bidding-conventions-api/src/bidding_conventions/hand.py changed, reloading.", "timestamp": "2026-08-01T13:15:27.668001Z", "level": "info", "logger": "django.utils.autoreload"}
{"event": "Watching for file changes with StatReloader", "timestamp": "2026-08-01T13:15:27.912833Z", "level": "info", "logger": "django.utils.autoreload"}
{"event": "\"OPTIONS /conventions-selected/ HTTP/1.1\" 200 0", "timestamp": "2026-08-01T13:15:34.434054Z", "level": "info", "logger": "django.server"}
{"event": "Internal Server Error: /conventions-selected/", "exc_info": ["<class 'TypeError'>", "TypeError(\"'method' object is not subscriptable\")", "<traceback object at 0x7f5157cad040>"], "timestamp": "2026-08-01T13:15:34.447325Z", "level": "error", "logger": "django.request"}
{"event": "\"POST /conventions-selected/ HTTP/1.1\" 500 111588", "timestamp": "2026-08-01T13:15:34.448528Z", "level": "error", "logger": "django.server"}
{"event": "/home/jeff/projects/bridge/bidding-conventions-api/src/bidding_conventions/hand.py changed, reloading.", "timestamp": "2026-08-01T13:15:57.481152Z", "level": "info", "logger": "django.utils.autoreload"}
{"event": "Watching for file changes with StatReloader", "timestamp": "2026-08-01T13:15:57.711933Z", "level": "info", "logger": "django.utils.autoreload"}
{"event": "\"OPTIONS /conventions-selected/ HTTP/1.1\" 200 0", "timestamp": "2026-08-01T13:15:59.883441Z", "level": "info", "logger": "django.server"}
{"event": "Internal Server Error: /conventions-selected/", "exc_info": ["<class 'TypeError'>", "TypeError(\"Dealer.get_set_hand() missing 1 required positional argument: 'dealer'\")", "<traceback object at 0x7f6be6eb0680>"], "timestamp": "2026-08-01T13:15:59.901163Z", "level": "error", "logger": "django.request"}
{"event": "\"POST /conventions-selected/ HTTP/1.1\" 500 111732", "timestamp": "2026-08-01T13:15:59.902378Z", "level": "error", "logger": "django.server"}
{"event": "/home/jeff/projects/bfg/bfgdealer/src/bfgdealer/dealer_duo.py changed, reloading.", "timestamp": "2026-08-01T13:17:03.364976Z", "level": "info", "logger": "django.utils.autoreload"}
{"event": "Watching for file changes with StatReloader", "timestamp": "2026-08-01T13:17:03.638972Z", "level": "info", "logger": "django.utils.autoreload"}
{"event": "/home/jeff/projects/bridge/bidding-conventions-api/src/bidding_conventions/hand.py changed, reloading.", "timestamp": "2026-08-01T13:17:12.110861Z", "level": "info", "logger": "django.utils.autoreload"}
{"event": "Watching for file changes with StatReloader", "timestamp": "2026-08-01T13:17:12.347508Z", "level": "info", "logger": "django.utils.autoreload"}
{"event": "\"OPTIONS /conventions-selected/ HTTP/1.1\" 200 0", "timestamp": "2026-08-01T13:17:15.076250Z", "level": "info", "logger": "django.server"}
{"event": "Internal Server Error: /conventions-selected/", "exc_info": ["<class 'AttributeError'>", "AttributeError(\"'Hand' object has no attribute 'diams'\")", "<traceback object at 0x7f6306f7bf00>"], "timestamp": "2026-08-01T13:17:15.140557Z", "level": "error", "logger": "django.request"}
{"event": "\"POST /conventions-selected/ HTTP/1.1\" 500 112143", "timestamp": "2026-08-01T13:17:15.141944Z", "level": "error", "logger": "django.server"}
{"event": "/home/jeff/projects/bridge/bidding-conventions-api/src/bidding_conventions/five_card_majors/opener.py changed, reloading.", "timestamp": "2026-08-01T13:18:22.033055Z", "level": "info", "logger": "django.utils.autoreload"}
{"event": "Watching for file changes with StatReloader", "timestamp": "2026-08-01T13:18:22.288924Z", "level": "info", "logger": "django.utils.autoreload"}
{"event": "\"OPTIONS /conventions-selected/ HTTP/1.1\" 200 0", "timestamp": "2026-08-01T13:18:23.710391Z", "level": "info", "logger": "django.server"}
{"event": "Internal Server Error: /conventions-selected/", "exc_info": ["<class 'AttributeError'>", "AttributeError(\"'Hand' object has no attribute 'diams'\")", "<traceback object at 0x7f332e8b3ac0>"], "timestamp": "2026-08-01T13:18:23.728205Z", "level": "error", "logger": "django.request"}
{"event": "\"POST /conventions-selected/ HTTP/1.1\" 500 116688", "timestamp": "2026-08-01T13:18:23.729604Z", "level": "error", "logger": "django.server"}
{"event": "\"OPTIONS /conventions-selected/ HTTP/1.1\" 200 0", "timestamp": "2026-08-01T13:18:28.143849Z", "level": "info", "logger": "django.server"}
{"event": "Internal Server Error: /conventions-selected/", "exc_info": ["<class 'AttributeError'>", "AttributeError(\"'Hand' object has no attribute 'diams'\")", "<traceback object at 0x7f332d51da80>"], "timestamp": "2026-08-01T13:18:28.180019Z", "level": "error", "logger": "django.request"}
{"event": "\"POST /conventions-selected/ HTTP/1.1\" 500 116687", "timestamp": "2026-08-01T13:18:28.181024Z", "level": "error", "logger": "django.server"}
{"event": "/home/jeff/projects/bridge/bidding-conventions-api/src/bidding_conventions/common.py changed, reloading.", "timestamp": "2026-08-01T13:19:13.920728Z", "level": "info", "logger": "django.utils.autoreload"}
{"event": "Watching for file changes with StatReloader", "timestamp": "2026-08-01T13:19:14.179152Z", "level": "info", "logger": "django.utils.autoreload"}
{"event": "\"OPTIONS /conventions-selected/ HTTP/1.1\" 200 0", "timestamp": "2026-08-01T13:19:15.516912Z", "level": "info", "logger": "django.server"}
{"event": "\"POST /conventions-selected/ HTTP/1.1\" 200 2878", "timestamp": "2026-08-01T13:19:15.530878Z", "level": "info", "logger": "django.server"}
{"event": "\"OPTIONS /conventions-selected/ HTTP/1.1\" 200 0", "timestamp": "2026-08-01T13:19:36.607033Z", "level": "info", "logger": "django.server"}
{"event": "\"POST /conventions-selected/ HTTP/1.1\" 200 2875", "timestamp": "2026-08-01T13:19:36.627421Z", "level": "info", "logger": "django.server"}
{"event": "\"OPTIONS /conventions-selected/ HTTP/1.1\" 200 0", "timestamp": "2026-08-01T13:19:38.569646Z", "level": "info", "logger": "django.server"}
{"event": "\"POST /conventions-selected/ HTTP/1.1\" 200 2874", "timestamp": "2026-08-01T13:19:38.573385Z", "level": "info", "logger": "django.server"}
{"event": "\"OPTIONS /conventions-selected/ HTTP/1.1\" 200 0", "timestamp": "2026-08-01T13:19:39.604159Z", "level": "info", "logger": "django.server"}
{"event": "\"POST /conventions-selected/ HTTP/1.1\" 200 2834", "timestamp": "2026-08-01T13:19:39.608363Z", "level": "info", "logger": "django.server"}
{"event": "\"OPTIONS /conventions-selected/ HTTP/1.1\" 200 0", "timestamp": "2026-08-01T13:19:40.169807Z", "level": "info", "logger": "django.server"}
{"event": "\"POST /conventions-selected/ HTTP/1.1\" 200 2876", "timestamp": "2026-08-01T13:19:40.222839Z", "level": "info", "logger": "django.server"}
{"event": "\"OPTIONS /conventions-selected/ HTTP/1.1\" 200 0", "timestamp": "2026-08-01T13:19:40.422083Z", "level": "info", "logger": "django.server"}
{"event": "\"POST /conventions-selected/ HTTP/1.1\" 200 2874", "timestamp": "2026-08-01T13:19:40.425261Z", "level": "info", "logger": "django.server"}
{"event": "\"OPTIONS /conventions-selected/ HTTP/1.1\" 200 0", "timestamp": "2026-08-01T13:19:40.628463Z", "level": "info", "logger": "django.server"}
{"event": "\"POST /conventions-selected/ HTTP/1.1\" 200 2877", "timestamp": "2026-08-01T13:19:40.638163Z", "level": "info", "logger": "django.server"}
{"event": "\"OPTIONS /conventions-selected/ HTTP/1.1\" 200 0", "timestamp": "2026-08-01T13:19:40.822555Z", "level": "info", "logger": "django.server"}
{"event": "\"POST /conventions-selected/ HTTP/1.1\" 200 2877", "timestamp": "2026-08-01T13:19:40.826164Z", "level": "info", "logger": "django.server"}
{"event": "\"OPTIONS /conventions-selected/ HTTP/1.1\" 200 0", "timestamp": "2026-08-01T13:19:41.010338Z", "level": "info", "logger": "django.server"}
{"event": "\"POST /conventions-selected/ HTTP/1.1\" 200 2874", "timestamp": "2026-08-01T13:19:41.016164Z", "level": "info", "logger": "django.server"}
{"event": "\"OPTIONS /conventions-selected/ HTTP/1.1\" 200 0", "timestamp": "2026-08-01T13:19:41.200703Z", "level": "info", "logger": "django.server"}
{"event": "\"POST /conventions-selected/ HTTP/1.1\" 200 2877", "timestamp": "2026-08-01T13:19:41.206866Z", "level": "info", "logger": "django.server"}
{"event": "\"OPTIONS /conventions-selected/ HTTP/1.1\" 200 0", "timestamp": "2026-08-01T13:19:41.402395Z", "level": "info", "logger": "django.server"}
{"event": "\"POST /conventions-selected/ HTTP/1.1\" 200 2876", "timestamp": "2026-08-01T13:19:41.442841Z", "level": "info", "logger": "django.server"}
{"event": "\"OPTIONS /conventions-selected/ HTTP/1.1\" 200 0", "timestamp": "2026-08-01T13:19:41.612774Z", "level": "info", "logger": "django.server"}
{"event": "\"POST /conventions-selected/ HTTP/1.1\" 200 2875", "timestamp": "2026-08-01T13:19:41.642397Z", "level": "info", "logger": "django.server"}
{"event": "\"OPTIONS /conventions-selected/ HTTP/1.1\" 200 0", "timestamp": "2026-08-01T13:19:41.807843Z", "level": "info", "logger": "django.server"}
{"event": "\"POST /conventions-selected/ HTTP/1.1\" 200 2877", "timestamp": "2026-08-01T13:19:41.819506Z", "level": "info", "logger": "django.server"}
{"event": "\"OPTIONS /conventions-selected/ HTTP/1.1\" 200 0", "timestamp": "2026-08-01T13:19:41.998720Z", "level": "info", "logger": "django.server"}
{"event": "\"POST /conventions-selected/ HTTP/1.1\" 200 2877", "timestamp": "2026-08-01T13:19:42.002088Z", "level": "info", "logger": "django.server"}
{"event": "\"OPTIONS /conventions-selected/ HTTP/1.1\" 200 0", "timestamp": "2026-08-01T13:19:42.200882Z", "level": "info", "logger": "django.server"}
{"event": "\"POST /conventions-selected/ HTTP/1.1\" 200 2875", "timestamp": "2026-08-01T13:19:42.241807Z", "level": "info", "logger": "django.server"}
{"event": "\"OPTIONS /conventions-selected/ HTTP/1.1\" 200 0", "timestamp": "2026-08-01T13:19:42.395929Z", "level": "info", "logger": "django.server"}
{"event": "\"POST /conventions-selected/ HTTP/1.1\" 200 2875", "timestamp": "2026-08-01T13:19:42.444904Z", "level": "info", "logger": "django.server"}
{"event": "\"OPTIONS /conventions-selected/ HTTP/1.1\" 200 0", "timestamp": "2026-08-01T13:19:42.601334Z", "level": "info", "logger": "django.server"}
{"event": "\"POST /conventions-selected/ HTTP/1.1\" 200 2877", "timestamp": "2026-08-01T13:19:42.604441Z", "level": "info", "logger": "django.server"}
{"event": "\"OPTIONS /conventions-selected/ HTTP/1.1\" 200 0", "timestamp": "2026-08-01T13:19:42.811158Z", "level": "info", "logger": "django.server"}
{"event": "_fill_pips: insufficient pips suit=3 need=5 have=4", "timestamp": "2026-08-01T13:19:42.979931Z", "level": "warning", "logger": "bfgdealer.dealer_engine"}
{"event": "\"POST /conventions-selected/ HTTP/1.1\" 200 2875", "timestamp": "2026-08-01T13:19:42.991775Z", "level": "info", "logger": "django.server"}
{"event": "\"OPTIONS /conventions-selected/ HTTP/1.1\" 200 0", "timestamp": "2026-08-01T13:19:43.029868Z", "level": "info", "logger": "django.server"}
{"event": "\"POST /conventions-selected/ HTTP/1.1\" 200 2875", "timestamp": "2026-08-01T13:19:43.032937Z", "level": "info", "logger": "django.server"}
{"event": "\"OPTIONS /conventions-selected/ HTTP/1.1\" 200 0", "timestamp": "2026-08-01T13:19:43.237834Z", "level": "info", "logger": "django.server"}
{"event": "\"POST /conventions-selected/ HTTP/1.1\" 200 2878", "timestamp": "2026-08-01T13:19:43.241228Z", "level": "info", "logger": "django.server"}
{"event": "\"OPTIONS /conventions-selected/ HTTP/1.1\" 200 0", "timestamp": "2026-08-01T13:19:43.439519Z", "level": "info", "logger": "django.server"}
{"event": "_fill_pips: insufficient pips suit=3 need=5 have=4", "timestamp": "2026-08-01T13:19:43.445682Z", "level": "warning", "logger": "bfgdealer.dealer_engine"}
{"event": "_fill_pips: insufficient pips suit=3 need=5 have=4", "timestamp": "2026-08-01T13:19:43.445797Z", "level": "warning", "logger": "bfgdealer.dealer_engine"}
{"event": "\"POST /conventions-selected/ HTTP/1.1\" 200 2875", "timestamp": "2026-08-01T13:19:43.475735Z", "level": "info", "logger": "django.server"}
{"event": "\"OPTIONS /conventions-selected/ HTTP/1.1\" 200 0", "timestamp": "2026-08-01T13:19:43.633882Z", "level": "info", "logger": "django.server"}
{"event": "\"POST /conventions-selected/ HTTP/1.1\" 200 2875", "timestamp": "2026-08-01T13:19:43.638056Z", "level": "info", "logger": "django.server"}
{"event": "\"OPTIONS /conventions-selected/ HTTP/1.1\" 200 0", "timestamp": "2026-08-01T13:19:46.523632Z", "level": "info", "logger": "django.server"}
{"event": "_fill_pips: insufficient pips suit=1 need=4 have=3", "timestamp": "2026-08-01T13:19:46.532042Z", "level": "warning", "logger": "bfgdealer.dealer_engine"}
{"event": "_fill_pips: insufficient pips suit=1 need=4 have=3", "timestamp": "2026-08-01T13:19:46.532106Z", "level": "warning", "logger": "bfgdealer.dealer_engine"}
{"event": "_fill_pips: insufficient pips suit=1 need=4 have=3", "timestamp": "2026-08-01T13:19:46.532141Z", "level": "warning", "logger": "bfgdealer.dealer_engine"}
{"event": "_fill_pips: insufficient pips suit=1 need=4 have=3", "timestamp": "2026-08-01T13:19:46.532174Z", "level": "warning", "logger": "bfgdealer.dealer_engine"}
{"event": "_fill_pips: insufficient pips suit=1 need=4 have=3", "timestamp": "2026-08-01T13:19:46.532205Z", "level": "warning", "logger": "bfgdealer.dealer_engine"}
{"event": "_fill_pips: insufficient pips suit=1 need=4 have=3", "timestamp": "2026-08-01T13:19:46.532235Z", "level": "warning", "logger": "bfgdealer.dealer_engine"}
{"event": "_fill_pips: insufficient pips suit=1 need=4 have=3", "timestamp": "2026-08-01T13:19:46.532262Z", "level": "warning", "logger": "bfgdealer.dealer_engine"}
{"event": "_fill_pips: insufficient pips suit=1 need=4 have=3", "timestamp": "2026-08-01T13:19:46.532290Z", "level": "warning", "logger": "bfgdealer.dealer_engine"}
{"event": "_fill_pips: insufficient pips suit=1 need=4 have=3", "timestamp": "2026-08-01T13:19:46.532317Z", "level": "warning", "logger": "bfgdealer.dealer_engine"}
{"event": "_fill_pips: insufficient pips suit=2 need=5 have=4", "timestamp": "2026-08-01T13:19:46.534917Z", "level": "warning", "logger": "bfgdealer.dealer_engine"}
{"event": "\"POST /conventions-selected/ HTTP/1.1\" 200 2876", "timestamp": "2026-08-01T13:19:46.538312Z", "level": "info", "logger": "django.server"}
{"event": "\"OPTIONS /conventions-selected/ HTTP/1.1\" 200 0", "timestamp": "2026-08-01T13:20:22.610516Z", "level": "info", "logger": "django.server"}
{"event": "\"POST /conventions-selected/ HTTP/1.1\" 200 2877", "timestamp": "2026-08-01T13:20:22.623938Z", "level": "info", "logger": "django.server"}
{"event": "\"OPTIONS /conventions-selected/ HTTP/1.1\" 200 0", "timestamp": "2026-08-01T13:20:54.421366Z", "level": "info", "logger": "django.server"}
{"event": "\"POST /conventions-selected/ HTTP/1.1\" 200 2874", "timestamp": "2026-08-01T13:20:54.425277Z", "level": "info", "logger": "django.server"}
{"event": "\"OPTIONS /conventions-selected/ HTTP/1.1\" 200 0", "timestamp": "2026-08-01T13:21:34.554774Z", "level": "info", "logger": "django.server"}
{"event": "\"POST /conventions-selected/ HTTP/1.1\" 200 2835", "timestamp": "2026-08-01T13:21:34.558766Z", "level": "info", "logger": "django.server"}
{"event": "\"OPTIONS /conventions-selected/ HTTP/1.1\" 200 0", "timestamp": "2026-08-01T13:21:47.407331Z", "level": "info", "logger": "django.server"}
{"event": "\"POST /conventions-selected/ HTTP/1.1\" 200 2876", "timestamp": "2026-08-01T13:21:47.414034Z", "level": "info", "logger": "django.server"}
{"event": "/home/jeff/projects/bridge/bidding-conventions-api/src/bidding_conventions/common.py changed, reloading.", "timestamp": "2026-08-01T13:22:39.252432Z", "level": "info", "logger": "django.utils.autoreload"}
{"event": "Watching for file changes with StatReloader", "timestamp": "2026-08-01T13:22:39.488253Z", "level": "info", "logger": "django.utils.autoreload"}
{"event": "/home/jeff/projects/bfg/bfgdealer/src/bfgdealer/dealer_duo.py changed, reloading.", "timestamp": "2026-08-01T13:50:39.888229Z", "level": "info", "logger": "django.utils.autoreload"}
{"event": "Watching for file changes with StatReloader", "timestamp": "2026-08-01T13:50:40.110441Z", "level": "info", "logger": "django.utils.autoreload"}
{"event": "/home/jeff/projects/bfg/bfgdealer/src/bfgdealer/dealer_solo.py changed, reloading.", "timestamp": "2026-08-01T13:51:51.746862Z", "level": "info", "logger": "django.utils.autoreload"}
{"event": "Watching for file changes with StatReloader", "timestamp": "2026-08-01T13:51:51.981808Z", "level": "info", "logger": "django.utils.autoreload"}
{"event": "/home/jeff/projects/bfg/bfgdealer/src/bfgdealer/dealer.py changed, reloading.", "timestamp": "2026-08-01T13:52:28.511822Z", "level": "info", "logger": "django.utils.autoreload"}
{"event": "Watching for file changes with StatReloader", "timestamp": "2026-08-01T13:52:28.744692Z", "level": "info", "logger": "django.utils.autoreload"}
{"event": "/home/jeff/projects/bfg/bfgdealer/src/bfgdealer/dealer_duo.py changed, reloading.", "timestamp": "2026-08-01T13:52:45.116166Z", "level": "info", "logger": "django.utils.autoreload"}
{"event": "Watching for file changes with StatReloader", "timestamp": "2026-08-01T13:52:45.361261Z", "level": "info", "logger": "django.utils.autoreload"}
{"event": "\"OPTIONS /conventions-selected/ HTTP/1.1\" 200 0", "timestamp": "2026-08-01T13:53:12.847121Z", "level": "info", "logger": "django.server"}
{"event": "\"POST /conventions-selected/ HTTP/1.1\" 200 2877", "timestamp": "2026-08-01T13:53:12.852666Z", "level": "info", "logger": "django.server"}
{"event": "\"OPTIONS /conventions-selected/ HTTP/1.1\" 200 0", "timestamp": "2026-08-01T13:53:13.538203Z", "level": "info", "logger": "django.server"}
{"event": "_fill_pips: insufficient pips suit=1 need=6 have=5", "timestamp": "2026-08-01T13:53:13.543648Z", "level": "warning", "logger": "bfgdealer.dealer_engine"}
{"event": "_fill_pips: insufficient pips suit=2 need=5 have=4", "timestamp": "2026-08-01T13:53:13.563308Z", "level": "warning", "logger": "bfgdealer.dealer_engine"}
{"event": "\"POST /conventions-selected/ HTTP/1.1\" 200 2875", "timestamp": "2026-08-01T13:53:13.651039Z", "level": "info", "logger": "django.server"}
{"event": "/home/jeff/projects/bridge/bidding-conventions-api/src/bidding_conventions/hand.py changed, reloading.", "timestamp": "2026-08-01T13:54:44.201278Z", "level": "info", "logger": "django.utils.autoreload"}
{"event": "Watching for file changes with StatReloader", "timestamp": "2026-08-01T13:54:44.468968Z", "level": "info", "logger": "django.utils.autoreload"}
{"event": "/home/jeff/projects/bridge/bidding-conventions-api/src/bidding_conventions/hand.py changed, reloading.", "timestamp": "2026-08-01T13:55:22.003465Z", "level": "info", "logger": "django.utils.autoreload"}
{"event": "Watching for file changes with StatReloader", "timestamp": "2026-08-01T13:55:22.266109Z", "level": "info", "logger": "django.utils.autoreload"}
{"event": "\"OPTIONS /conventions-selected/ HTTP/1.1\" 200 0", "timestamp": "2026-08-01T13:55:27.946305Z", "level": "info", "logger": "django.server"}
{"event": "Internal Server Error: /conventions-selected/", "exc_info": ["<class 'ValueError'>", "ValueError(\"'Opening one' is not in list\")", "<traceback object at 0x7f9ed777c800>"], "timestamp": "2026-08-01T13:55:27.959749Z", "level": "error", "logger": "django.request"}
{"event": "\"POST /conventions-selected/ HTTP/1.1\" 500 111455", "timestamp": "2026-08-01T13:55:27.960978Z", "level": "error", "logger": "django.server"}
{"event": "/home/jeff/projects/bridge/bidding-conventions-api/src/bidding_conventions/hand.py changed, reloading.", "timestamp": "2026-08-01T13:55:44.793979Z", "level": "info", "logger": "django.utils.autoreload"}
{"event": "Watching for file changes with StatReloader", "timestamp": "2026-08-01T13:55:45.030013Z", "level": "info", "logger": "django.utils.autoreload"}
{"event": "\"OPTIONS /conventions-selected/ HTTP/1.1\" 200 0", "timestamp": "2026-08-01T13:55:46.768749Z", "level": "info", "logger": "django.server"}
{"event": "Internal Server Error: /conventions-selected/", "exc_info": ["<class 'TypeError'>", "TypeError(\"Dealer.get_set_hand() missing 1 required positional argument: 'seat'\")", "<traceback object at 0x7f9891adca80>"], "timestamp": "2026-08-01T13:55:46.782635Z", "level": "error", "logger": "django.request"}
{"event": "\"POST /conventions-selected/ HTTP/1.1\" 500 111717", "timestamp": "2026-08-01T13:55:46.783815Z", "level": "error", "logger": "django.server"}
{"event": "/home/jeff/projects/bfg/bfgdealer/src/bfgdealer/dealer_solo.py changed, reloading.", "timestamp": "2026-08-01T13:56:14.587014Z", "level": "info", "logger": "django.utils.autoreload"}
{"event": "Watching for file changes with StatReloader", "timestamp": "2026-08-01T13:56:14.824300Z", "level": "info", "logger": "django.utils.autoreload"}
{"event": "\"OPTIONS /conventions-selected/ HTTP/1.1\" 200 0", "timestamp": "2026-08-01T13:56:17.257068Z", "level": "info", "logger": "django.server"}
{"event": "Internal Server Error: /conventions-selected/", "exc_info": ["<class 'TypeError'>", "TypeError(\"object of type 'int' has no len()\")", "<traceback object at 0x7fd71e2a7940>"], "timestamp": "2026-08-01T13:56:17.271317Z", "level": "error", "logger": "django.request"}
{"event": "\"POST /conventions-selected/ HTTP/1.1\" 500 119882", "timestamp": "2026-08-01T13:56:17.272703Z", "level": "error", "logger": "django.server"}
{"event": "/home/jeff/projects/bridge/bidding-conventions-api/src/bidding_conventions/hand.py changed, reloading.", "timestamp": "2026-08-01T13:56:51.410299Z", "level": "info", "logger": "django.utils.autoreload"}
{"event": "Watching for file changes with StatReloader", "timestamp": "2026-08-01T13:56:51.653517Z", "level": "info", "logger": "django.utils.autoreload"}
{"event": "\"OPTIONS /conventions-selected/ HTTP/1.1\" 200 0", "timestamp": "2026-08-01T13:56:52.842191Z", "level": "info", "logger": "django.server"}
{"event": "Internal Server Error: /conventions-selected/", "exc_info": ["<class 'TypeError'>", "TypeError(\"object of type 'int' has no len()\")", "<traceback object at 0x7fea1d9437c0>"], "timestamp": "2026-08-01T13:56:52.862480Z", "level": "error", "logger": "django.request"}
{"event": "\"POST /conventions-selected/ HTTP/1.1\" 500 119883", "timestamp": "2026-08-01T13:56:52.863864Z", "level": "error", "logger": "django.server"}
{"event": "/home/jeff/projects/bridge/bidding-conventions-api/src/bidding_conventions/hand.py changed, reloading.", "timestamp": "2026-08-01T13:57:12.144221Z", "level": "info", "logger": "django.utils.autoreload"}
{"event": "Watching for file changes with StatReloader", "timestamp": "2026-08-01T13:57:12.378423Z", "level": "info", "logger": "django.utils.autoreload"}
{"event": "/home/jeff/projects/bfg/bfgdealer/src/bfgdealer/dealer_solo.py changed, reloading.", "timestamp": "2026-08-01T13:57:47.966836Z", "level": "info", "logger": "django.utils.autoreload"}
{"event": "Watching for file changes with StatReloader", "timestamp": "2026-08-01T13:57:48.194487Z", "level": "info", "logger": "django.utils.autoreload"}
{"event": "\"OPTIONS /conventions-selected/ HTTP/1.1\" 200 0", "timestamp": "2026-08-01T13:57:50.129715Z", "level": "info", "logger": "django.server"}
{"event": "\"POST /conventions-selected/ HTTP/1.1\" 200 2877", "timestamp": "2026-08-01T13:57:50.137144Z", "level": "info", "logger": "django.server"}
{"event": "\"OPTIONS /conventions-selected/ HTTP/1.1\" 200 0", "timestamp": "2026-08-01T13:58:07.711874Z", "level": "info", "logger": "django.server"}
{"event": "\"POST /conventions-selected/ HTTP/1.1\" 200 2875", "timestamp": "2026-08-01T13:58:07.717243Z", "level": "info", "logger": "django.server"}
{"event": "\"OPTIONS /conventions-selected/ HTTP/1.1\" 200 0", "timestamp": "2026-08-01T13:58:17.726607Z", "level": "info", "logger": "django.server"}
{"event": "\"POST /conventions-selected/ HTTP/1.1\" 200 2875", "timestamp": "2026-08-01T13:58:17.731176Z", "level": "info", "logger": "django.server"}
{"event": "\"OPTIONS /conventions-selected/ HTTP/1.1\" 200 0", "timestamp": "2026-08-01T13:58:26.907597Z", "level": "info", "logger": "django.server"}
{"event": "\"POST /conventions-selected/ HTTP/1.1\" 200 2877", "timestamp": "2026-08-01T13:58:26.912550Z", "level": "info", "logger": "django.server"}
{"event": "\"OPTIONS /conventions-selected/ HTTP/1.1\" 200 0", "timestamp": "2026-08-01T13:58:35.941458Z", "level": "info", "logger": "django.server"}
{"event": "\"POST /conventions-selected/ HTTP/1.1\" 200 2875", "timestamp": "2026-08-01T13:58:35.946911Z", "level": "info", "logger": "django.server"}
{"event": "\"OPTIONS /conventions-selected/ HTTP/1.1\" 200 0", "timestamp": "2026-08-01T13:58:50.474348Z", "level": "info", "logger": "django.server"}
{"event": "\"POST /conventions-selected/ HTTP/1.1\" 200 2875", "timestamp": "2026-08-01T13:58:50.480394Z", "level": "info", "logger": "django.server"}
{"event": "/home/jeff/projects/bridge/bidding-conventions-api/src/bidding_conventions/hand.py changed, reloading.", "timestamp": "2026-08-01T13:59:16.922465Z", "level": "info", "logger": "django.utils.autoreload"}
{"event": "Watching for file changes with StatReloader", "timestamp": "2026-08-01T13:59:17.162012Z", "level": "info", "logger": "django.utils.autoreload"}
{"event": "/home/jeff/projects/bridge/bidding-conventions-api/src/bidding_conventions/five_card_majors/opener.py changed, reloading.", "timestamp": "2026-08-01T14:00:41.848859Z", "level": "info", "logger": "django.utils.autoreload"}
{"event": "Watching for file changes with StatReloader", "timestamp": "2026-08-01T14:00:42.097287Z", "level": "info", "logger": "django.utils.autoreload"}
{"event": "\"OPTIONS /conventions-selected/ HTTP/1.1\" 200 0", "timestamp": "2026-08-01T14:00:43.484379Z", "level": "info", "logger": "django.server"}
{"event": "\"POST /conventions-selected/ HTTP/1.1\" 200 2677", "timestamp": "2026-08-01T14:00:43.490769Z", "level": "info", "logger": "django.server"}
{"event": "\"OPTIONS /conventions-selected/ HTTP/1.1\" 200 0", "timestamp": "2026-08-01T14:00:50.227256Z", "level": "info", "logger": "django.server"}
{"event": "\"POST /conventions-selected/ HTTP/1.1\" 200 2676", "timestamp": "2026-08-01T14:00:50.231775Z", "level": "info", "logger": "django.server"}
{"event": "\"OPTIONS /conventions-selected/ HTTP/1.1\" 200 0", "timestamp": "2026-08-01T14:00:51.125506Z", "level": "info", "logger": "django.server"}
{"event": "\"POST /conventions-selected/ HTTP/1.1\" 200 2675", "timestamp": "2026-08-01T14:00:51.128929Z", "level": "info", "logger": "django.server"}
{"event": "/home/jeff/projects/bridge/bidding-conventions-api/src/bidding_conventions/five_card_majors/opener.py changed, reloading.", "timestamp": "2026-08-01T14:01:48.724910Z", "level": "info", "logger": "django.utils.autoreload"}
{"event": "Watching for file changes with StatReloader", "timestamp": "2026-08-01T14:01:48.957528Z", "level": "info", "logger": "django.utils.autoreload"}
{"event": "\"OPTIONS /conventions-selected/ HTTP/1.1\" 200 0", "timestamp": "2026-08-01T14:01:50.428057Z", "level": "info", "logger": "django.server"}
{"event": "\"POST /conventions-selected/ HTTP/1.1\" 200 2694", "timestamp": "2026-08-01T14:01:50.434707Z", "level": "info", "logger": "django.server"}
{"event": "\"OPTIONS /conventions-selected/ HTTP/1.1\" 200 0", "timestamp": "2026-08-01T14:01:52.007172Z", "level": "info", "logger": "django.server"}
{"event": "\"POST /conventions-selected/ HTTP/1.1\" 200 2692", "timestamp": "2026-08-01T14:01:52.012822Z", "level": "info", "logger": "django.server"}
{"event": "/home/jeff/projects/bridge/bidding-conventions-api/src/bidding_conventions/five_card_majors/opener.py changed, reloading.", "timestamp": "2026-08-01T14:01:58.424371Z", "level": "info", "logger": "django.utils.autoreload"}
{"event": "Watching for file changes with StatReloader", "timestamp": "2026-08-01T14:01:58.666551Z", "level": "info", "logger": "django.utils.autoreload"}
{"event": "\"OPTIONS /conventions-selected/ HTTP/1.1\" 200 0", "timestamp": "2026-08-01T14:01:59.792010Z", "level": "info", "logger": "django.server"}
{"event": "\"POST /conventions-selected/ HTTP/1.1\" 200 2677", "timestamp": "2026-08-01T14:01:59.798692Z", "level": "info", "logger": "django.server"}
{"event": "\"OPTIONS /conventions-selected/ HTTP/1.1\" 200 0", "timestamp": "2026-08-01T14:03:00.924332Z", "level": "info", "logger": "django.server"}
{"event": "\"POST /conventions-selected/ HTTP/1.1\" 200 2675", "timestamp": "2026-08-01T14:03:00.928069Z", "level": "info", "logger": "django.server"}
{"event": "\"OPTIONS /conventions-selected/ HTTP/1.1\" 200 0", "timestamp": "2026-08-01T14:03:08.318710Z", "level": "info", "logger": "django.server"}
{"event": "\"POST /conventions-selected/ HTTP/1.1\" 200 2675", "timestamp": "2026-08-01T14:03:08.323804Z", "level": "info", "logger": "django.server"}
{"event": "\"OPTIONS /conventions-selected/ HTTP/1.1\" 200 0", "timestamp": "2026-08-01T14:03:17.150073Z", "level": "info", "logger": "django.server"}
{"event": "\"POST /conventions-selected/ HTTP/1.1\" 200 2677", "timestamp": "2026-08-01T14:03:17.154017Z", "level": "info", "logger": "django.server"}
{"event": "\"OPTIONS /conventions-selected/ HTTP/1.1\" 200 0", "timestamp": "2026-08-01T14:03:32.993015Z", "level": "info", "logger": "django.server"}
{"event": "\"POST /conventions-selected/ HTTP/1.1\" 200 2675", "timestamp": "2026-08-01T14:03:32.997299Z", "level": "info", "logger": "django.server"}
{"event": "\"OPTIONS /conventions-selected/ HTTP/1.1\" 200 0", "timestamp": "2026-08-01T14:03:48.293152Z", "level": "info", "logger": "django.server"}
{"event": "\"POST /conventions-selected/ HTTP/1.1\" 200 2676", "timestamp": "2026-08-01T14:03:48.297532Z", "level": "info", "logger": "django.server"}
{"event": "\"OPTIONS /conventions-selected/ HTTP/1.1\" 200 0", "timestamp": "2026-08-01T14:03:49.075022Z", "level": "info", "logger": "django.server"}
{"event": "\"POST /conventions-selected/ HTTP/1.1\" 200 2677", "timestamp": "2026-08-01T14:03:49.078757Z", "level": "info", "logger": "django.server"}
{"event": "\"OPTIONS /conventions-selected/ HTTP/1.1\" 200 0", "timestamp": "2026-08-01T14:03:50.008221Z", "level": "info", "logger": "django.server"}
{"event": "\"POST /conventions-selected/ HTTP/1.1\" 200 2677", "timestamp": "2026-08-01T14:03:50.011794Z", "level": "info", "logger": "django.server"}
{"event": "\"OPTIONS /conventions-selected/ HTTP/1.1\" 200 0", "timestamp": "2026-08-01T14:03:50.669307Z", "level": "info", "logger": "django.server"}
{"event": "\"POST /conventions-selected/ HTTP/1.1\" 200 2675", "timestamp": "2026-08-01T14:03:50.673887Z", "level": "info", "logger": "django.server"}
{"event": "\"OPTIONS /conventions-selected/ HTTP/1.1\" 200 0", "timestamp": "2026-08-01T14:03:51.290902Z", "level": "info", "logger": "django.server"}
{"event": "\"POST /conventions-selected/ HTTP/1.1\" 200 2678", "timestamp": "2026-08-01T14:03:51.294459Z", "level": "info", "logger": "django.server"}
{"event": "\"OPTIONS /conventions-selected/ HTTP/1.1\" 200 0", "timestamp": "2026-08-01T14:03:51.967478Z", "level": "info", "logger": "django.server"}
{"event": "\"POST /conventions-selected/ HTTP/1.1\" 200 2677", "timestamp": "2026-08-01T14:03:51.971863Z", "level": "info", "logger": "django.server"}
{"event": "\"OPTIONS /conventions-selected/ HTTP/1.1\" 200 0", "timestamp": "2026-08-01T14:03:52.530153Z", "level": "info", "logger": "django.server"}
{"event": "\"POST /conventions-selected/ HTTP/1.1\" 200 2675", "timestamp": "2026-08-01T14:03:52.534178Z", "level": "info", "logger": "django.server"}
{"event": "\"OPTIONS /conventions-selected/ HTTP/1.1\" 200 0", "timestamp": "2026-08-01T14:03:53.114881Z", "level": "info", "logger": "django.server"}
{"event": "\"POST /conventions-selected/ HTTP/1.1\" 200 2677", "timestamp": "2026-08-01T14:03:53.118864Z", "level": "info", "logger": "django.server"}
{"event": "\"OPTIONS /conventions-selected/ HTTP/1.1\" 200 0", "timestamp": "2026-08-01T14:03:53.654898Z", "level": "info", "logger": "django.server"}
{"event": "\"POST /conventions-selected/ HTTP/1.1\" 200 2677", "timestamp": "2026-08-01T14:03:53.658785Z", "level": "info", "logger": "django.server"}
{"event": "\"OPTIONS /conventions-selected/ HTTP/1.1\" 200 0", "timestamp": "2026-08-01T14:03:54.126035Z", "level": "info", "logger": "django.server"}
{"event": "\"POST /conventions-selected/ HTTP/1.1\" 200 2675", "timestamp": "2026-08-01T14:03:54.129828Z", "level": "info", "logger": "django.server"}
{"event": "\"GET /static-data/ HTTP/1.1\" 200 909456", "timestamp": "2026-08-01T14:04:50.554560Z", "level": "info", "logger": "django.server"}
{"event": "\"OPTIONS /conventions-selected/ HTTP/1.1\" 200 0", "timestamp": "2026-08-01T14:04:53.179751Z", "level": "info", "logger": "django.server"}
{"event": "\"POST /conventions-selected/ HTTP/1.1\" 200 2675", "timestamp": "2026-08-01T14:04:53.186728Z", "level": "info", "logger": "django.server"}
{"event": "\"OPTIONS /conventions-selected/ HTTP/1.1\" 200 0", "timestamp": "2026-08-01T14:04:56.467006Z", "level": "info", "logger": "django.server"}
{"event": "\"POST /conventions-selected/ HTTP/1.1\" 200 2677", "timestamp": "2026-08-01T14:04:56.473825Z", "level": "info", "logger": "django.server"}
{"event": "\"OPTIONS /conventions-selected/ HTTP/1.1\" 200 0", "timestamp": "2026-08-01T14:04:57.781644Z", "level": "info", "logger": "django.server"}
{"event": "\"POST /conventions-selected/ HTTP/1.1\" 200 2675", "timestamp": "2026-08-01T14:04:57.786273Z", "level": "info", "logger": "django.server"}
{"event": "\"GET /static-data/ HTTP/1.1\" 200 909456", "timestamp": "2026-08-01T14:05:12.468969Z", "level": "info", "logger": "django.server"}
{"event": "/home/jeff/projects/bridge/bidding-conventions-api/src/bidding_conventions/question.py changed, reloading.", "timestamp": "2026-08-01T14:05:42.771122Z", "level": "info", "logger": "django.utils.autoreload"}
{"event": "Watching for file changes with StatReloader", "timestamp": "2026-08-01T14:05:42.998709Z", "level": "info", "logger": "django.utils.autoreload"}
{"event": "\"OPTIONS /conventions-selected/ HTTP/1.1\" 200 0", "timestamp": "2026-08-01T14:05:46.158795Z", "level": "info", "logger": "django.server"}
{"event": "\"POST /conventions-selected/ HTTP/1.1\" 200 2677", "timestamp": "2026-08-01T14:05:46.165559Z", "level": "info", "logger": "django.server"}
{"event": "\"OPTIONS /conventions-selected/ HTTP/1.1\" 200 0", "timestamp": "2026-08-01T14:05:47.186420Z", "level": "info", "logger": "django.server"}
{"event": "\"POST /conventions-selected/ HTTP/1.1\" 200 2676", "timestamp": "2026-08-01T14:05:47.189762Z", "level": "info", "logger": "django.server"}
{"event": "\"OPTIONS /conventions-selected/ HTTP/1.1\" 200 0", "timestamp": "2026-08-01T14:05:47.857618Z", "level": "info", "logger": "django.server"}
{"event": "\"POST /conventions-selected/ HTTP/1.1\" 200 2675", "timestamp": "2026-08-01T14:05:47.861330Z", "level": "info", "logger": "django.server"}
{"event": "/home/jeff/projects/bridge/bidding-conventions-api/src/bidding_conventions/question.py changed, reloading.", "timestamp": "2026-08-01T14:06:31.615521Z", "level": "info", "logger": "django.utils.autoreload"}
{"event": "Watching for file changes with StatReloader", "timestamp": "2026-08-01T14:06:31.899839Z", "level": "info", "logger": "django.utils.autoreload"}
{"event": "\"OPTIONS /conventions-selected/ HTTP/1.1\" 200 0", "timestamp": "2026-08-01T14:06:33.231796Z", "level": "info", "logger": "django.server"}
{"event": "\"POST /conventions-selected/ HTTP/1.1\" 200 2677", "timestamp": "2026-08-01T14:06:33.237336Z", "level": "info", "logger": "django.server"}
{"event": "\"GET /static-data/ HTTP/1.1\" 200 909456", "timestamp": "2026-08-01T14:07:23.585490Z", "level": "info", "logger": "django.server"}
{"event": "\"OPTIONS /conventions-selected/ HTTP/1.1\" 200 0", "timestamp": "2026-08-01T14:07:25.978881Z", "level": "info", "logger": "django.server"}
{"event": "\"POST /conventions-selected/ HTTP/1.1\" 200 2675", "timestamp": "2026-08-01T14:07:25.982461Z", "level": "info", "logger": "django.server"}
{"event": "\"OPTIONS /conventions-selected/ HTTP/1.1\" 200 0", "timestamp": "2026-08-01T14:07:27.192238Z", "level": "info", "logger": "django.server"}
{"event": "\"POST /conventions-selected/ HTTP/1.1\" 200 2675", "timestamp": "2026-08-01T14:07:27.196519Z", "level": "info", "logger": "django.server"}
{"event": "\"OPTIONS /conventions-selected/ HTTP/1.1\" 200 0", "timestamp": "2026-08-01T14:07:28.348201Z", "level": "info", "logger": "django.server"}
{"event": "\"POST /conventions-selected/ HTTP/1.1\" 200 2677", "timestamp": "2026-08-01T14:07:28.352072Z", "level": "info", "logger": "django.server"}
{"event": "/home/jeff/projects/bridge/bidding-conventions-api/src/bidding_conventions/question.py changed, reloading.", "timestamp": "2026-08-01T14:07:58.620600Z", "level": "info", "logger": "django.utils.autoreload"}
{"event": "Watching for file changes with StatReloader", "timestamp": "2026-08-01T14:07:58.871809Z", "level": "info", "logger": "django.utils.autoreload"}
{"event": "\"GET /static-data/ HTTP/1.1\" 200 909456", "timestamp": "2026-08-01T14:08:20.173938Z", "level": "info", "logger": "django.server"}
{"event": "/home/jeff/projects/bridge/bidding-conventions-api/src/bidding_conventions/five_card_majors/opener.py changed, reloading.", "timestamp": "2026-08-01T14:08:41.453389Z", "level": "info", "logger": "django.utils.autoreload"}
{"event": "Watching for file changes with StatReloader", "timestamp": "2026-08-01T14:08:41.685350Z", "level": "info", "logger": "django.utils.autoreload"}
{"event": "\"OPTIONS /conventions-selected/ HTTP/1.1\" 200 0", "timestamp": "2026-08-01T14:08:44.109681Z", "level": "info", "logger": "django.server"}
{"event": "\"POST /conventions-selected/ HTTP/1.1\" 200 2689", "timestamp": "2026-08-01T14:08:44.115517Z", "level": "info", "logger": "django.server"}
{"event": "\"OPTIONS /conventions-selected/ HTTP/1.1\" 200 0", "timestamp": "2026-08-01T14:08:45.421484Z", "level": "info", "logger": "django.server"}
{"event": "\"POST /conventions-selected/ HTTP/1.1\" 200 2687", "timestamp": "2026-08-01T14:08:45.426544Z", "level": "info", "logger": "django.server"}
{"event": "\"OPTIONS /conventions-selected/ HTTP/1.1\" 200 0", "timestamp": "2026-08-01T14:08:46.252074Z", "level": "info", "logger": "django.server"}
{"event": "\"POST /conventions-selected/ HTTP/1.1\" 200 2687", "timestamp": "2026-08-01T14:08:46.256536Z", "level": "info", "logger": "django.server"}
{"event": "/home/jeff/projects/bridge/bidding-conventions-api/src/bidding_conventions/five_card_majors/opener.py changed, reloading.", "timestamp": "2026-08-01T14:09:37.313967Z", "level": "info", "logger": "django.utils.autoreload"}
{"event": "Watching for file changes with StatReloader", "timestamp": "2026-08-01T14:09:37.558770Z", "level": "info", "logger": "django.utils.autoreload"}
{"event": "Watching for file changes with StatReloader", "timestamp": "2026-08-01T14:15:58.384234Z", "level": "info", "logger": "django.utils.autoreload"}
